개방자치단체코드,관리번호,낚시터명,낚시터유형,소재지도로명주소,소재지지번주소,WGS84위도,WGS84경도,낚시터전화번호,수면적,주요어종,최대수용인원,수상시설물유형,이용요금,주요포인트,안전시설현황,편익시설현황,주변관광지,관리기관전화번호,관리기관명,데이터기준일자,데이터갱신구분,데이터갱신시점,최종수정시점
3000000,202030000001000001,착한붕어 낚시카페,기타,"서울특별시 종로구 대학로8가길 52, 지하1층 (동숭동)",서울특별시 종로구 동숭동 1-48 지하1층,37.582964,127.002648,02-741-1733,48.3,붕어,20,없음,"1시간(성인:10천원, 초,중,고 학생:9천원)",,명부환+소화기+구급약품+전기설비,화장실+쓰레기통,,02-2148-2276,종로구청,2020-07-09,I,2026-05-15 18:45:51,2020-07-09 20:08:55
3000000,202130000001000001,가자실내낚시카페 대학로점,기타,"서울특별시 종로구 대학로12길 61, 계우빌딩 (동숭동)",서울특별시 종로구 동숭동 1-88 계우빌딩,37.5795,126.9998,02-765-2733,209.34,붕어,30,실내낚시터,"1시간 10,000원",,"소화기, 방송통신시설","방송시설, 화장실 등",,,종로구청,2025-10-22,I,2026-05-15 18:45:51,2025-10-22 09:22:47
3110000,202131100001000002,입큰붕어낚시카페,기타,"서울특별시 은평구 은평로 101, 지하1층 (응암동)",서울특별시 은평구 응암동 90-14,,,,185,-,30,-,"10,000원/시간",,-,-,,,구본진,2021-06-30,I,2026-05-15 18:45:51,2022-01-19 14:08:08
3110000,202131100001000001,잉어킹낚시카페,기타,"서울특별시 은평구 연서로26길 8, 지하1층 (대조동)",서울특별시 은평구 대조동 200-2,,,,63,민물고기,24,-,"10,000원/시간",,구급함 구비,음료 자판대,,,엄기숙,2021-06-30,I,2026-05-15 18:45:51,2022-01-19 14:06:01
3140000,202531400001000001,보드타는물고기,기타,"서울특별시 양천구 지양로 34, 지하1층층 (신월동)",서울특별시 양천구 신월동 991-12,,,02-2691-2733,30,붕어,20,좌대,"10,000원(시간당)",,"구명부환, 소화기, 구급약품, 전기설비(방송)",쓰레기통 화장실,,,서울특별시 양천구,2026-05-14,U,2026-05-15 03:03:03,2026-05-14 08:55:48
3280000,202032800001000001,동삼어촌계 유어장 낚시터,바다,부산광역시 영도구 하리해안길 17-5,부산광역시 영도구 동삼동 1181,35.06978643,129.0812768,051-404-0798,164000,"도다리, 볼락류 등 기타해면어류",144,바지형 해상낚시터4동,"성인 25,000원, 어린이 15,000원  *낚시대 대어료 :5,000원",낚시터 주변 해역,"구명부환, 구명조끼, 소화기, 구급약품 등","화장실, 통신장치 등","태종대, 흰여울문화마을 등",051-419-4501,부산광역시 영도구청,2026-05-14,U,2026-05-15 03:03:03,2026-05-14 09:11:39
3320000,202233200001000001,부산실내바다낚시터,기타,"부산광역시 북구 효열로 275, 지하1층 (금곡동)",부산광역시 북구 금곡동 55-2 지하1층,35.26720059,129.0183491,051-362-3338,62.5,"바다랍스터,능성어,돌돔,참돔 등",24,고정형,"30,000원",,"구명부환,소화기,구급약품","화장실, 세면소, 쓰레기통",없음,051-309-4474,부산광역시 북구,2025-10-01,I,2026-05-15 18:45:51,2025-10-27 16:27:48
3360000,202033600001000001,제일낚시터,평지,부산광역시 강서구 낙동북로73번가길 200-5 (강동동),부산광역시 강서구 강동동 10-2,35.22365536,128.940412,051-972-6782,2120,"붕어, 잉어",30,해당없음,"15,000원",,"구명조끼, 구명부환, 소화기 등","관리실, 방송실, 화장실, 세면소 등",김해왕릉,051-970-4502,부산광역시 강서구청,2026-05-08,I,2026-05-15 18:45:51,2026-05-08 13:47:43
3360000,202033600001000002,천성낚시터,바다,부산광역시 강서구 거가대로 2571 (천성동),부산광역시 강서구 천성동 488-6,35.02053193,128.80943772,051-972-3727,1364,해면어류,35,수상방갈로,문의,,"구명조끼, 구명부환, 소화기 등","관리실, 방송실, 화장실, 세면소 등",연대봉,051-970-4502,부산광역시 강서구청,2026-05-08,I,2026-05-15 18:45:51,2026-05-08 13:46:21
3400000,202134000001000003,이오피쉬,기타,"부산광역시 기장군 기장읍 대변로 153, 이오피쉬",부산광역시 기장군 기장읍 대변리 418-3,35.2257,129.2288,,254,"우럭, 참돔 등",50,없음,"70,000원",,"구명조끼,소화기 등","화장실, 쓰레기통",,,기장군청 해양수산과,2023-05-02,I,2026-05-15 18:45:51,2023-05-02 15:40:59
3400000,202134000001000001,대원관광농원,저수지,"부산광역시 기장군 기장읍 내리길 57, 대원관광농원",부산광역시 기장군 기장읍 내리 701-27 대원관광농원,35.211047,129.2039,051-721-5862,1599,"잉어,붕어",50,없음,"10,000원",,"구명조끼, 소화기 등","화장실, 쓰레기통",,,기장군청 해양수산과,2023-05-02,I,2026-05-15 18:45:51,2023-05-02 15:41:15
3400000,202134000001000002,용소사계절,저수지,"부산광역시 기장군 장안읍 기장대로 1665-73, 용소사계절",부산광역시 기장군 장안읍 용소리 170-4,35.34273,129.24519,,276,붕어,50,없음,"10,000원",,"구명조끼,소화기 등","화장실, 쓰레기통",,,기장군청 해양수산과,2023-05-02,I,2026-05-15 18:45:51,2023-05-02 15:41:07
3450000,202234500001000004,낭만물고기실내바다낚시터,기타,대구광역시 북구 칠곡중앙대로 447(관음동),대구광역시 북구 관음동 1402-2,35.5609,128.3255,,0.02,"우럭,장어,강도다리,줄돔",30,해당없음,"35,000원",,구명부환2개+구명줄2+소화기2+구급약세트3개,화장실1+세면장1,,,낭만물고기실내바다낚시터,2026-06-23,U,2026-06-24 22:28:25,2026-06-23 13:54:20
3450000,202234500001000002,동화낚시터,기타,대구광역시 북구 동변로 24길 106(동변동),대구광역시 북구 동변동 132,35.92974,128.603563,053-955-8527,0.18,잉어+향어,20,해당없음,"15,000원",,구명부환2개+구명줄2+소화기3+구급약세트1개,화장실2+세면장1,,,동화낚시터,2026-06-23,U,2026-06-24 22:28:25,2026-06-23 13:54:36
3450000,202234500001000001,눈큰실내낚시터,기타,대구광역시 북구 태전로 57 (태전동),대구광역시 북구 태전동 254-32,35.9254,128.54324,,40,붕어 등,20,해당없음,"1시간 10,000원 2시간 15,000원",,구명중 구명튜브,화장실 흡연실 창고,,,눈큰실내낚시터,2026-06-23,U,2026-06-24 22:28:25,2026-06-23 13:55:24
3450000,202234500001000003,무태낚시터,기타,,"대구광역시 북구 연경동 570-14, 570-35",35.935017,128.608374,053-951-1177,0.14,잉어+향어,23,해당없음,"15,000원",,구명부환2개+구명줄2+소화기3+구급약세트1개,화장실2+세면장1,,,무태낚시터,2026-06-23,U,2026-06-24 22:28:25,2026-06-23 13:54:28
3480000,202534800001000004,도채낚시터,저수지,대구광역시 달성군 하빈면 묘동3길 122-60,대구광역시 달성군 하빈면 묘리 585-3,35.91802965,128.4215712,,13256,붕어+잉어,40,없음,"15,000",,구명부환+구급약품+소화기,화장실+쓰레기통,,053-668-2192,대구광역시 달성군청,2025-10-17,I,2026-05-15 18:45:51,2025-10-20 13:30:44
3480000,202534800001000002,남동지낚시터,저수지,,대구광역시 달성군 논공읍 남리 926,35.7210637,128.4502054,,2343,붕어+잉어,99,고정형,"15,000",,구명부환+구급약품+소화기,화장실+쓰레기통,,053-668-2192,대구광역시 달성군청,2025-10-17,I,2026-05-15 18:45:51,2025-10-20 13:30:44
3480000,202534800001000006,구지실내바다낚시터,기타,대구광역시 달성군 구지면 달성2차5로 3,대구광역시 달성군 구지면 내리 842-21,35.6412405,128.420164,,57,우럭+참돔,20,없음,"33,000",,구명부환+구급약품+소화기,화장실+쓰레기통,,053-668-2192,대구광역시 달성군청,2025-10-17,I,2026-05-15 18:45:51,2025-10-20 13:30:44
3480000,202534800001000001,약산낚시터,저수지,대구광역시 달성군 논공읍 약산덧재길 159,대구광역시 달성군 논공읍 하리 327-3,35.74332817,128.4354565,,1680,붕어+잉어,75,부유형+고정형,"15,000",,구명부환+구급약품+소화기,화장실+쓰레기통,,053-668-2192,대구광역시 달성군청,2025-10-17,I,2026-05-15 18:45:51,2025-10-20 13:30:44
3480000,202534800001000003,가곡낚시터,저수지,대구광역시 달성군 하빈면 하빈로 738-1,대구광역시 달성군 하빈면 무등리 274,35.92279194,128.4667287,,3508,붕어+잉어,40,없음,"15,000",,구명부환+구급약품+소화기,화장실+쓰레기통,,053-668-2192,대구광역시 달성군청,2025-10-17,I,2026-05-15 18:45:51,2025-10-20 13:30:44
3480000,202534800001000005,대평낚시터,저수지,대구광역시 달성군 하빈면 하빈로 832,대구광역시 달성군 하빈면 대평리 934,35.93002896,128.4692446,,9018,붕어+잉어,80,고정형,"15,000",,구명부환+구급약품+소화기,화장실+쓰레기통,,053-668-2192,대구광역시 달성군청,2025-10-17,I,2026-05-15 18:45:51,2025-10-20 13:30:44
3491000,202434910001000003,천혜바다낚시터,저수지,인천광역시 영종구 중산로 124 (중산동),인천광역시 영종구 중산동 1125-13,,,032-747-3300,22500,-,220,수상좌대,"80,000원/일",,구명부환+구명조끼+소화기+구급약품,카페,,,인천 영종구,2024-07-22,I,2026-07-14 13:16:44,2024-07-22 12:33:31
3491000,202434910001000002,영종뚜루실내바다낚시터,기타,"인천광역시 영종구 영종진광장로 45, 3층 (중산동)",인천광역시 영종구 중산동 1938-8,,,,800,-,30,없음,"33,000원/2시간",,구명부환+구명조끼+소화기+구급약품,카페,,,인천 영종구,2024-07-22,I,2026-07-14 13:16:44,2024-07-22 12:33:19
3491000,202034910001000002,(주)영종레저,바다,"인천광역시 영종구 영종순환로 279-20, 만정낚시터 (중산동)",인천광역시 영종구 중산동 1853 만정낚시터,37.5154665,126.5499277,032-747-1133,53945,돔+점성어+붕어,340,최대,"60,000원(성인남성기준)",,구명부환+구명조끼+소화기+구급약품,화장실,,032-760-8948,인천광역시 영종구 농수산과,2020-09-10,I,2026-07-14 13:16:44,2020-12-04 16:27:11
3491000,202034910001000001,㈜정성레저,바다,인천광역시 영종구 백운로186번길 140-1 (중산동),인천광역시 영종구 중산동 1852,37.51420751,126.5436932,032-751-1515,28540,"돔, 점성어",250,없음,"70,000원(성인남성기준)",,구명부환+구명조끼+소화기+구급약품,화장실+매점,,032-760-8948,인천광역시 영종구청,2020-09-10,I,2026-07-14 13:16:44,2020-12-04 16:15:11
3501000,202035010001000004,포인트실내낚시카페낚시터,기타,"인천광역시 제물포구 우현로 63, 몽벨,대한애경미용학원,이용화이비인후과 (내동)","인천광역시 제물포구 내동 203-6 몽벨,대한애경미용학원,이용화이비인후과",37.4728317,126.6289879,032-762-3494,36.21,잉어+붕어,18,없음,"10,000(시간당/성인남성기준)",,구명부환+구명조끼+소화기+구급약품,화장실,,032-760-8948,인천광역시 중구청 농수산과,2020-09-10,I,2026-07-14 13:32:37,2020-12-04 16:34:15
3501000,202435010001000001,J&D 실내바다낚시터,기타,"인천광역시 제물포구 서해대로417번길 2, 재향군인회관 지1층 (신흥동2가)",인천광역시 제물포구 신흥동2가 54-7 재향군인회관,,,070-7543-3213,899,-,30,없음,"40,000원/3시간",,구명부환+구명조끼+소화기+구급약품,카페,,,인천 중구,2024-07-22,I,2026-07-14 13:32:37,2024-07-22 12:33:04
3510500,202435105001000003,주주실내낚시클럽,기타,"인천광역시 미추홀구 주안로 113, 덕진빌딩 지하2층 (주안동)",인천광역시 미추홀구 주안동 130-5 덕진빌딩,37.46425733,126.6822339,032-437-1837,77.25,잉어+붕어,30,없음,(1시간)10000,,구명부환+구명줄+소화기,화장실,,032-880-4675,인천광역시 미추홀구청,2025-11-12,I,2026-05-15 18:45:51,2025-11-12 15:05:10
3510500,202435105001000004,도시어부낚시카페,기타,"인천광역시 미추홀구 주안로104번길 24, 지하2층제2호(주안동)",인천광역시 미추홀구 주안동 143-1,37.46282174,126.6809926,032-442-8678,80,잉어+붕어,80,없음,(1시간)10000,,구명부환+구명줄+소화기,화장실,,032-880-4675,인천광역시 미추홀구청,2025-11-12,I,2026-05-15 18:45:51,2025-11-12 15:04:37
3530000,202635300001000007,소래바다낚시터,기타,인천광역시 남동구 소래로 154번길 25-40(논현동),인천광역시 남동구 논현동 33-14,37.40682335,126.7405419,,1857,우럭+감성돔+돗돔+능성어,40,고정형,"40,000",,구명부환+소화기+구급약품,화장실+세면대+주차장+ATM,,032-453-6083,인천광역시 남동구청,2026-05-22,,2026-05-23 23:00:16,2026-05-22 17:09:41
3530000,202635300001000006,남촌낚시터,기타,인천광역시 남동구 남촌로 67번길 60-3(남촌동),인천광역시 남동구 남촌동 582,37.4266899,126.7128884,,1771,붕어+잉어+향어,40,고정형,"20,000",,구명부환+소화기+구급약품,화장실+세면대+주차장,,032-453-6083,인천광역시 남동구청,2026-05-22,,2026-05-23 23:00:16,2026-05-22 17:09:41
3530000,202635300001000005,또와또 실내낚시터,기타,인천광역시 남동구 남동대로 881 지하층(간석동),인천광역시 남동구 간석동 284-2,37.4656135,126.707077,,35,잉어+향어,25,고정형,"성인: 10,000 + 청소년: 8,000 + 초등미만: 5,000",,구명부환+소화기+구급약품,화장실+세면대+무선인터넷+흡연실,,032-453-6083,인천광역시 남동구청,2026-05-22,,2026-05-23 23:00:16,2026-05-22 17:09:41
3530000,202635300001000004,얼빵 낚시카페,기타,"인천광역시 남동구 인주대로 580, 지하 2층(구월동)",인천광역시 남동구 구월동 1126,37.4497578,126.6991131,,32,잉어+향어,17,고정형,"성인: 10,000 + 초등: 8,000",,구명부환+소화기+구급약품,화장실+세면대+무선인터넷+흡연실,,032-453-6083,인천광역시 남동구청,2026-05-22,,2026-05-23 23:00:16,2026-05-22 17:09:41
3530000,202635300001000003,어썸 실내낚시카페,기타,"인천광역시 남동구 백범로 417, 지하1층(간석동)",인천광역시 남동구 간석동 238-9,37.4672684,126.7025735,,58,잉어+붕어+향어,28,고정형,"성인: 11,000 + 청소년: 9,000 + 초등: 6,000",,구명부환+소화기+구급약품,화장실+세면대+주차장+무선인터넷+흡연실,,032-453-6083,인천광역시 남동구청,2026-05-22,,2026-05-23 23:00:16,2026-05-22 17:09:41
3530000,202635300001000001,파도바다 실내낚시터,기타,"인천광역시 남동구 남동대로 897번길 5, 제지층(간석동)",인천광역시 남동구 간석동 283-1 제지층,37.4623753,126.7077663,,60,우럭+방어+도다리+참돔,20,고정형,"1시간 25,000 + 3시간 40,000",,구명부환+소화기+구급약품,화장실+세면대+주차장+무선인터넷+흡연실,,032-453-6083,인천광역시 남동구청,2026-05-22,,2026-05-23 23:00:16,2026-05-22 17:09:41
3530000,202635300001000002,놀러와 실내낚시터,기타,"인천광역시 남동구 백범로 203, 지층 102호(만수동)",인천광역시 남동구 만수동 897-2,37.45945344,126.7261954,,63,잉어+향어,20,고정형,"성인: 12,000 + 청소년: 10,000 + 초등 :6,000",,구명부환+소화기+구급약품,화장실+세면대+주차장+무선인터넷+흡연실,,032-453-6083,인천광역시 남동구청,2026-05-22,,2026-05-23 23:00:16,2026-05-22 17:09:41
3550000,202135500001000001,DMZ실내낚시터,기타,"인천광역시 계양구 경명대로 1056, 지층 1호 (계산동)",인천광역시 계양구 계산동 944-9,37.5432864094,126.724138055,070-4118-0702,76.72,"잉어, 붕어",30,고정형,"시간당 10,000원",,"구명부환, 구명조끼, 소화기, 구급약품","화장실, 분리수거통",,,인천광역시 계양구청,2026-05-01,I,2026-05-15 18:45:51,2026-05-12 09:09:59
3561000,201735610001000002,놀이터 실내낚시카페,기타,"인천광역시 서해구 가정로 208, 지하 1층 (석남동)",인천광역시 서해구 석남동 540-15,,,,61.8,"메기, 향어",30,없음,"남성 : 11,000원 여성 : 10,000원 어린이 : 8,000원 커플 : 20,000원",,"구명부환, 소화기","휴식공간, 화장실, 흡연실",,032-560-4453,인천광역시 서해구,2024-07-23,I,2026-07-14 14:30:35,2024-07-23 10:52:12
3561000,201935610001000001,대동실내낚시터,기타,"인천광역시 서해구 심곡로 133, 대동상가 지하 1층 (심곡동)",인천광역시 서해구 심곡동 285 대동아파트,,,0507-138-4893,40,붕어,20,없음,"성인 기본 1시간 11,000원",,"구명부환, 소화기","휴게실, 화장실",,032-560-4453,인천광역시 서해구청,2024-07-23,I,2026-07-14 14:30:35,2024-07-23 10:50:28
3565000,201635650001000001,가현산낚시터,평지,인천광역시 검단구 가현산로23번길 87 (마전동),인천광역시 검단구 마전동 3,,,032-563-4637,3300,향어,60,없음,"1일 35,000원",,"소화기, 구급약품, 구명부환 등","세면대, 화장실",,032-560-4453,인천광역시 검단구,2024-07-23,I,2026-07-01 10:16:31,2024-07-23 10:54:59
3565000,201735650001000001,두밀촌 낚시터,평지,인천광역시 검단구 두밀로 91 (대곡동),인천광역시 검단구 대곡동 260,,,,2347,붕어,136,없음,"1일 30,000원",,"구명부환, 소화기, 방송시설 등",화장실,,032-560-4453,인천광역시 검단구,2024-07-23,I,2026-07-01 10:16:31,2024-07-23 10:54:06
3565000,202435650001000001,뚜루실내바다낚시터,기타,"인천광역시 검단구 세자봉로 97-12, 공장 (금곡동)",인천광역시 검단구 금곡동 90-8 공장,,,0507-135-8422,128,"민어, 참돔, 점농어 등",20,해당없음,"2시간 : 33,000원 4시간 : 44,000원 7시간 : 66,000원",,"구명환, 소화기, 방송시설",화장실,,032-560-4453,인천광역시검단구,2024-07-23,I,2026-07-01 10:16:31,2024-07-23 10:46:40
3565000,201935650001000002,인천 락 실내바다낚시터,기타,인천광역시 검단구 한서로 36-10 (백석동),인천광역시 검단구 백석동 212-70,,,032-563-7949,373,활바다가재,40,없음,"3시간 : 45,000원 6시간 : 80,000원 9시간 : 100,000원",,"구명부환, 구명줄, 소화기 6개","화장실, 세면대",,032-560-4453,인천광역시 검단구청,2024-07-23,I,2026-07-01 10:16:31,2024-07-23 10:49:15
3565000,201835650001000002,낭만물고기,기타,"인천광역시 검단구 검단로 492, 지하 1층 (마전동)",인천광역시 검단구 마전동 979-4,,,0507-140-5125,30,"메기, 잉어, 향어",20,실내,"성인남성 1시간 : 11,000원 성인여성 1시간 : 9,900원",,"구명부환2, 구명동의 2, 소화기 1",화장실,,032-560-4453,인천광역시 검단구청,2024-07-23,I,2026-07-01 10:16:31,2024-07-23 10:51:07
3570000,202635700001000015,강화바다낚시터,기타,인천광역시 강화군 길상면 초지리 1251-354외,,37.372752,126.315943,,5900,넙치+참돔+우럭,130,해당없음,90000,,소화기 등,화장실+쓰레기통,,,인천광역시 강화군,2026-06-01,I,2026-06-02 22:58:25,2026-06-01 17:38:06
3570000,202635700001000007,항포낚시터,저수지,인천광역시 강화군 삼산면 석모리 1148,,37.70636707,126.2840291,,528000,붕어+잉어,50,해당없음,20000,,구명조끼+소화기 등,화장실+쓰레기통,,,인천광역시 강화군,2026-06-01,I,2026-06-02 22:58:25,2026-06-01 17:38:06
3570000,202635700001000006,신선지낚시터,저수지,인천광역시 강화군 내가면 고천리 1852-1,,37.72045498,126.4152577,,38000,붕어+잉어,80,잔교형좌대,30000,,구명조끼+소화기 등,화장실+쓰레기통,,,인천광역시 강화군,2026-06-01,I,2026-06-02 22:58:25,2026-06-01 17:38:06
3570000,202635700001000005,길정낚시터,저수지,인천광역시 강화군 양도면 길정리 403-1,,37.66259233,126.467195,,497000,붕어+잉어,58,해당없음,20000,,구명조끼+소화기 등,화장실+쓰레기통,,,인천광역시 강화군,2026-06-01,I,2026-06-02 22:58:25,2026-06-01 17:38:06
3570000,202635700001000004,오류내낚시터,저수지,인천광역시 강화군 송해면 하도리 621,,37.75926215,126.4520722,,117700,붕어+잉어,50,해당없음,20000,,구명조끼+소화기 등,화장실+쓰레기통,,,인천광역시 강화군,2026-06-01,I,2026-06-02 22:58:25,2026-06-01 17:38:06
3570000,202635700001000003,국화낚시터,저수지,인천광역시 강화군 강화읍 국화리 450,,37.74460253,126.4619292,,238400,붕어+잉어,50,연안방갈로,75000,,구명조끼+소화기 등,화장실+쓰레기통,,,인천광역시 강화군,2026-06-01,I,2026-06-02 22:58:25,2026-06-01 17:38:06
3570000,202635700001000009,길상낚시터,저수지,인천광역시 강화군 길상면 장흥리 16,,37.62515984,126.5012775,,39200,붕어+잉어,150,잔교형좌대,30000,,구명조끼+소화기 등,화장실+쓰레기통,,,인천광역시 강화군,2026-06-01,I,2026-06-02 22:58:25,2026-06-01 17:38:06
3570000,202635700001000002,내가낚시터,저수지,인천광역시 강화군 내가면 고천리 462,,37.72518794,126.3936217,,30000,붕어+잉어,50,연안방갈로,20000,,구명조끼+소화기 등,화장실+쓰레기통,,,인천광역시 강화군,2026-06-01,I,2026-06-02 22:58:25,2026-06-01 17:38:06
3570000,202635700001000010,강화바다낚시터,기타,인천광역시 강화군 길상면 장흥리 276-5,,37.60690383,126.5168784,,2250,우럭+광어,50,해당없음,60000,,구명조끼+소화기 등,화장실+쓰레기통,,,인천광역시 강화군,2026-06-01,I,2026-06-02 22:58:25,2026-06-01 17:38:06
3570000,202635700001000011,강화선두바다낚시터,기타,인천광역시 강화군 길상면 선두리 976-20,,37.60086755,126.4935967,,8810,우럭+광어,85,해당없음,60000,,구명조끼+소화기 등,화장실+쓰레기통,,,인천광역시 강화군,2026-06-01,I,2026-06-02 22:58:25,2026-06-01 17:38:06
3570000,202635700001000012,어류정낚시터,기타,인천광역시 강화군 삼산면 매음리 114-72,,37.66107251,126.336902,,135000,붕어+잉어,40,해당없음,20000,,구명조끼+소화기 등,화장실+쓰레기통,,,인천광역시 강화군,2026-06-01,I,2026-06-02 22:58:25,2026-06-01 17:38:06
3570000,202635700001000013,황산초지사계절바다낚시터,기타,"인천광역시 강화군 길상면 초지리 1325-57, 1325-58-, 1325-59",,37.62125051,126.5347876,,850,우럭+광어,70,해당없음,60000,,구명조끼+소화기 등,화장실+쓰레기통,,,인천광역시 강화군,2026-06-01,I,2026-06-02 22:58:25,2026-06-01 17:38:06
3570000,202635700001000001,황청낚시터,저수지,인천광역시 강화군 내가면 황청리 531,,37.71508509,126.3638447,,68000,붕어+잉어,200,잔교형좌대,30000,,구명조끼+소화기 등,화장실+쓰레기통,,,인천광역시 강화군,2026-06-01,I,2026-06-02 22:58:25,2026-06-01 17:38:06
3570000,202635700001000008,동검낚시터,저수지,인천광역시 강화군 길상면 동검리 109-1,,37.58768059,126.5222735,,25088,우럭+광어,100,해당없음,60000,,구명조끼+소화기 등,화장실+쓰레기통,,,인천광역시 강화군,2026-06-01,I,2026-06-02 22:58:25,2026-06-01 17:38:06
3570000,202635700001000014,삼성낚시터,기타,인천광역시 강화군 불은면 삼성리 1123 외,,37.414703,126.262973,,6726,붕어+잉어,47,연안방갈로,70000,,구명조끼+소화기 등,화장실+쓰레기통,,,인천광역시 강화군,2026-06-01,I,2026-06-02 22:58:25,2026-06-01 17:38:06
3580000,201535800001000002,영흥바다낚시터,기타,"인천광역시 옹진군 영흥면 영흥로176번길 21, 낚시터",인천광역시 옹진군 영흥면 내리 38-4 낚시터,,,032-882-7780,32500,"농어, 능성어, 우럭, 돔류 등",200,없음,"20시간 남성 77,000원 20시간 여성 55,000원 20시간 초등학생 55,000원",해수낚시터,"구명환, 구명줄, 소화기, 구급약","화장실, 매점, 주차장, 방가로",,032-899-2733,옹진군,2020-12-14,I,2026-05-15 18:45:51,2020-12-14 10:57:52
3580000,201835800001000001,용담낚시터,기타,"인천광역시 옹진군 영흥면 영흥남로9번길 309, 용담어촌계축양장",인천광역시 옹진군 영흥면 외리 21-6 용담어촌계축양장,,,032-886-8969,27000,"돔류, 병어,  다금바리, 민어 등",200,없음,"12시간 60,000원",해수낚시터,"구명환, 소화기, 구급약품","방갈로, 화장실, 매점",,032-899-2733,옹진군,2020-12-14,I,2026-05-15 18:45:51,2020-12-14 10:57:29
3580000,201835800001000002,선재낚시터,기타,"인천광역시 옹진군 영흥면 선재로265번길 103, 선재고물상",인천광역시 옹진군 영흥면 선재리 산 24-2 선재고물상,,,,19000,"돔류, 농어, 우럭, 홍민어 등",200,수상 방가로,"12시간 77,000원 2시간 45,000원 방가로 이용 40,000원",해수낚시터,"구명환, 구명줄, 구급약품","매점, 방가로, 휴게실, 주차장",,032-899-2733,옹진군,2020-12-14,I,2026-05-15 18:45:51,2020-12-14 10:57:13
3580000,201935800001000001,내동저수지낚시터,저수지,인천광역시 옹진군 영흥면 내동로 100-15,인천광역시 옹진군 영흥면 내리 496-52,,,032-884-8282,7668,"붕어, 잉어, 메기, 가물치 등",78,방가로,"24시간 30,000원",민물 저수지 낚시터,"구명환, 구명조끼, 구급약","방가로, 공동취사장, 공동수면실, 화장실, 샤워실, 매점",,032-899-2733,옹진군,2020-12-14,I,2026-05-15 18:45:51,2020-12-14 10:57:01
3580000,201735800001000001,선재 낚시공원 낚시터,기타,인천광역시 옹진군 영흥면 선재로226번길 164,인천광역시 옹진군 영흥면 선재리 521-34,,,032-710-4340,19027,"돔류, 바리류, 민어, 병어, 농어",218,없음,"12시간 남성 100,000원 12시간 여성 80,000원 12시간 초중생 70,000원",해수낚시터,"구명환, 소화기, 구급약품","식당, 매점, 펜션, 카페,주차장",,032-899-2733,옹진군,2020-12-14,I,2026-05-15 18:45:51,2020-12-14 10:57:42
3640000,202536400001000001,산내낚시터,저수지,,대전광역시 동구 하소동 481-2,,,042-273-0693,9000,잉어,100,잔교형좌대,"1일 20,000원",,"유선방송시설, 구급약품시설 등","매점, 화장실, 휴식장",,042-251-4646,동구청 지역산업과,2026-05-12,I,2026-05-15 18:45:51,2026-05-12 16:23:31
3650000,202036500001000001,물만난고기,기타,"대전 중구 대종로 488번길 39, 지하(은행동)",,36.329039,127.42833,,61,붕어 등,33,해당없음,"10,000원",,구명부환+소화기+구급약품,화장실+휴지통,,,대전광역시 중구청,2022-06-17,I,2026-05-15 18:45:51,2022-06-17 15:11:06
3650000,202636500001000001,물만난고기,기타,"대전광역시 중구 대종로 488번길 39, 지하(은행동)",대전광역시 중구 은행동 45-2,36.329039,127.42833,042-252-2225,61,붕어 등,33,해당없음,"10,000원",,구명부환+소화기+구급약품,화장실+휴지통,,042-606-7264,대전광역시 중구청,2026-04-30,,2026-05-27 22:28:25,2026-05-26 17:26:04
3650000,202436500001000002,물만난고기,기타,"대전광역시 중구 대종로 488번길 39, 지하(은행동)",대전광역시 중구 은행동 45-2,36.329039,127.42833,042-252-2225,61,붕어 등,33,해당없음,"10,000원",,구명부환+소화기+구급약품,화장실+휴지통,,042-606-7264,대전광역시 중구청,2024-06-30,I,2026-05-15 18:45:51,2024-08-01 13:37:57
3650000,202336500001000001,물만난고기,기타,"대전광역시 중구 대종로 488번길 39, 지하(은행동)",대전광역시 중구 은행동 45-2,36.329039,127.42833,042-252-2225,61,붕어 등,33,해당없음,"10,000원",,구명부환+소화기+구급약품,화장실+휴지통,,042-606-7264,대전광역시 중구청,2023-08-24,I,2026-05-15 18:45:51,2023-08-29 09:06:10
3650000,202536500001000001,물만난고기,기타,"대전광역시 중구 대종로 488번길 39, 지하(은행동)",대전광역시 중구 은행동 45-2,36.329039,127.42833,042-252-2225,61,붕어 등,33,해당없음,"10,000원",,구명부환+소화기+구급약품,화장실+휴지통,,042-606-7264,대전광역시 중구청,2025-09-30,I,2026-05-15 18:45:51,2025-11-07 11:09:28
3650000,202436500001000001,물만난고기,기타,"대전광역시 중구 대종로 488번길 39, 지하(은행동)",대전광역시 중구 은행동 45-2,36.329039,127.42833,042-252-2225,61,붕어 등,33,해당없음,"10,000원",,구명부환+소화기+구급약품,화장실+휴지통,,042-606-7264,대전광역시 중구청,2024-01-01,I,2026-05-15 18:45:51,2024-02-05 09:58:58
3660000,202536600001000001,대전실내바다낚시터,기타,대전광역시 서구 구봉산북로7번길 62-12 (관저동),대전광역시 서구 관저동 1949-3,36.29730635,127.3240351,,187,"우럭, 광어, 농어, 참돔",20,없음,"38,000원",,구명부환+구명조끼+소방설비,화장실+세면소+쓰레기통,없음,042-288-2470,대전광역시 서구청,2025-09-10,,2026-05-19 22:28:25,2026-05-18 13:08:03
3660000,202336600001000001,Love낚시카페,기타,"대전광역시 서구 관저로 160, 지하1층",,36.29872121,127.3395894,042-544-4222,54,"붕어, 잉어",30,없음,"10,000원",,구명부환+구명조끼+소방설비,화장실+세면소+쓰레기통,없음,042-288-2470,대전광역시 서구청,2023-04-13,I,2026-05-15 18:45:51,2023-04-13 16:42:52
3660000,202336600001000002,우명실내낚시터,기타,대전광역시 서구 우명길 148(우명동),,36.2287571,127.2935111,042-841-9545,1486,"붕어, 잉어",50,없음,"15,000원",,구명부환+구명조끼+소방설비,화장실+세면소+쓰레기통,없음,042-288-2470,대전광역시 서구청,2023-04-13,I,2026-05-15 18:45:51,2023-04-13 16:42:52
3690000,202036900001000001,낚시의 신,기타,"울산광역시 중구 젊음의1거리 7, 지하1층 (성남동)",울산광역시 중구 성남동 219-130,35.5534,129.3188,,32.19,"향어, 잉어, 붕어",14,실내 낚시(카페형),"성인 12,000원 미성년 8,000원 커플 22,000원",,"구명부환(2개), 소화기(1개), 구급약품(1개), 방송시설(1개소)","화장실, 매점, 구급약품",,,울산광역시 중구청 경제정책과,2025-11-04,I,2026-05-15 18:45:51,2025-11-04 14:20:57
3710000,202537100001000002,해적바다실내낚시터,기타,"울산광역시 동구 화잠로 105, 지하 1층(방어동)",울산광역시 동구 방어동 1024-12,35.47849091,129.413984,052-975-1136,57.31,"참돔, 점성어",25,고정형,"2시간 35,000원, 3시간 40,000원, 6시간 65,000원",,"소화기, 구급약품","화장실, 쓰레기통",,052-209-3366,울산광역시 동구청,2025-12-05,I,2026-05-15 18:45:51,2025-12-05 10:11:56
3720000,202237200001000002,당사해양낚시공원,바다,울산광역시 북구 용바위1길 58 (당사동),울산광역시 북구 당사동 508,35.581079,129.455723,052-282-1116,720,"볼락, 우럭, 쏨뱅이, 전갱이 등",500,잔교식 좌대,"1. 낚   시 : (성인)10,000원, (청소년) 5,000원 2. 입장료 : (성인) 1,000원, (청소년) 500원",,"안전사다리, 소화기, 구명조끼, 구명줄, 구명부환","화장실,관리사무실, 쓰레기통","강동누리길, 강동사랑길, 우가어촌체험마을, 강동오토캠핑장 등",052-282-1116,울산수협 당사어촌계,2026-05-21,U,2026-05-22 03:03:03,2026-05-21 15:42:56
3730000,202537300001000001,울산바다관광농원,기타,울산광역시 울주군 서생면 해맞이로 1078-68,울산광역시 울주군 서생면 진하리 97-1,35.391006,129.342481,,2026,참돔+우럭,20,-,"70,000원/8시간",,구명부환+구급약품+소화기,"화장실, 세면소, 쓰레기통",,,울산광역시 울주군청,2025-11-05,U,2026-05-27 03:03:03,2026-05-26 19:19:19
3730000,202137300001000001,송정유료낚시터,바다,울산광역시 서생면 해맞이로 1331,울산광역시 울주군 서생면 대송리 339-8,35.36690,129.35324,052-239-5900,10000,"우럭, 노래미, 농어 등",80,수상좌대,"가두리낚시 : 66,000원 생활 낚시 : 33,000원 체험낚시 : 10,000원 *초등학생 50%할인",,구명부환+구명조끼+소화기+구급약품+계류설비,화장실+분리수거통,,,울산광역시 울주군청,2022-11-17,I,2026-05-15 18:45:51,2022-11-17 16:01:12
3730000,202137300001000002,원실내낚시터,기타,울산광역시 울주군 온산읍 신온8길 20-6,울산광역시 울주군 온산읍 덕신리 433-7,35.4292604,129.3109347,052-239-2211,57,잉어+붕어,16,낚시카페,"35,000(2시간), 40,000원(3시간), 50,000원(4시간), 60,000(5시간)",,구명부환+구급약품+소화기,화장실+분리수거통,,,울산광역시 울주군청,2022-11-17,U,2026-05-27 03:03:03,2026-05-26 19:18:44
3740000,202637400001000003,해적왕실내낚시카페,기타,"경기도 수원시 팔달구 효원로307번길 47, 문화빌딩 지하1층 (인계동)",경기도 수원시 팔달구 인계동 1121-6 문화빌딩,37.26302406,127.0359218,031-223-1123,88.5,잉어류,30,고정형,"10,000원",,구멍부환+구명조끼+소화기+구급약품,화장실,,031-5191-2917,수원시 농업기술센터,2026-05-18,,2026-05-19 21:58:25,2026-05-18 10:12:48
3740000,202637400001000002,수원실내낚시터,기타,"경기도 수원시 권선구 권선로 652, 지하1층 (권선동)",경기도 수원시 권선구 권선동 967,37.26012603,127.0224305,031-233-2733,86,잉어류,26,고정형,"10,000원",,구멍부환+구명조끼+소화기+구급약품,화장실,,031-5191-2917,수원시 농업기술센터,2026-05-18,,2026-05-19 21:58:25,2026-05-18 10:12:53
3740000,202637400001000001,도심어부,기타,"경기도 수원시 영통구 영통로 232, 지하1층 (영통동, 두산.우성.한신아파트)",경기도 수원시 영통구 영통동 973-3 두산.우성.한신아파트,37.24841817,127.0584843,031-205-7872,21.98,가재류,10,고정형,"10,000원",,구멍부환+구명조끼+소화기+구급약품,화장실,,031-5191-2917,수원시 농업기술센터,2026-05-18,,2026-05-19 21:58:25,2026-05-18 10:12:58
3820000,202038200001000001,자일낚시터,저수지,경기도 의정부시 호국로1860번길 79,,37.771560,127.105302,,2181,잉어류,50,수상좌대,"20,000",,구명부환+소화기+구급약품,화장실+분리수거통,,031-828-4032,의정부시 도시농업과,2024-01-11,I,2026-05-15 18:45:51,2024-01-11 17:12:10
3820000,202038200001000003,또또와 실내낚시카페,기타,경기도 의정부시 추동로19번길 7,,37.743652,127.057607,,271.78,잉어류+메기류,21,해당없음,"10,000(1시간기준)",,구명부환+소화기+구급약품,화장실+분리수거통,,031-828-4032,의정부시 도시농업과,2024-01-11,I,2026-05-15 18:45:51,2024-01-11 17:10:26
3820000,202038200001000002,가자실내낚시터,기타,경기도 의정부시 시민로 117(의정부동),,37.738678,127.048320,,265.2,잉어류,20,해당없음,"10,000(1시간기준)",,구명부환+소화기+구급약품,화장실+분리수거통,,031-828-4032,의정부시 도시농업과,2024-01-11,I,2026-05-15 18:45:51,2024-01-11 17:11:44
3830000,202638300001000001,Love낚시카페 안양점,기타,"경기도 안양시 만안구 장내로139번길 14, 지하1층 B01호(안양동)",,37.3962,126.9205,,50,잉어 등,21,고정형,"성인 1시간:12,000원/유아~초등생 1시간:10,000원",,"구명부환,구명부환의 구명줄,휴대식 소화기3개,구급약품",휴게실,,,안양시청 위생정책과,2026-05-20,,2026-05-22 21:58:25,2026-05-21 10:37:10
3860000,202438600001000001,아마존실내낚시터,기타,"경기도 부천시 원미구 부흥로 404, 지하1층","경기도 부천시 원미구 심곡동 155-1, 지하1층",37.4896579,126.78513,032-657-1253,175,"붕어, 비단잉어, 송어 등",40,고정형,"남:1만1천, 여:1만, 청소년이하:8천, 커플:1만8천",,구명부환+구명조끼+소화기+구급약품+배수설비+전기설비,화장실+분리수거통,,,부천시청,2025-10-23,I,2026-05-15 18:45:51,2025-10-23 15:52:56
3900000,202339000001000001,아방리낚시터,저수지,경기도 광명시 범안로 740-12 (노온사동),경기도 광명시 노온사동 455,37.4425983,126.856398,,36608,잉어+붕어,140,고정형,"30,000원",,"구명부환, 소화기, 구명줄, 구급약품 등","화장실, 쓰레기통",,,경기도 광명시,2025-07-16,I,2026-05-15 18:45:51,2025-07-16 09:00:03
3900000,202339000001000003,못난이샤크 실내바다낚시터,기타,"경기도 광명시 광명로 858, 지하1층 (광명동)",경기도 광명시 광명동 295-18,37.4756438,126.852954,02-2299-4580,24.94,잉어+붕어,14,고정형,"38,000원(2시간, 부가세별도)",,"구명부환, 소화기, 구명줄, 구급약품 등","화장실, 쓰레기통",,,경기도 광명시,2025-07-16,I,2026-05-15 18:45:51,2025-07-16 08:59:35
3900000,202339000001000002,샘터낚시터,저수지,경기도 광명시 장절로 96-33 (노온사동),경기도 광명시 노온사동 833-2,37.4313547,126.8571543,,7068,잉어+붕어,90,고정형,"30,000원",,"구명부환, 소화기, 구명줄, 구급약품 등","화장실, 쓰레기통",,,경기도 광명시,2025-07-16,I,2026-05-15 18:45:51,2025-07-16 08:59:47
3910000,202439100001000002,안중락실내바다낚시터,기타,경기도 평택시 안중읍 서동대로 1758,,36.9919455,126.944868,,180,"우럭, 강도다리, 감성돔 등",33,고정형,"3시간 44,000원6시간 66,000원8시간 77,000원",,구명부환+소화기+구급약품+전기설비,화장실+쓰레기통,,,경기도 평택시청,2026-05-22,U,2026-05-23 03:03:03,2026-05-22 08:53:23
3910000,202439100001000008,고잔낚시터,저수지,경기도 평택시 청북읍 고잔리 1-1,,37.067541,126.909627,,1170000,붕어+잉어,250,고정형,"1일 25,000원 (손맛)1일 35,000원 (자비)",,구명부환+소화기+구급약품+전기설비,화장실+쓰레기통,,,경기도 평택시청,2026-05-22,U,2026-05-23 03:03:03,2026-05-22 08:52:18
3910000,202439100001000003,낚시 훈련소,기타,경기도 평택시 문화촌로 9,,36.996613,127.113874,,33,"잉어, 향어 등",25,고정형,"1시간 12,000원 (성인)1시간 12,000원 (중고생)1시간  9,000원 (초등생)",,구명부환+소화기+구급약품+전기설비,화장실+쓰레기통,,,경기도 평택시청,2026-05-22,U,2026-05-23 03:03:03,2026-05-22 08:53:14
3910000,202439100001000005,고현낚시터,평지,경기도 평택시 고현길 38-48,,37.130793,127.096181,,6110,붕어+잉어,30,고정형,"1일 15,000원 (08:00~18:00)1일 10,000원 (19:00~23:00)",,구명부환+소화기+구급약품+전기설비,화장실+쓰레기통,,,경기도 평택시청,2026-05-22,U,2026-05-23 03:03:03,2026-05-22 08:52:46
3910000,202439100001000009,월곡낚시터,저수지,경기도 평택시 관동길 20,,37.021253,127.130075,,10000,붕어+잉어,50,고정형,"1일 15000원 (평일, 휴일)",,구명부환+소화기+구급약품+전기설비,화장실+쓰레기통,,,경기도 평택시청,2026-05-22,U,2026-05-23 03:03:03,2026-05-22 08:52:07
3910000,202439100001000001,피쉬실내바다낚시터,기타,경기도 평택시 포승읍 고렴1길 35,,37.0540876,126.92064,,200,"우럭, 광어 등",30,고정형,"[주간]3시간 : 44,000원6시간 : 66,000원[야간]4시간 : 44,000원7시간 : 66,000원",,구명부환+소화기+구급약품+전기설비,화장실+쓰레기통,,,경기도 평택시청,2026-05-22,U,2026-05-23 03:03:03,2026-05-22 08:53:30
3910000,202439100001000006,동막낚시터,저수지,경기도 평택시 동막길 127,,37.074396,127.096081,,10000,붕어+잉어,40,고정형,"1일 15000원 (평일, 휴일)",,구명부환+소화기+구급약품+전기설비,화장실+쓰레기통,,,경기도 평택시청,2026-05-22,U,2026-05-23 03:03:03,2026-05-22 08:52:36
3910000,202439100001000007,울성낚시터,저수지,경기도 평택시 울성길 237-20,,37.016293,127.05912,,1440000,붕어+잉어,80,고정형,"1일 15000원 (평일, 휴일)",,구명부환+소화기+구급약품+전기설비,화장실+쓰레기통,,,경기도 평택시청,2026-05-22,U,2026-05-23 03:03:03,2026-05-22 08:52:28
3910000,202439100001000004,덕목리205낚시터,평지,경기도 평택시 덕목5길 117-1,,36.9542,126.969356,,2410,붕어+잉어,20,고정형,"1일 20000원 (평일, 휴일)",,구명부환+소화기+구급약품+전기설비,화장실+쓰레기통,,,경기도 평택시청,2026-05-22,U,2026-05-23 03:03:03,2026-05-22 08:52:56
3910000,202539100001000001,권관항 낚시터,바다,"경기도 평택시 현덕면 서동대로 55, 인근 공유수면",경기도 평택시 현덕면 권관리 564-22,36.905511,126.901374,,537.5,망둥어 등,30,수상좌대,,,구명부환+소화기+구급약품+전기설비,"화장실, 세면소, 낚시관리선 2척",,,경기도 평택시청,2026-05-22,U,2026-05-23 03:03:03,2026-05-22 08:51:51
3920000,202639200001000001,또또와 실내낚시터,기타,"경기도 동두천시 중앙로 110-17, 501호","경기도 동두천시 지행동 719-3, 501호",37.891436,127.053281,,49.06,"붕어, 향어",32,없음,"11,000",,"구명줄, 소화기, 구급약품","관리사무실, 매점",소요산,031-860-2387,농업축산과,2026-05-19,,2026-05-20 21:28:25,2026-05-19 16:51:43
3920000,202639200001000002,죠스송어낚시터 당일피크닉,기타,경기도 동두천시 삼육사로 1422-36,경기도 동두천시 탑동동 30통 3반,37.917462,127.149591,,297,송어,100,없음,"10,000",,"구명줄, 소화기, 구급약품","관리사무실, 매점",소요산,031-860-2387,농업축산과,2026-05-19,,2026-05-20 21:28:25,2026-05-19 16:51:43
3930000,202639300001000011,대부도바다낚시터,바다,"경기도 안산시 단원구 대부북동 1870-71, 대부도바다낚시터 (대부북동)",,37.27823388,126.5514075,,11835,우럭+참돔+농어+점성어 등,300,없음,"1일 90,000원",,"구명부환12,구명조끼3,소화기11,구급약품,화장실6,세면소3,쓰레기통10,관리사무소,방송시설",매점,,031-481-3693,해양수산과,2026-05-15,,2026-05-16 21:58:25,2026-05-15 14:40:07
3930000,202639300001000014,황금낚시터,평지,"경기도 안산시 단원구 대부황금로 82, 황금낚시터(선감동)",,37.19916272,126.6451919,,368,장어+랍스터,76,없음,"1일 99,000원",,"구명부환3소화기2,화장실2 및 세면소 1,관리사무소,구급약품세트1",관리사무소 등,,031-481-3693,해양수산과,2026-05-15,,2026-05-16 21:58:25,2026-05-15 14:40:07
3930000,202639300001000013,어심바다낚시터,바다,"경기도 안산시 단원구 잘푸리길 107, 어심바다낚시터 (대부남동)",,37.23606522,126.5658309,032-886-7313,6020,참돔+감성돔+우럭+도다리 등,106,없음,"1일 90,000원",,"구명부환4,소화기3,화장실3 및 세면소 2,관리사무소,구급약품세트1","음식점,관리사무소등",,031-481-3693,해양수산과,2026-05-15,,2026-05-16 21:58:25,2026-05-15 14:40:07
3930000,202639300001000012,등대바다낚시터,바다,"경기도 안산시 단원구 금당구지길 91, 등대바다낚시터 (대부남동)",,37.23054271,126.5905621,032-881-1342,16256,우럭+점성어+농어+참동 등,75,수상좌대,"1일 99,000원",,"구명부환10,소화기6,구급약품세트1,구명조끼4(어린이용 2),화장실2,세면소2,관리사무소",관리사무소(매점)및 음식점,,031-481-3693,해양수산과,2026-05-15,,2026-05-16 21:58:25,2026-05-15 14:40:07
3930000,202639300001000010,k3바다낚시터,바다,"경기도 안산시 단원구 작은상재미길 86, k3바다낚시터 (대부동동)",,37.25218005,126.6139694,032-885-5225,33204,우럭+참돔+농어+점성어 등,100,없음,"1일 99,000원",,"구명부환4,소화기4,구급약품1,화장실2,세면소1,쓰레기통11,관리사무소,방송시설","매점,식당",,031-481-3693,해양수산과,2026-05-15,,2026-05-16 21:58:25,2026-05-15 14:40:07
3930000,202639300001000009,북동낚시터,저수지,"경기도 안산시 단원구 뻐꾹산길 98, 북동낚시터 (대부북동)",,37.25690318,126.5810408,032-882-9033,70000,붕어+잉어 등,212,연안방갈로,"1일 30,000원",,"구명부환43,소화기27,구급약품2,낚시터관리선1,구명조끼41,화장실5,세면소3,관리 및 통신시설","매점,식당",,031-481-3693,해양수산과,2026-05-15,,2026-05-16 21:58:25,2026-05-15 14:40:07
3930000,202639300001000008,수암낚시터,저수지,"경기도 안산시 상록구 지장골길 51-18, 수암낚시터 (수암동)",,37.37232031,126.8808464,031-480-6886,8400,향어+잉어+메기 등,100,없음,"1일 40,000원",,"구명부환4,소화기3,구급약품1,화장실2,세면소2,관리실 및 통신시설","관리사무소(매점,식당)",,031-481-3693,해양수산과,2026-05-15,,2026-05-16 21:58:25,2026-05-15 14:40:07
3930000,202639300001000007,해솔바다낚시터,바다,"경기도 안산시 단원구 대부북동 1870-15, 해솔바다낚시터 (대부북동)",,37.27817835,126.5549547,032-880-9865,16418,우럭+참돔+점성어+농어 등,100,없음,"1일 99,000원",,"구명부환4,소화기4,구급약품1,화장실2,세면소2,쓰레기통4,관리시설 및 통신시설","매점,식당,관리사무소",,031-481-3693,해양수산과,2026-05-15,,2026-05-16 21:58:25,2026-05-15 14:40:07
3930000,202639300001000006,독도바다낚시터,바다,"경기도 안산시 단원구 새방죽길 165, 독도바다낚시터 (대부북동)",,37.23985943,126.5660486,032-880-0449,20689,우럭+참돔+점성어+농어 등,310,수상낚시터,"1일 95,000원",,"구명부환13,소화기8,구명조끼4,구급약품세트1,화장실7,세면소4,관리시설 및 통신시설","매점,식당,회센터,손질칸",,031-481-3693,해양수산과,2026-05-15,,2026-05-16 21:58:25,2026-05-15 14:40:07
3930000,202639300001000005,하늘바다낚시터,바다,"경기도 안산시 단원구 작은상재미길 99, 하늘바다낚시터 (대부동동)",,37.23338146,126.6077971,032-888-6662,27055,우럭+참돔+점성어+농어 등,100,없음,"1일 98,000원",,"구명부환4,소화기3,구급약품세트1,화장실3,세면소3,쓰레기통4,관리시설 및 통신시설","매점,식당,손질센터",,031-481-3693,해양수산과,2026-05-15,,2026-05-16 21:58:25,2026-05-15 14:40:06
3930000,202639300001000004,우리실내낚시터,평지,"경기도 안산시 단원구 화랑로 28, 우리실내바다낚시터 지하1층 (원곡동)",,37.3321166,126.7960887,031-494-9577,45.36,잉어+향어+붕어+메기 등,15,없음,"1일 30,000원",,"구명부환2,소화기1,구급약품1,화장실 및 세면소 1,쓰레기통1,관리시설 및 통신시설",없음,,031-481-3693,해양수산과,2026-05-15,,2026-05-16 21:58:25,2026-05-15 14:40:06
3930000,202639300001000003,"돔, 돔, 돔 바다낚시터",바다,"경기도 안산시 단원구 구봉길 55, 돔돔돔바다낚시터 (대부북동)",,37.27139676,126.5618899,032-880-9778,231,돌돔+참돔 등,53,없음,"1일 120,000원",,"구명부환4,소화기8,구급약품세트1,화장실2,세면소1,관리시설 및 통신시설,쓰레기통8","식당,휴게소,매점",,031-481-3693,해양수산과,2026-05-15,,2026-05-16 21:58:25,2026-05-15 14:40:06
3930000,202639300001000002,꾼낚시카페,평지,"경기도 안산시 단원구 고잔2길 38, 중앙상가 지하층 1,2,3호 (고잔동)",,37.31756622,126.8353289,,80,민물고기,28,없음,"1시간 12,000원",,"구명부환2,소화기1,구급약품,화장실1,세면소1","휴게실, 화장실, 흡연실",,031-481-3693,해양수산과,2026-05-15,,2026-05-16 21:58:25,2026-05-15 14:40:06
3930000,202639300001000001,놀러와실내낚시카페,평지,"경기도 안산시 상록구 샘골로 159, 창원빌딩 지하1층 2~3호 (본오동)",,37.2980656,126.862948,,140,잉어+향어+붕어 등,30,없음,"1시간 12,000원",,"구명부환2,소화기3,구급약품함,화장실2,세면소3","휴게실, 화장실, 흡연실",,031-481-3693,해양수산과,2026-05-15,,2026-05-16 21:58:25,2026-05-15 14:40:06
3940000,202239400001000008,보물섬낚시터,기타,경기도 고양시 덕양구 대곡길 31-8(내곡동),,37.64341,126.80289,,1272,잉어+붕어,100,고정형,15000원,,구명환+소화기+구급약품,화장실+쓰레기통,,,고양시농업기술센터,2026-05-11,U,2026-05-16 03:03:03,2026-05-15 13:25:40
3940000,202239400001000005,백두산낚시터,기타,경기도 고양시 덕양구 서리골길36번길 158-7(선유동),,37.68858,126.9114,,1893,잉어+붕어,100,고정형,"15,000원",,구명환+소화기+구급약품,화장실+쓰레기통,,,고양시농업기술센터,2026-05-11,U,2026-05-16 03:03:03,2026-05-15 13:27:28
3940000,202239400001000006,백용낚시터,기타,경기도 고양시 일산동구 감내길 73(성석동),,37.71391,126.78215,,1800,잉어+붕어,100,고정형,20000원,,구명환+소화기+구급약품,화장실+쓰레기통,,,고양시농업기술센터,2026-05-11,U,2026-05-16 03:03:03,2026-05-15 13:26:54
3940000,202239400001000004,퐁퐁실내낚시터,기타,경기도 고양시 일산동구 탄중로 429 성지프라자 지하1층 102호(중산동),,37.69076,126.77767,,40,잉어+붕어,30,고정형,10000원,,소화기+구급약품,화장실+쓰레기통,,,고양시농업기술센터,2026-05-11,U,2026-05-16 03:03:03,2026-05-15 13:27:58
3940000,202239400001000009,봉림낚시터,기타,경기도 고양시 덕양구 호국로1595번길 25(대자동),,37.69295,126.89947,,3972,잉어+붕어,100,고정형,"10,000원",,구명환+소화기+구급약품,화장실+쓰레기통,,,고양시농업기술센터,2026-05-11,U,2026-05-16 03:03:03,2026-05-15 13:25:08
3940000,202239400001000007,문봉낚시터,기타,경기도 고양시 일산동구 성현로268번길 153(문봉동),,37.70112,126.81428,,3395,잉어+붕어,100,고정형,10000원,,구명환+소화기+구급약품,화장실+쓰레기통,,,고양시농업기술센터,2026-05-11,U,2026-05-16 03:03:03,2026-05-15 13:26:05
3940000,202239400001000002,뚜루실내낚시놀이터,기타,"경기도 고양시 일산동구 견달산로225번길 26-44, 나동(식사동)",,37.68912,126.81875,,96,잉어+붕어,30,고정형,33000원,,구명환+소화기+구급약품,화장실+쓰레기통,,,고양시농업기술센터,2026-05-11,U,2026-05-16 03:03:03,2026-05-15 13:28:23
3980000,202639800001000002,낚짜,기타,"경기도 구리시 검배로21, 지하1층(수택동)",경기도 구리시 수택동 524-2,37.599312768,127.14261865,,80,붕어,22,실내낚시터,"5,000",,"소화기, 구명조끼","화장실, 흡연실",,,구리시 산업지원과,2026-05-29,I,2026-06-02 21:28:25,2026-06-01 09:50:13
3980000,202639800001000001,피쉬스쿨,기타,"경기도 구리시 안골로 49, 용덕빌딩 지하1층 (교문동)",경기도 구리시 교문동 734-4 용덕빌딩,37.597510089,127.13650336,,48,"잉어, 붕어",15,실내낚시터,"10,000",,"소화기, 구명조끼",화장실,,,구리시 산업지원과,2026-05-29,I,2026-06-02 21:28:25,2026-06-01 09:50:13
3990000,202339900001000033,배양낚시터,저수지,경기도 남양주시 진건읍 고재로191번길 64-17,경기도 남양주시 진건읍 배양리 218,37.6390,127.1871,,7047,-,180,없음,25000,,구명부환+구명조끼+소화기,화장실+분리수거통,,,경기도 남양주시,2026-04-17,I,2026-05-15 18:45:51,2026-04-17 14:22:51
3990000,202639900001000001,히트낚시터,평지,경기도 남양주시 와부읍 수레로661번안길 29-1,경기도 남양주시 와부읍 월문리 109-18,37.6196,127.2745,,130,"감성돔, 점농어, 능성어, 참돔",30,실내낚시터,"2시간 39,000원 4시간 55,000원 주말(금~토) 99,000원 1시간추가 11,000원",실내낚시터,구명부환+구명조끼+소화기,"주방, 식탁, 매점 등",,031-590-2322,남양주시,2026-04-17,I,2026-05-15 18:45:51,2026-04-17 14:47:01
3990000,202339900001000034,화도낚시터,저수지,경기도 남양주시 화도읍 경춘로2414번길 50-14,경기도 남양주시 화도읍 금남리 55-2,37.6554,127.3601,031-591-1707,25689,-,318,없음,20000,,구명부환+구명조끼+소화기,화장실+분리수거통,,,경기도 남양주시,2026-04-17,I,2026-05-15 18:45:51,2026-04-17 14:22:34
3990000,202339900001000029,남양낚시터,평지,경기도 남양주시 와부읍 석실로592번길 60,경기도 남양주시 와부읍 율석리 473,37.6157,127.2163,,2193,-,75,없음,20000,,구명부환+구명조끼+소화기,화장실+분리수거통,,,경기도 남양주시,2026-04-17,I,2026-05-15 18:45:51,2026-04-17 14:24:10
3990000,202339900001000023,늘푸른낚시터,평지,경기도 남양주시 별내면 청학로48번길 29-13,경기도 남양주시 별내면 청학리 181-1,37.7063,127.1237,031-821-3490,2948,-,80,없음,20000,,구명부환+구명조끼+소화기,화장실+분리수거통,,,경기도 남양주시,2026-04-17,I,2026-05-15 18:45:51,2026-04-17 14:27:02
3990000,202339900001000020,남양주탑실내바다낚시터,평지,경기도 남양주시 진접읍 금강로 1857,경기도 남양주시 진접읍 팔야리 741-1,37.7500,127.2098,,156,-,28,없음,"85,000",,구명부환+구명조끼+소화기,화장실+분리수거통,,,경기도 남양주시,2026-04-17,I,2026-05-15 18:45:51,2026-04-17 14:28:45
3990000,202339900001000019,남양주 락 실내바다 낚시터,평지,경기도 남양주시 고재로 143,경기도 남양주시 진건읍 배양리 313-8,37.6351,127.1784,031-573-1009,220,-,32,없음,"85,000",,구명부환+구명조끼+소화기,화장실+분리수거통,,,경기도 남양주시,2026-04-17,I,2026-05-15 18:45:51,2026-04-17 14:29:06
3990000,202339900001000030,월문낚시터,평지,경기도 남양주시 와부읍 수레로661번안길 95,경기도 남양주시 와부읍 월문리 96,37.6246,127.2759,031-577-5327,648.7,-,90,없음,20000,,구명부환+구명조끼+소화기,화장실+분리수거통,,,경기도 남양주시,2026-04-17,I,2026-05-15 18:45:51,2026-04-17 14:23:51
3990000,202339900001000031,진벌낚시공원,평지,경기도 남양주시 진접읍 진벌리 324,경기도 남양주시 진접읍 진벌리 324,37.7346,127.2276,031-529-0793,2821,-,20,좌교형좌대연안방갈로,"20,000",,구명부환+구명조끼+소화기,화장실+분리수거통,,,경기도 남양주시,2026-04-17,I,2026-05-15 18:45:51,2026-04-17 14:23:22
3990000,202339900001000022,숲속낚시터,평지,경기도 남양주시 식송1로 254-72,경기도 남양주시 별내동 2119,37.6622,127.1084,,1012,-,50,없음,"20,000",,구명부환+구명조끼+소화기,화장실+분리수거통,,,경기도 남양주시,2026-04-17,I,2026-05-15 18:45:51,2026-04-17 14:27:27
3990000,202339900001000024,천지연낚시터,평지,경기도 남양주시 고래산로 274,경기도 남양주시 와부읍 월문리 1306,37.5988,127.2874,,2353.99,-,75,없음,20000,,구명부환+구명조끼+소화기,화장실+분리수거통,,,경기도 남양주시,2026-04-17,I,2026-05-15 18:45:51,2026-04-17 14:26:38
3990000,202439900001000002,오즈실내바다 낚시터,평지,경기도 남양주시 진접읍 경복대로 485,경기도 남양주시 진접읍 진벌리 637-2,37.7384,127.2151,,91.2,-,20,없음,"77,000",,구명부환+구명조끼+소화기,화장실+세면소+쓰레기통,,,경기도 남양주시,2026-04-17,I,2026-05-15 18:45:51,2026-04-17 14:21:30
3990000,202339900001000021,초원 낚시터,평지,경기도 남양주시 석실로408번길 142,경기도 남양주시 와부읍 율석리 522-7,37.6133,127.2203,,1320,-,90,없음,55000,,구명부환+구명조끼+소화기,화장실+분리수거통,,,경기도 남양주시,2026-04-17,I,2026-05-15 18:45:51,2026-04-17 14:27:44
3990000,202339900001000026,헤라낚시터,평지,경기도 남양주시 별내면 청학로54번길 83,경기도 남양주시 별내면 청학리 244,37.7128,127.1252,,1320,-,80,없음,20000,,구명부환+구명조끼+소화기,화장실+분리수거통,,,경기도 남양주시,2026-04-17,I,2026-05-15 18:45:51,2026-04-17 14:25:41
3990000,202339900001000028,창포연못낚시터,평지,경기도 남양주시 진건우회로120번길 82-2,경기도 남양주시 진건읍 사능리 557-3,37.6453,127.1838,,1430,-,58,없음,20000,,구명부환+구명조끼+소화기,화장실+분리수거통,,,경기도 남양주시,2026-04-17,I,2026-05-15 18:45:51,2026-04-17 14:24:33
4000000,202540000001000002,삼미낚시터,저수지,경기도 오산시 외삼미로 30(외삼미동),경기도 오산시 외삼미동 358,37.19051,127.054368,,16000,"붕어,잉어,향어,메기",120,고정형,"(1일)20,000원",,구명부환+소화기+구급약품+전기설비,화장실+쓰레기통,,,경기도 오산시청,2026-07-03,U,2026-07-04 21:58:25,2026-07-03 10:49:04
4000000,202540000001000001,원동낚시터,저수지,,경기도 오산시 원동 6-1,37.144601,127.091246,,12000,붕어+잉어,40,고정형,"(1일)30,000원",,구명부환+소화기+구급약품+전기설비,화장실+쓰레기통,,,경기도 오산시청,2026-07-03,U,2026-07-04 21:58:25,2026-07-03 10:49:16
4000000,202540000001000003,수원 드림바다 실내 낚시터,기타,경기도 오산시 삼미로47번길 24(내삼미동),경기도 오산시 내삼미동 212,37.1771766,127.066976,,108,돔+매가리+민어,30,고정형,"(2시간)33,000원+(3시간)44,000원",,구명부환+소화기+구급약품+전기설비,화장실+쓰레기통,,,경기도 오산시청,2026-07-03,U,2026-07-04 21:58:25,2026-07-03 10:48:52
4010000,202640100001000016,달월 낚시터,저수지,경기도 시흥시 군자로 125-39,경기도 시흥시 월곶동 산63-7,37.37245,126.77062,031-498-9300,73000,붕어+잉어,130,고정형,1일 (손맛터)20000원+(잡이터)30000원,,구명부환+소화기+구급약품,화장실+쓰레기통,,031-310-2332,경기도 시흥시청,2026-01-19,I,2026-05-15 18:45:51,2026-01-19 10:12:38
4010000,202640100001000017,청용 낚시터,저수지,경기도 시흥시 청룡저수지길 216,경기도 시흥시 방산동 878,37.42252,126.76005,,45000,붕어+잉어,200,고정형,1일 30000원,,구명부환+소화기+구급약품,화장실+쓰레기통,,031-310-2332,경기도 시흥시청,2026-01-19,I,2026-05-15 18:45:51,2026-01-19 10:12:38
4010000,202640100001000018,뒷방울 낚시터,저수지,경기도 시흥시 뒷방울길 147,경기도 시흥시 정왕동 21,37.37137,126.74866,031-498-0737,21000,붕어+잉어,200,고정형,1일 30000원+(겨울)20000원,,구명부환+소화기+구급약품,화장실+쓰레기통,,031-310-2332,경기도 시흥시청,2026-01-19,I,2026-05-15 18:45:51,2026-01-19 10:12:38
4010000,202640100001000019,금이 낚시터,저수지,경기도 시흥시 금이진말길 159,경기도 시흥시 금이동 635,37.39915,126.8295,031-315-9459,98900,붕어+잉어,195,고정형,1일 30000원,,구명부환+소화기+구급약품,화장실+쓰레기통,,031-310-2332,경기도 시흥시청,2026-01-19,I,2026-05-15 18:45:51,2026-01-19 10:12:38
4010000,202640100001000015,칠리제 낚시터,저수지,경기도 시흥시 수인로 2564-8,경기도 시흥시 금이동 산120-2,37.40337,126.84862,031-314-8366,49000,붕어+잉어,150,지상고정형,1일 30000원,,구명부환+소화기+구급약품,화장실+쓰레기통,,031-310-2332,경기도 시흥시청,2026-01-19,I,2026-05-15 18:45:51,2026-01-19 10:12:38
4010000,202640100001000012,한탄강 낚시터,평지,경기도 시흥시 수인로 2495-1,경기도 시흥시 논곡동 48-1,37.3995,126.85366,031-402-8182,983,붕어+잉어,31,지상고정형,1일 20000원,,구명부환+소화기+구급약품,화장실+쓰레기통,,031-310-2332,경기도 시흥시청,2026-01-19,I,2026-05-15 18:45:51,2026-01-19 10:12:38
4010000,202640100001000013,방산 낚시터,평지,경기도 시흥시 구수미1길127-14(방산동),경기도 시흥시 방산동 154,37.4222,126.7629,,1300,붕어+잉어,96,지상고정형,1일 30000원,,구명부환+소화기+구급약품,화장실+쓰레기통,,031-310-2332,경기도 시흥시청,2026-01-19,I,2026-05-15 18:45:51,2026-01-19 10:12:38
4010000,202640100001000014,샘골 낚시터,평지,경기도 시흥시 신흥마을5길 32-21,경기도 시흥시 신천동 617,37.43943,126.77225,,1792,붕어+잉어,100,지상고정형,1일 15000원,,구명부환+소화기+구급약품,화장실+쓰레기통,,031-310-2332,경기도 시흥시청,2026-01-19,I,2026-05-15 18:45:51,2026-01-19 10:12:38
4010000,202640100001000020,과림 낚시터,저수지,경기도 시흥시 과림저수지길 79,경기도 시흥시 과림동 207,37.45313,126.82729,02-2616-3858,132800,붕어+잉어,520,고정형,1일 30000원,,구명부환+소화기+구급약품,화장실+쓰레기통,,031-310-2332,경기도 시흥시청,2026-01-19,I,2026-05-15 18:45:51,2026-01-19 10:12:38
4010000,202640100001000001,왕골낚시터,평지,경기도 시흥시 방화고개길 39(조남동),"경기도 시흥시 조남동 492-1, 492-2",37.36567,126.85757,,3226,붕어+잉어,120,지상고정형,1일 10000원,,구명부환+소화기+구급약품,화장실+쓰레기통,,031-310-2332,경기도 시흥시청,2026-01-19,I,2026-05-15 18:45:51,2026-01-19 10:12:38
4010000,202640100001000002,시흥드림바다 낚시터,기타,경기도 시흥시 황고개로293번길 7,경기도 시흥시 군자동 553-5,37.35766,126.78533,031-433-1587,119,광어,32,지상고정형,"2시간 33,000원+ 4시간 55,000원",,구명부환+소화기+구급약품,화장실+쓰레기통,,031-310-2332,경기도 시흥시청,2026-01-19,I,2026-05-15 18:45:51,2026-01-19 10:12:38
4010000,202640100001000003,새미 낚시터,평지,경기도 시흥시 방화고개길 38(조남동),경기도 시흥시 조남동 299,37.37363,126.86493,031-484-1915,1628,붕어+잉어,69,지상고정형,1일 10000원,,구명부환+소화기+구급약품,화장실+쓰레기통,,031-310-2332,경기도 시흥시청,2026-01-19,I,2026-05-15 18:45:51,2026-01-19 10:12:38
4010000,202640100001000004,달월사계절 낚시터,평지,경기도 시흥시 군자로 125-5,"경기도 시흥시 월곶동 339, 340",37.37326,126.76863,,720.2,붕어+잉어,78,지상고정형,1일 10000원,,구명부환+소화기+구급약품,화장실+쓰레기통,,031-310-2332,경기도 시흥시청,2026-01-19,I,2026-05-15 18:45:51,2026-01-19 10:12:38
4010000,202640100001000005,까치 낚시터,평지,경기도 시흥시 수인로2107번길 146,경기도 시흥시 조남동 520-1,37.36734,126.86603,031-480-7760,1244,붕어+잉어,80,지상고정형,1일 10000원,,구명부환+소화기+구급약품,화장실+쓰레기통,,031-310-2332,경기도 시흥시청,2026-01-19,I,2026-05-15 18:45:51,2026-01-19 10:12:38
4010000,202640100001000006,산정 낚시터,평지,경기도 시흥시 피울길 173,경기도 시흥시 산현동 412-3,37.36794,126.82918,031-485-7280,1793,붕어+잉어,100,지상고정형,1일 10000원,,구명부환+소화기+구급약품,화장실+쓰레기통,,031-310-2332,경기도 시흥시청,2026-01-19,I,2026-05-15 18:45:51,2026-01-19 10:12:38
4010000,202640100001000007,군자 낚시터,평지,경기도 시흥시 시흥대로216-18,경기도 시흥시 군자동 62,37.35995,123.80808,,1064,붕어+잉어,50,지상고정형,1일 10000원,,구명부환+소화기+구급약품,화장실+쓰레기통,,031-310-2332,경기도 시흥시청,2026-01-19,I,2026-05-15 18:45:51,2026-01-19 10:12:38
4010000,202640100001000008,능곡 낚시터,평지,경기도 시흥시 시흥대로268번길 50-28,경기도 시흥시 능곡동 434,37.36146,126.81064,031-318-3638,600,붕어+잉어,50,지상고정형,(평일)10000원+(휴일)20000원,,구명부환+소화기+구급약품,화장실+쓰레기통,,031-310-2332,경기도 시흥시청,2026-01-19,I,2026-05-15 18:45:51,2026-01-19 10:12:38
4010000,202640100001000009,쉼터 낚시터,평지,경기도 시흥시 하중로 281,경기도 시흥시 광석동 346,37.38821,126.80687,,690,붕어+잉어,60,지상고정형,(평일)10000원+(휴일)15000원,,구명부환+소화기+구급약품,화장실+쓰레기통,,031-310-2332,경기도 시흥시청,2026-01-19,I,2026-05-15 18:45:51,2026-01-19 10:12:38
4010000,202640100001000010,계수 낚시터,평지,경기도 시흥시 구미1길 33,경기도 시흥시 계수동 447-1,37.4516,126.80476,031-311-9508,1800,붕어+잉어,70,지상고정형,1일 10000원,,구명부환+소화기+구급약품,화장실+쓰레기통,,031-310-2332,경기도 시흥시청,2026-01-19,I,2026-05-15 18:45:51,2026-01-19 10:12:38
4010000,202640100001000011,약수 낚시터,평지,경기도 시흥시 동서로 989-32,경기도 시흥시 조남동 213,37.38157,126.85253,031-405-6252,1197,붕어+잉어,96,지상고정형,(평일)10000원+(휴일)20000원,,구명부환+소화기+구급약품,화장실+쓰레기통,,031-310-2332,경기도 시흥시청,2026-01-19,I,2026-05-15 18:45:51,2026-01-19 10:12:38
4020000,202340200001000001,바위골 낚시터,평지,경기도 군포시 호수로 43-178(둔대동),경기도 군포시 둔대동 537,,,031-419-7777,480,붕어,70,없음,"10,000원(평일), 15,000원(주말 및 공휴일)",,"방송통신장비, 소화기, 구명환, 구명줄 등",화장실,,,도시환경과 도시농업팀,2026-05-08,I,2026-05-15 18:45:51,2026-05-08 17:16:06
4050000,202440500001000025,사계절낚시터,저수지,경기도 용인시 처인구 이동읍 경기동로742번길 56,경기도 용인시 처인구 이동읍 송전리 984,37.13456,127.1942,,1.42,붕어,100,좌대+방갈로,2.5만원,,구명부환+소화기+구급약품 등,화장실+쓰레기통 등,,031-324-5352,경기도 용인시 처인구청,2024-07-16,I,2026-05-15 18:45:51,2024-08-13 15:14:59
4050000,202440500001000026,신원낚시터,저수지,,경기도 용인시 처인구 이동읍 묵리 915,37.78644,127.2248,031-332-7634,23.8,붕어,110,좌대+방갈로,4만원~5만원,,구명부환+소화기+구급약품 등,화장실+쓰레기통 등,,031-324-5352,경기도 용인시 처인구청,2024-07-16,I,2026-05-15 18:45:51,2024-08-13 15:14:59
4050000,202456200001000001,신 기,저수지,경기도 용인시 처인구 남동 542,,37.219866,127.1912656,,2.07,붕어+잉어+향어,75,고정형,40000원,,구명부환+구명조끼+구명줄+소화기+안전사다리,화장실+분리수거장,,,처인구청 산업과,2024-07-16,I,2026-05-15 18:45:51,2024-07-16 10:53:15
4050000,202456200001000018,통 삼,저수지,경기도 용인시 처인구 남사읍 통삼리 33번지,,37.1215841,127.1353062,,2.57,붕어+잉어,0,고정형,20000원,,구명부환+구명조끼+구명줄+소화기+안전사다리,화장실+분리수거장,,,처인구청 산업과,2024-07-16,I,2026-05-15 18:45:51,2024-07-16 10:53:15
4050000,202456200001000008,창 리,저수지,경기도 용인시 처인구 남사읍 창리 377-8,,37.1400831,127.1846965,,9.04,붕어+잉어,98,고정형,80000원,,구명부환+구명조끼+구명줄+소화기+안전사다리,화장실+분리수거장,,,처인구청 산업과,2024-07-16,I,2026-05-15 18:45:51,2024-07-16 10:53:15
4050000,202456200001000017,고초골,저수지,경기도 용인시 처인구 원삼면 학일리 104,,37.1578429,127.2845366,,4,붕어+잉어+향어,207,고정형,40000원,,구명부환+구명조끼+구명줄+소화기+안전사다리,화장실+분리수거장,,,처인구청 산업과,2024-07-16,I,2026-05-15 18:45:51,2024-07-16 10:53:15
4050000,202456200001000009,요덕골,저수지,경기도 용인시 처인구 이동읍 송전리 41,,37.1373894,127.2199263,,1.7,붕어+잉어+향어,0,고정형,60000원,,구명부환+구명조끼+구명줄+소화기+안전사다리,화장실+분리수거장,,,처인구청 산업과,2024-07-16,I,2026-05-15 18:45:51,2024-07-16 10:53:15
4050000,202440500001000031,상덕낚시터,저수지,경기도 용인시 처인구 이동읍 상덕로 68-2,경기도 용인시 처인구 이동읍 서리 874,37.21537,127.1644,031-333-4319,2.09,향어,100,좌대+방갈로,2만원,,구명부환+소화기+구급약품 등,화장실+쓰레기통 등,,031-324-5352,경기도 용인시 처인구청,2024-07-16,I,2026-05-15 18:45:51,2024-08-13 15:14:59
4050000,202456200001000014,산 장,저수지,경기도 용인시 처인구 양지면 평창리 537-1,,37.2257809,127.3220522,,2.5,붕어+잉어+향어,0,고정형,50000원,,구명부환+구명조끼+구명줄+소화기+안전사다리,화장실+분리수거장,,,처인구청 산업과,2024-07-16,I,2026-05-15 18:45:51,2024-07-16 10:53:15
4050000,202440500001000032,산장낚시터,저수지,,경기도 용인시 처인구 양지면 평창리 537-1,37.22594,127.3221,031-336-4472,2.5,붕어,80,좌대+방갈로,2만원~3만원,,구명부환+소화기+구급약품 등,화장실+쓰레기통 등,,031-324-5352,경기도 용인시 처인구청,2024-07-16,I,2026-05-15 18:45:51,2024-08-13 15:14:59
4050000,202440500001000001,용인실내바다낚시터,기타,,경기도 용인시 처인구 포곡읍 영문리 82,37.2754097,127.206358,,0.12,우럭+광어+참돔,25,실내,40000원,,구명부환+구명조끼+구명줄+소화기+안전사다리,화장실+분리수거장,,,경기도 용인시 처인구청,2024-07-16,I,2026-05-15 18:45:51,2024-08-13 15:14:58
4050000,202440500001000027,두창낚시터,저수지,경기도 용인시 처인구 원삼면 두창호수로 105,경기도 용인시 처인구 원삼면 두창리 1393,37.14909,127.3349,,19.64,붕어,130,좌대+방갈로,2만원~5만원,,구명부환+소화기+구급약품 등,화장실+쓰레기통 등,,031-324-5352,경기도 용인시 처인구청,2024-07-16,I,2026-05-15 18:45:51,2024-08-13 15:14:59
4050000,202456200001000012,용 담,저수지,경기도 용인시 처인구 원삼면 사암리 1182-2,,37.1888617,127.3069342,,37.6,붕어+잉어,127,고정형,30000원,,구명부환+구명조끼+구명줄+소화기+안전사다리,화장실+분리수거장,,,처인구청 산업과,2024-07-16,I,2026-05-15 18:45:51,2024-07-16 10:53:15
4050000,202456200001000005,두 창,저수지,경기도 용인시 처인구 원삼면 두창리 1393,,37.1489493,127.3348678,,19.6,붕어+잉어+향어,78,고정형,25000원,,구명부환+구명조끼+구명줄+소화기+안전사다리,화장실+분리수거장,,,처인구청 산업과,2024-07-16,I,2026-05-15 18:45:51,2024-07-16 10:53:15
4050000,202440500001000008,용 담,저수지,,경기도 용인시 처인구 원삼면 사암리 1182-2,37.1888617,127.3069342,,37.6,붕어+잉어,127,고정형,30000원,,구명부환+구명조끼+구명줄+소화기+안전사다리,화장실+분리수거장,,,경기도 용인시 처인구청,2024-07-16,I,2026-05-15 18:45:51,2024-08-13 15:14:59
4050000,202456200001000002,한 터,저수지,경기도 용인시 처인구 양지면 대대리 639-1,,37.2599235,127.276299,,7.76,붕어+잉어+향어,148,고정형,20000원,,구명부환+구명조끼+구명줄+소화기+안전사다리,화장실+분리수거장,,,처인구청 산업과,2024-07-16,I,2026-05-15 18:45:51,2024-07-16 10:53:15
4050000,202440500001000024,용담낚시터,저수지,,경기도 용인시 처인구 원삼면 사암리 55,37.18648,127.3066,031-322-7860,37.68,붕어,120,좌대+방갈로,2.5만원,,구명부환+소화기+구급약품 등,화장실+쓰레기통 등,,031-324-5352,경기도 용인시 처인구청,2024-07-16,I,2026-05-15 18:45:51,2024-08-13 15:14:59
4050000,202440500001000021,죠스실내낚시터,기타,경기도 용인시 기흥구 신갈로58번길 17 (신갈동),경기도 용인시 기흥구 신갈동 53-12,37.2726,127.1076,,65,잉어 등,35,실내낚시터,1만원~1.2만원,,구명부환+소화기+구급약 등,화장실+쓰레기통 등,,031-324-6342,경기도 용인시 기흥구청,2024-07-16,I,2026-05-15 18:45:51,2024-08-13 15:14:59
4050000,202456200001000003,상 덕,저수지,경기도 용인시 처인구 이동읍 서리 873,,37.2149397,127.1636173,,2.09,붕어+잉어,0,고정형,20000원,,구명부환+구명조끼+구명줄+소화기+안전사다리,화장실+분리수거장,,,처인구청 산업과,2024-07-16,I,2026-05-15 18:45:51,2024-07-16 10:53:15
4050000,202440500001000012,창 리,저수지,,경기도 용인시 처인구 남사읍 창리 377-8,37.1400831,127.1846965,,9.04,붕어+잉어,98,고정형,80000원,,구명부환+구명조끼+구명줄+소화기+안전사다리,화장실+분리수거장,,,경기도 용인시 처인구청,2024-07-16,I,2026-05-15 18:45:51,2024-08-13 15:14:59
4050000,202440500001000035,신기낚시터,저수지,경기도 용인시 처인구 신기로42번길 146,경기도 용인시 처인구 남동 542,37.22014,127.1912,031-336-0070,2.07,붕어,80,좌대+방갈로,3만원,,구명부환+소화기+구급약품 등,화장실+쓰레기통 등,,031-324-5352,경기도 용인시 처인구청,2024-07-16,I,2026-05-15 18:45:51,2024-08-13 15:14:59
4050000,202440500001000034,통삼낚시터,저수지,,경기도 용인시 처인구 남사읍 통삼리 33,37.12172,127.1354,,2.57,붕어,100,좌대+방갈로,2만원,,구명부환+소화기+구급약품 등,화장실+쓰레기통 등,,031-324-5352,경기도 용인시 처인구청,2024-07-16,I,2026-05-15 18:45:51,2024-08-13 15:14:59
4050000,202440500001000037,고초골낚시터,저수지,,경기도 용인시 처인구 원삼면 학일리 104-1,37.15746,127.2836,,4,붕어,100,좌대+방갈로,1.5만원~3만원,,구명부환+소화기+구급약품 등,화장실+쓰레기통 등,,031-324-5352,경기도 용인시 처인구청,2024-07-16,I,2026-05-15 18:45:51,2024-08-13 15:14:59
4050000,202440500001000002,통 삼,저수지,,경기도 용인시 처인구 남사읍 통삼리 33번지,37.1215841,127.1353062,,2.57,붕어+잉어,0,고정형,20000원,,구명부환+구명조끼+구명줄+소화기+안전사다리,화장실+분리수거장,,,경기도 용인시 처인구청,2024-07-16,I,2026-05-15 18:45:51,2024-08-13 15:14:59
4050000,202456200001000015,묵 리,저수지,경기도 용인시 처인구 이동읍 묵리 591,,37.1760506,127.2327837,,0.29,붕어+잉어+향어,0,고정형,20000원,,구명부환+구명조끼+구명줄+소화기+안전사다리,화장실+분리수거장,,,처인구청 산업과,2024-07-16,I,2026-05-15 18:45:51,2024-07-16 10:53:15
4050000,202440500001000036,아곡낚시터,저수지,,경기도 용인시 처인구 백암면 고안리 산153,37.13117,127.4166,031-332-4042,0.43,붕어,100,좌대,3만원,,구명부환+소화기+구급약품 등,화장실+쓰레기통 등,,031-324-5352,경기도 용인시 처인구청,2024-07-16,I,2026-05-15 18:45:51,2024-08-13 15:14:59
4050000,202456200001000011,사계절,저수지,경기도 용인시 처인구 이동읍 송전리 984,,37.1343898,127.19417,,1.42,붕어+잉어,0,고정형,25000원,,구명부환+구명조끼+구명줄+소화기+안전사다리,화장실+분리수거장,,,처인구청 산업과,2024-07-16,I,2026-05-15 18:45:51,2024-07-16 10:53:15
4050000,202440500001000038,창리낚시터,저수지,경기도 용인시 처인구 남사읍 경기동로518번길 56,경기도 용인시 처인구 남사읍 창리 377-8,37.14009,127.1847,031-334-7666,9.04,붕어,150,좌대+방갈로,2만원,,구명부환+소화기+구급약품 등,화장실+쓰레기통 등,,031-324-5352,경기도 용인시 처인구청,2024-07-16,I,2026-05-15 18:45:51,2024-08-13 15:14:59
4050000,202440500001000028,삼인낚시터,저수지,,경기도 용인시 처인구 남사읍 북리 879,37.15722,127.1425,,9.5,붕어,240,좌대+방갈로,4만원~5만원,,구명부환+소화기+구급약품 등,화장실+쓰레기통 등,,031-324-5352,경기도 용인시 처인구청,2024-07-16,I,2026-05-15 18:45:51,2024-08-13 15:14:59
4050000,202440500001000006,산 장,저수지,,경기도 용인시 처인구 양지면 평창리 537-1,37.2257809,127.3220522,,2.5,붕어+잉어+향어,0,고정형,50000원,,구명부환+구명조끼+구명줄+소화기+안전사다리,화장실+분리수거장,,,경기도 용인시 처인구청,2024-07-16,I,2026-05-15 18:45:51,2024-08-13 15:14:59
4050000,202440500001000007,송원,저수지,,경기도 용인시 처인구 남사읍 봉무리 678-8,37.1073578,127.1439165,,0.75,붕어+잉어,0,고정형,(휴업중),,구명부환+구명조끼+구명줄+소화기+안전사다리,화장실+분리수거장,,,경기도 용인시 처인구청,2024-07-16,I,2026-05-15 18:45:51,2024-08-13 15:14:59
4050000,202440500001000020,지곡낚시터,저수지,"경기도 용인시 기흥구 지삼로250번길 65, 뜨레모아 (지곡동)",경기도 용인시 기흥구 지곡동 69,37.2308,127.135,,10232,붕어 등,160,고정형,2만원~15만원,,구명부환+소화기+구급약품 등,화장실+쓰레기통 등,,031-324-6342,경기도 용인시 기흥구청,2024-07-16,I,2026-05-15 18:45:51,2024-08-13 15:14:59
4050000,202440500001000033,동막낚시터,저수지,,경기도 용인시 처인구 남사읍 통삼리 646-16,37.14471,127.1326,031-333-4001,1.54,붕어,90,좌대+방갈로,2.5만원,,구명부환+소화기+구급약품 등,화장실+쓰레기통 등,,031-324-5352,경기도 용인시 처인구청,2024-07-16,I,2026-05-15 18:45:51,2024-08-13 15:14:59
4050000,202440500001000013,동 막,저수지,,경기도 용인시 처인구 남사읍 통삼리 646-16,37.1446296,127.1325699,,1.54,붕어+잉어+향어,0,고정형,20000원,,구명부환+구명조끼+구명줄+소화기+안전사다리,화장실+분리수거장,,,경기도 용인시 처인구청,2024-07-16,I,2026-05-15 18:45:51,2024-08-13 15:14:59
4050000,202456200001000004,삼 인,저수지,경기도 용인시 처인구 남사읍 북리 369,,37.1583712,127.141521,,9.5,붕어+잉어,118,고정형,50000원,,구명부환+구명조끼+구명줄+소화기+안전사다리,화장실+분리수거장,,,처인구청 산업과,2024-07-16,I,2026-05-15 18:45:51,2024-07-16 10:53:15
4050000,202440500001000015,두 창,저수지,,경기도 용인시 처인구 원삼면 두창리 1393,37.1489493,127.3348678,,19.6,붕어+잉어+향어,78,고정형,25000원,,구명부환+구명조끼+구명줄+소화기+안전사다리,화장실+분리수거장,,,경기도 용인시 처인구청,2024-07-16,I,2026-05-15 18:45:51,2024-08-13 15:14:59
4050000,202440500001000017,상 덕,저수지,,경기도 용인시 처인구 이동읍 서리 873,37.2149397,127.1636173,,2.09,붕어+잉어,0,고정형,20000원,,구명부환+구명조끼+구명줄+소화기+안전사다리,화장실+분리수거장,,,경기도 용인시 처인구청,2024-07-16,I,2026-05-15 18:45:51,2024-08-13 15:14:59
4050000,202440500001000014,아 곡,저수지,,경기도 용인시 처인구 백암면 고안리 산153,37.131062,127.4165405,,1.13,붕어+잉어+향어,0,고정형,30000원,,구명부환+구명조끼+구명줄+소화기+안전사다리,화장실+분리수거장,,,경기도 용인시 처인구청,2024-07-16,I,2026-05-15 18:45:51,2024-08-13 15:14:59
4050000,202456200001000006,아 곡,저수지,경기도 용인시 처인구 백암면 고안리 산153,,37.131062,127.4165405,,1.13,붕어+잉어+향어,0,고정형,30000원,,구명부환+구명조끼+구명줄+소화기+안전사다리,화장실+분리수거장,,,처인구청 산업과,2024-07-16,I,2026-05-15 18:45:51,2024-07-16 10:53:15
4050000,202456200001000013,송원,저수지,경기도 용인시 처인구 남사읍 봉무리 678-8,,37.1073578,127.1439165,,0.75,붕어+잉어,0,고정형,(휴업중),,구명부환+구명조끼+구명줄+소화기+안전사다리,화장실+분리수거장,,,처인구청 산업과,2024-07-16,I,2026-05-15 18:45:51,2024-07-16 10:53:15
4050000,202440500001000029,이동내수면어업계 낚시터,저수지,경기도 용인시 처인구 이동읍 경기동로842번길 15,경기도 용인시 처인구 이동읍 어비리 574-3,37.1261,127.2041,031-336-7312,303.58,붕어+잉어,300,좌대+방갈로,4만원~5만원,,구명부환+소화기+구급약품 등,화장실+쓰레기통 등,,031-324-5352,경기도 용인시 처인구청,2024-07-16,I,2026-05-15 18:45:51,2024-08-13 15:14:59
4050000,202440500001000010,신 원,저수지,,경기도 용인시 처인구 이동읍 묵리 346,37.1649538,127.2516595,,23.8,붕어+잉어+향어,0,고정형,60000원,,구명부환+구명조끼+구명줄+소화기+안전사다리,화장실+분리수거장,,,경기도 용인시 처인구청,2024-07-16,I,2026-05-15 18:45:51,2024-08-13 15:14:59
4050000,202440500001000019,신 기,저수지,,경기도 용인시 처인구 남동 542,37.219866,127.1912656,,2.07,붕어+잉어+향어,75,고정형,40000원,,구명부환+구명조끼+구명줄+소화기+안전사다리,화장실+분리수거장,,,경기도 용인시 처인구청,2024-07-16,I,2026-05-15 18:45:51,2024-08-13 15:14:59
4050000,202440500001000023,묵리낚시터,저수지,경기도 용인시 처인구 이동읍 이원로 375,경기도 용인시 처인구 이동읍 묵리 591,37.17612,127.2327,031-332-7272,0.29,붕어,120,좌대,2만원~4만원,,구명부환+소화기+구급약품 등,화장실+쓰레기통 등,,031-324-5352,경기도 용인시 처인구청,2024-07-16,I,2026-05-15 18:45:51,2024-08-13 15:14:59
4050000,202456200001000007,동 막,저수지,경기도 용인시 처인구 남사읍 통삼리 646-16,,37.1446296,127.1325699,,1.54,붕어+잉어+향어,0,고정형,20000원,,구명부환+구명조끼+구명줄+소화기+안전사다리,화장실+분리수거장,,,처인구청 산업과,2024-07-16,I,2026-05-15 18:45:51,2024-07-16 10:53:15
4050000,202440500001000030,요덕골낚시터,저수지,,경기도 용인시 처인구 이동읍 송전리 52,37.13821,127.22,031-335-9370,1.7,붕어,120,좌대+방갈로,3만원~5만원,,구명부환+소화기+구급약품 등,화장실+쓰레기통 등,,031-324-5352,경기도 용인시 처인구청,2024-07-16,I,2026-05-15 18:45:51,2024-08-13 15:14:59
4050000,202440500001000009,사계절,저수지,,경기도 용인시 처인구 이동읍 송전리 984,37.1343898,127.19417,,1.42,붕어+잉어,0,고정형,25000원,,구명부환+구명조끼+구명줄+소화기+안전사다리,화장실+분리수거장,,,경기도 용인시 처인구청,2024-07-16,I,2026-05-15 18:45:51,2024-08-13 15:14:59
4050000,202456200001000010,신 원,저수지,경기도 용인시 처인구 이동읍 묵리 346,,37.1649538,127.2516595,,23.8,붕어+잉어+향어,0,고정형,60000원,,구명부환+구명조끼+구명줄+소화기+안전사다리,화장실+분리수거장,,,처인구청 산업과,2024-07-16,I,2026-05-15 18:45:51,2024-07-16 10:53:15
4050000,202440500001000016,삼 인,저수지,,경기도 용인시 처인구 남사읍 북리 369,37.1583712,127.141521,,9.5,붕어+잉어,118,고정형,50000원,,구명부환+구명조끼+구명줄+소화기+안전사다리,화장실+분리수거장,,,경기도 용인시 처인구청,2024-07-16,I,2026-05-15 18:45:51,2024-08-13 15:14:59
4050000,202440500001000022,물어실내바다낚시터,기타,경기도 용인시 처인구 포곡읍 영문로 128,경기도 용인시 처인구 포곡읍 영문리 82,37.27555,127.2063,031-333-1022,0.13,랍스터,40,좌대,4.4만원,,구명부환+소화기+구급약품 등,화장실+쓰레기통 등,,031-324-5352,경기도 용인시 처인구청,2024-07-16,I,2026-05-15 18:45:51,2024-08-13 15:14:59
4050000,202456200001000019,용인실내바다낚시터,기타,경기도 용인시 처인구 포곡읍 영문리 82,,37.2754097,127.206358,,0.12,우럭+광어+참돔,25,실내,40000원,,구명부환+구명조끼+구명줄+소화기+안전사다리,화장실+분리수거장,,,처인구청 산업과,2024-07-16,I,2026-05-15 18:45:51,2024-07-16 10:53:15
4050000,202440500001000005,묵 리,저수지,,경기도 용인시 처인구 이동읍 묵리 591,37.1760506,127.2327837,,0.29,붕어+잉어+향어,0,고정형,20000원,,구명부환+구명조끼+구명줄+소화기+안전사다리,화장실+분리수거장,,,경기도 용인시 처인구청,2024-07-16,I,2026-05-15 18:45:51,2024-08-13 15:14:59
4050000,202440500001000004,이 동,저수지,,경기도 용인시 처인구 이동읍 어비리574-3,37.1259221,127.2040823,,303.58,붕어+잉어+향어,0,고정형,5000원,,구명부환+구명조끼+구명줄+소화기+안전사다리,화장실+분리수거장,,,경기도 용인시 처인구청,2024-07-16,I,2026-05-15 18:45:51,2024-08-13 15:14:59
4050000,202440500001000039,한터낚시터,저수지,경기도 용인시 처인구 양지면 한터로662번길 10,경기도 용인시 처인구 양지면 대대리 639-1,37.25983,127.2766,,4.3,향어,120,좌대+방갈로,1만원~3만원,,구명부환+소화기+구급약품 등,화장실+쓰레기통 등,,031-324-5352,경기도 용인시 처인구청,2024-07-16,I,2026-05-15 18:45:51,2024-08-13 15:14:59
4050000,202440500001000018,한 터,저수지,,경기도 용인시 처인구 양지면 대대리 639-1,37.2599235,127.276299,,7.76,붕어+잉어+향어,148,고정형,20000원,,구명부환+구명조끼+구명줄+소화기+안전사다리,화장실+분리수거장,,,경기도 용인시 처인구청,2024-07-16,I,2026-05-15 18:45:51,2024-08-13 15:14:59
4050000,202456200001000016,이 동,저수지,경기도 용인시 처인구 이동읍 어비리574-3,,37.1259221,127.2040823,,303.58,붕어+잉어+향어,0,고정형,5000원,,구명부환+구명조끼+구명줄+소화기+안전사다리,화장실+분리수거장,,,처인구청 산업과,2024-07-16,I,2026-05-15 18:45:51,2024-07-16 10:53:15
4050000,202440500001000003,고초골,저수지,,경기도 용인시 처인구 원삼면 학일리 104,37.1578429,127.2845366,,4,붕어+잉어+향어,207,고정형,40000원,,구명부환+구명조끼+구명줄+소화기+안전사다리,화장실+분리수거장,,,경기도 용인시 처인구청,2024-07-16,I,2026-05-15 18:45:51,2024-08-13 15:14:59
4050000,202440500001000011,요덕골,저수지,,경기도 용인시 처인구 이동읍 송전리 41,37.1373894,127.2199263,,1.7,붕어+잉어+향어,0,고정형,60000원,,구명부환+구명조끼+구명줄+소화기+안전사다리,화장실+분리수거장,,,경기도 용인시 처인구청,2024-07-16,I,2026-05-15 18:45:51,2024-08-13 15:14:59
4060000,202540600001000018,이철우,기타,,경기도 파주시 광탄면 신산리 244,37.79654046,126.8515559,,2662.1,기타내수면 어류,50,고정형,40000원,,구명부환+구명조끼,화장실+분리수거통,,,경기도 파주시청,2025-12-23,I,2026-05-15 18:45:51,2025-12-23 10:43:46
4060000,202540600001000034,임진리낚시터,기타,경기도 파주시 문산읍 임진나루길 178-68,경기도 파주시 문산읍 임진리 30,37.88809785,126.7928557,,3894,잉어,50,고정형,25000원,,구명부환+구명조끼,화장실+분리수거통,,,경기도 파주시청,2025-12-23,I,2026-05-15 18:45:51,2025-12-23 10:43:46
4060000,202540600001000022,아름낚시터,기타,경기도 파주시 광탄면 부흥로 422,경기도 파주시 광탄면 발랑리 188-5,37.80380438,126.8939758,,1085,기타내수면 어류,50,고정형,20000원,,구명부환+구명조끼,화장실+분리수거통,,,경기도 파주시청,2025-12-23,I,2026-05-15 18:45:51,2025-12-23 10:43:46
4060000,202540600001000023,직천낚시터,기타,,경기도 파주시 법원읍 직천리 364-1번지 외 247필지,37.89062379,126.927037,,452000,기타내수면 어류,100,고정형,20000원,,구명부환+구명조끼,화장실+분리수거통,,,경기도 파주시청,2025-12-23,I,2026-05-15 18:45:51,2025-12-23 10:43:46
4060000,202540600001000024,감악산낚시터,기타,,경기도 파주시 적성면 무건리 2-9,37.91225942,126.9529307,,2702,기타내수면 어류,50,고정형,20000원,,구명부환+구명조끼,화장실+분리수거통,,,경기도 파주시청,2025-12-23,I,2026-05-15 18:45:51,2025-12-23 10:43:46
4060000,202540600001000025,작은연못낚시터,기타,경기도 파주시 광탄면 방축안길 39-5,경기도 파주시 광탄면 방축리 221-2,37.81228319,126.8594378,,576,기타내수면 어류,30,고정형,10000원,,구명부환+구명조끼,화장실+분리수거통,,,경기도 파주시청,2025-12-23,I,2026-05-15 18:45:51,2025-12-23 10:43:46
4060000,202540600001000026,눈삔물고기낚시터,기타,경기도 파주시 문산읍 당동2로 5 트윈프라자2차 2층,경기도 파주시 문산읍 당동리 888-3번지 트윈프라자2차 2층,37.86793185,126.7847148,,40.5,기타내수면 어류,30,고정형,20000원,,구명부환+구명조끼,화장실+분리수거통,,,경기도 파주시청,2025-12-23,I,2026-05-15 18:45:51,2025-12-23 10:43:46
4060000,202540600001000027,발랑낚시터,기타,,경기도 파주시 광탄면 발랑리 4-3번지 외 75필지,37.80467312,126.911665,,148211.5,기타내수면 어류,100,고정형,25000원,,구명부환+구명조끼,화장실+분리수거통,,,경기도 파주시청,2025-12-23,I,2026-05-15 18:45:51,2025-12-23 10:43:46
4060000,202540600001000028,광탄낚시터,기타,경기도 파주시 광탄면 부흥로 194-42,경기도 파주시 광탄면 방축리 95번지,37.80119634,126.8676326,,18000,기타내수면 어류,100,고정형,20000원,,구명부환+구명조끼,화장실+분리수거통,,,경기도 파주시청,2025-12-23,I,2026-05-15 18:45:51,2025-12-23 10:43:46
4060000,202540600001000029,썸피싱카페,기타,경기도 파주시 금정 18길 20,경기도 파주시 금촌동 71-9번지 장안아파트,37.76092367,126.7749272,,64.41,잉어,30,고정형,10000원,,구명부환+구명조끼,화장실+분리수거통,,,경기도 파주시청,2025-12-23,I,2026-05-15 18:45:51,2025-12-23 10:43:46
4060000,202540600001000030,금곡낚시터,기타,경기도 파주시 법원읍 술이홀로1372번길 347,경기도 파주시 법원읍 금곡리 32,37.89267479,126.8926452,,3589,숭어+붕어,50,고정형,30000원,,구명부환+구명조끼,화장실+분리수거통,,,경기도 파주시청,2025-12-23,I,2026-05-15 18:45:51,2025-12-23 10:43:46
4060000,202540600001000031,자유로레저낚시터,기타,경기도 파주시 탄현면 엘지로717번길 2-114,경기도 파주시 탄현면 낙하리 312-1,37.83697837,126.7299299,,1195,기타내수면 어류,50,고정형,70000원,,구명부환+구명조끼,화장실+분리수거통,,,경기도 파주시청,2025-12-23,I,2026-05-15 18:45:51,2025-12-23 10:43:46
4060000,202540600001000032,원실내바다낚시터,기타,경기도 파주시 산남로107번길 35-139,경기도 파주시 산남동 120-9,37.70095373,126.6948921,,96,잉어+붕어,30,고정형,22000원,,구명부환+구명조끼,화장실+분리수거통,,,경기도 파주시청,2025-12-23,I,2026-05-15 18:45:51,2025-12-23 10:43:46
4060000,202540600001000033,매일낚시터,평지,"경기도 파주시 광탄면 보광로 898-17, 매일낚시터",경기도 파주시 광탄면 마장리 121 매일낚시터,37.77679555,126.8842036,031-948-4043,832,기타내수면 어류,45,고정형,"15,000원",,구명부환+구명조끼,화장실+분리수거통,,,경기도 파주시청,2025-12-23,I,2026-05-15 18:45:51,2025-12-23 10:43:46
4060000,202540600001000021,삼방낚시터,기타,,경기도 파주시 법원읍 삼방리 391-1,37.82433421,126.8684128,,2766,기타내수면 어류,50,고정형,20000원,,구명부환+구명조끼,화장실+분리수거통,,,경기도 파주시청,2025-12-23,I,2026-05-15 18:45:51,2025-12-23 10:43:46
4070000,202540700001000007,본죽낚시터,저수지,경기도 이천시 율면 주래본죽로 508-1,경기도 이천시 율면 본죽리 401,37.08,127.52,,15000,붕어,100,고정형,20000,,구명부환+구명조끼+소화기+구급약품,화장실+쓰레기통,,031-6190-7343,경기도 이천시청,2025-10-24,I,2026-05-15 18:45:51,2025-10-27 15:27:20
4070000,202540700001000008,이천낚시터,저수지,,경기도 이천시 모가면 소고리 263,37.18954274,127.460881,,4600,붕어+잉어,50,고정형,15000,,구명부환+구명조끼+소화기+구급약품,화장실+쓰레기통,,031-6190-7343,경기도 이천시청,2025-10-24,I,2026-05-15 18:45:51,2025-10-27 15:27:20
4070000,202540700001000004,각평낚시터,저수지,경기도 이천시 마장면 덕이로154번길 273,경기도 이천시 마장면 각평리 296-2,37.23,127.38,,39000,붕어+잉어+메기,124,고정형,30000,,구명부환+구명조끼+소화기+구급약품,화장실+쓰레기통,,031-6190-7343,경기도 이천시청,2025-10-24,I,2026-05-15 18:45:51,2025-10-27 15:27:20
4070000,202540700001000010,강원낚시터,저수지,,경기도 이천시 모가면 어농리 376-1,37.18595646,127.4259568,,800,붕어+잉어,30,고정형,20000,,구명부환+구명조끼+소화기+구급약품,화장실+쓰레기통,,031-6190-7343,경기도 이천시청,2025-10-24,I,2026-05-15 18:45:51,2025-10-27 15:27:20
4070000,202540700001000001,성호낚시터,저수지,,경기도 이천시 설성면 장천리 238,37.13,127.53,,347000,붕어+잉어+동자개,200,고정형,25000,,구명부환+구명조끼+소화기+구급약품,화장실+쓰레기통,,031-6190-7343,경기도 이천시청,2025-10-24,I,2026-05-15 18:45:51,2025-10-27 15:27:20
4070000,202540700001000005,고담낚시터,저수지,경기도 이천시 진상미로2192번길 217,경기도 이천시 고담동 298-3,37.23,127.46,,29000,붕어,126,고정형,30000,,구명부환+구명조끼+소화기+구급약품,화장실+쓰레기통,,031-6190-7343,경기도 이천시청,2025-10-24,I,2026-05-15 18:45:51,2025-10-27 15:27:20
4070000,202540700001000006,학암낚시터,저수지,경기도 이천시 신둔면 이장로311번길 490,경기도 이천시 신둔면 고척리 493,37.28,127.37,,13000,붕어+향어+잉어,100,고정형,30000,,구명부환+구명조끼+소화기+구급약품,화장실+쓰레기통,,031-6190-7343,경기도 이천시청,2025-10-24,I,2026-05-15 18:45:51,2025-10-27 15:27:20
4070000,202540700001000009,장호원낚시터,저수지,,경기도 이천시 장호원읍 선읍리 720,37.14164263,127.5742478,,5700,붕어+잉어,100,고정형,15000,,구명부환+구명조끼+소화기+구급약품,화장실+쓰레기통,,031-6190-7343,경기도 이천시청,2025-10-24,I,2026-05-15 18:45:51,2025-10-27 15:27:20
4070000,202540700001000002,용풍낚시터,저수지,,경기도 이천시 장호원읍 송산리 298,37.12,127.59,,311000,붕어+가물치,85,고정형,30000,,구명부환+구명조끼+소화기+구급약품,화장실+쓰레기통,,031-6190-7343,경기도 이천시청,2025-10-24,I,2026-05-15 18:45:51,2025-10-27 15:27:20
4070000,202540700001000011,이천 락 실내바다낚시터,기타,,경기도 이천시 마장면 이치리 247-2,37.25432108,127.3745361,,150,붕어+잉어,30,고정형,44000,,구명부환+구명조끼+소화기+구급약품,화장실+쓰레기통,,031-6190-7343,경기도 이천시청,2025-10-24,I,2026-05-15 18:45:51,2025-10-27 15:27:20
4070000,202540700001000003,용면파크낚시터,저수지,,경기도 이천시 신둔면 용면리 533,37.29,127.36,,49000,붕어+향어+잉어+메기+빙어,84,고정형,30000,,구명부환+구명조끼+소화기+구급약품,화장실+쓰레기통,,031-6190-7343,경기도 이천시청,2025-10-24,I,2026-05-15 18:45:51,2025-10-27 15:27:20
4080000,202540800001000016,반제,저수지,경기도 안성시 원곡면 반제호수길 90,경기도 안성시 원곡면 반제리 378-4,37.026444,127.165384,031-652-6369,117000,붕어,200,부유형,낚시터 문의바람,수초지대와 건너편,구명부환+소화기+구급약품+전기설비,화장실+쓰레기통,3.1 운동기념관,031-678-2594,안성시,2025-10-22,I,2026-05-15 18:45:51,2025-10-24 15:00:30
4080000,202540800001000031,회암,저수지,,경기도 안성시 삼죽면 내강리 519,37.0624896,127.3630405,,8000,붕어,90,고정형,낚시터 문의바람,수초지대와 건너편,구명부환+소화기+구급약품+전기설비,화장실+쓰레기통,,031-678-2593,안성시,2025-10-22,I,2026-05-15 18:45:51,2025-10-24 15:00:30
4080000,202540800001000020,덕산,저수지,경기도 안성시 삼죽면 덕산호수길 87,경기도 안성시 삼죽면 배태리 76-1,37.076725,127.366471,031-672-4527,327000,붕어,60,부유형,낚시터 문의 바람,수초지대와 건너편,구명부환+소화기+구급약품+전기설비,화장실+쓰레기통,,031-678-2594,안성시,2025-10-22,I,2026-05-15 18:45:51,2025-10-24 15:00:30
4080000,202540800001000021,농촌지,저수지,경기도 안성시 발화대길 221 (발화동),경기도 안성시 발화동 118,36.983539,127.284644,031-673-3436,30900,붕어,150,부유형,낚시터 문의바람,수초지대와 건너편,구명부환+소화기+구급약품+전기설비,화장실+쓰레기통,,031-678-2594,안성시,2025-10-22,I,2026-05-15 18:45:51,2025-10-24 15:00:30
4080000,202540800001000004,독정,저수지,경기도 안성시 원곡면 원당로 108,경기도 안성시 원곡면 칠곡리 811-1,37.040221,127.159316,031-675-0842,40000,붕어,77,고정형+부유형,낚시터 문의바람,수초지대와 건너편,구명부환+소화기+구급약품+전기설비,화장실+쓰레기통,,031-678-2594,안성시,2025-10-22,I,2026-05-15 18:45:51,2025-10-24 15:00:30
4080000,202540800001000006,조일,저수지,경기도 안성시 양성면 조일말길 35-19,경기도 안성시 양성면 조일리 93,37.71125,127.212681,031-6740-8669,20000,붕어,62,고정형,낚시터 문의바람,수초지대와 건너편,구명부환+소화기+구급약품+전기설비,화장실+쓰레기통,,031-678-2594,안성시,2025-10-22,I,2026-05-15 18:45:51,2025-10-24 15:00:30
4080000,202540800001000012,성은,저수지,경기도 안성시 원곡면 통심길 16-46,경기도 안성시 원곡면 성은리 403-1,37.071231,127.166836,031-655-6507,9000,붕어,50,부유형,낚시터 문의바람,수초지대와 건너편,구명부환+소화기+구급약품+전기설비,화장실+쓰레기통,,031-678-2594,안성시,2025-10-22,I,2026-05-15 18:45:51,2025-10-24 15:00:30
4080000,202540800001000029,설동,저수지,,경기도 안성시 죽산면 용설리 8,37.0512335,127.460951,031-675-0842,6000,붕어,70,고정형,낚시터 문의바람,수초지대와 건너편,구명부환+소화기+구급약품+전기설비,화장실+쓰레기통,,031-674-2594,안성시,2025-10-22,I,2026-05-15 18:45:51,2025-10-24 15:00:30
4080000,202540800001000022,노곡,저수지,경기도 안성시 양성면 안성맞춤대로 2184-5,경기도 안성시 양성면 노곡리 247-2,37.106131,127.253152,031-672-2131,27200,붕어,50,부유형,낚시터 문의바람,수초지대와 거넌편,구명부환+소화기+구급약품+전기설비,화장실+쓰레기통,미리내성지,031-678-2594,안성시,2025-10-22,I,2026-05-15 18:45:51,2025-10-24 15:00:30
4080000,202540800001000024,두메,저수지,경기도 안성시 죽산면 두메호수로 90,경기도 안성시 죽산면 두교리 465,37.008264,127.428955,031-672-7838,481000,붕어,200,부유형,낚시터 문의 바람,수초지대와 건너편,구명부환+소화기+구급약품+전기설비,화장실+쓰레기통,죽주산성,031-678-2594,안성시,2025-10-22,I,2026-05-15 18:45:51,2025-10-24 15:00:30
4080000,202540800001000011,도곡,저수지,경기도 안성시 양성면 양성로 376-101,경기도 안성시 양성면 도곡리 35-1,37.088009,127.216608,031-672-4643,20000,붕어,70,부유형,낚시터 문의바람,수초지대와 건너편,구명부환+소화기+구급약품+전기설비,화장실+쓰레기통,,031-678-2594,안성시,2025-10-22,I,2026-05-15 18:45:51,2025-10-24 15:00:30
4080000,202540800001000014,동신곡,저수지,경기도 안성시 금광면 동신곡길 52,경기도 안성시 금광면 신양복리 61,37.009422,127.331959,031-674-9933,14000,붕어,100,부유형,낚시터 문의바람,수초지대와 건너편,구명부환+소화기+구급약품+전기설비,화장실+쓰레기통,,031-678-2594,안성시,2025-10-22,I,2026-05-15 18:45:51,2025-10-24 15:00:30
4080000,202540800001000017,월향,저수지,경기도 안성시 고삼면 고삼호수로 144-4,경기도 안성시 고삼면 월향리 591,37.085938,127.272579,031-673-6399,3700,붕어,70,고정형,낚시터 문의바람,수초지대와 건너편,구명부환+소화기+구급약품+전기설비,화장실+쓰레기통,,031-678-2594,안성시,2025-10-22,I,2026-05-15 18:45:51,2025-10-24 15:00:30
4080000,202540800001000003,참샘,평지,경기도 안성시 원곡면 지문북길 98,경기도 안성시 원곡면 지문리 303-4,37.067592,127.151253,031-656-1051,3000,붕어,30,부유형,낚시터 문의바람,수초지대와 건너편,구명부환+소화기+구급약품+전기설비,화장실+쓰레기통,,031-678-2594,안성시,2025-10-22,I,2026-05-15 18:45:51,2025-10-24 15:00:30
4080000,202540800001000023,용설,저수지,경기도 안성시 죽산면 용설호수길 174-13,경기도 안성시 죽산면 용설리 519-7,37.057744,127.444983,031-676-5518,526600,붕어,100,부유형,낚시터 문의바람,수초지대와 건너편,구명부환+소화기+구급약품+전기설비,화장실+쓰레기통,용설호 문화마을,031-678-2594,안성시,2025-10-22,I,2026-05-15 18:45:51,2025-10-24 15:00:30
4080000,202540800001000007,성주리,저수지,경기도 안성시 원곡면 원암로 194-93,경기도 안성시 원곡면 성주리 51,37.082602,127.176224,031-656-4923,6000,붕어,84,고정형+부유형,낚시터 문의바람,수초지대와 건너편,구명부환+소화기+구급약품+전기설비,화장실+쓰레기통,,031-678-2594,안성시,2025-10-22,I,2026-05-15 18:45:51,2025-10-24 15:00:30
4080000,202540800001000015,꼴미,저수지,경기도 안성시 고삼면 삼은길 15,경기도 안성시 고삼면 봉산리 204-2,37.076432,127.288986,031-674-0757,14500,붕어,50,고정형+부유형,낚시터 문의바람,수초지대와 건너편,구명부환+소화기+구급약품+전기설비,화장실+쓰레기통,,031-678-2594,안성시,2025-10-22,I,2026-05-15 18:45:51,2025-10-24 15:00:30
4080000,202540800001000026,신미골,저수지,경기도 안성시 삼죽면 신미1길 181,경기도 안성시 삼죽면 미장리 39-1,37.038116,127.377075,031-672-3434,11300,붕어,40,고정형,낚시터 문의 바람,수초지대와 건너편,구명부환+소화기+구급약품+전기설비,화장실+쓰레기통,,031-678-2594,안성시,2025-10-22,I,2026-05-15 18:45:51,2025-10-24 15:00:30
4080000,202540800001000025,마둔,저수지,경기도 안성시 금광면 배티로 521,경기도 안성시 금광면 장죽리 산 26-4,36.974239,127.314235,031-675-9229,400000,붕어,100,부유형,낚시터 문의바람,수초지대와 건너편,구명부환+소화기+구급약품+전기설비,화장실+쓰레기통,석남사,031-678-2594,안성시,2025-10-22,I,2026-05-15 18:45:51,2025-10-24 15:00:30
4080000,202540800001000009,거청,저수지,경기도 안성시 대덕면 배꽃길 16,경기도 안성시 대덕면 모산리 423,37.026031,127.240801,031-677-1191,27000,붕어,200,부유형,낚시터 문의바람,수초지대와 건너편,구명부환+소화기+구급약품+전기설비,화장실+쓰레기통,,031-678-2594,안성시,2025-10-22,I,2026-05-15 18:45:51,2025-10-24 15:00:30
4080000,202540800001000030,상지,저수지,,경기도 안성시 원곡면 지문리 269,37.061062,127.144169,031-656-4610,70000,붕어,100,부유형,낚시터 문의바람,수초지대와 건너편,구명부환+소화기+구급약품+전기설비,화장실+쓰레기통,,031-678-2593,안성시,2025-10-22,I,2026-05-15 18:45:51,2025-10-24 15:00:30
4080000,202540800001000018,연못,저수지,경기도 안성시 고삼면 산양길 22,경기도 안성시 고삼면 월향리 44-2,37.094849,127.289617,031-672-3870,3600,붕어,10,부유형,낚시터 문의바람,수초지대와 건너편,구명부환+소화기+구급약품+전기설비,화장실+쓰레기통,,031-678-2594,안성시,2025-10-22,I,2026-05-15 18:45:51,2025-10-24 15:00:30
4080000,202540800001000028,금광호수,저수지,경기도 안성시 금광면 진안로 905,경기도 안성시 금광면 금광리 297-3,36.9898764,127.329794,,1384000,붕어,90,부유형,낚시터 문의바람,수초지대와 건너편,구명부환+소화기+구급약품+전기설비,화장실+쓰레기통,박두진 둘레길,031-674-2594,안성시,2025-10-22,I,2026-05-15 18:45:51,2025-10-24 15:00:30
4080000,202540800001000013,장광,저수지,경기도 안성시 죽산면 관앞길 103-6,경기도 안성시 죽산면 매산리 695-4,37.097851,127.429726,031-672-6677,20000,붕어,180,부유형,낚시터 문의바람,수초지대와 건너편,구명부환+소화기+구급약품+전기설비,화장실+쓰레기통,,031-678-2594,안성시,2025-10-22,I,2026-05-15 18:45:51,2025-10-24 15:00:30
4080000,202540800001000019,청월,저수지,경기도 안성시 고삼면 고삼호수로 176-29,경기도 안성시 고삼면 월향리 402-2,37.085688,127.277025,031-672-7072,4500,붕어,50,부유형,낚시터 문의바람,수초지대와 건너편,구명부환+소화기+구급약품+전기설비,화장실+쓰레기통,,031-678-2594,안성시,2025-10-22,I,2026-05-15 18:45:51,2025-10-24 15:00:30
4080000,202540800001000001,장계,저수지,,경기도 안성시 죽산면 장계리 868,37.040644,127.406525,031-674-9111,119000,붕어,50,고정형+부유형,낚시터 문의바람,수초지대와 건너편,구명부환+소화기+구급약품+전기설비,화장실+쓰레기통,,031-678-2594,안성시,2025-10-22,I,2026-05-15 18:45:51,2025-10-24 15:00:30
4080000,202540800001000002,개나리낚시공원,평지,경기도 안성시 삼죽면 개나리길 128,경기도 안성시 삼죽면 진촌리 18-2,37.050525,127.372127,031-674-8799,9900,붕어,100,고정형,낚시터 문의바람,수초지대와 건너편,구명부환+소화기+구급약품+전기설비,화장실+쓰레기통,,031-678-2594,안성시,2025-10-22,I,2026-05-15 18:45:51,2025-10-24 15:00:30
4080000,202640800001000001,죽산낚시펜션,기타,경기도 안성시 죽산면 능앞길 247-13,경기도 안성시 죽산면 장능리 322,37.057,127.392,,1470,붕어,54,없음,낚시터 문의바람,펜션,구명부환+소화기+구급약품+전기설비,화장실+쓰레기통,,031-678-2594,안성시,2026-05-08,I,2026-05-15 18:45:51,2026-05-08 17:43:51
4080000,202540800001000005,덕봉,저수지,경기도 안성시 양성면 덕봉서원로 601-76,경기도 안성시 양성면 덕봉리 산 8,37.052552,127.187616,031-673-4529,16500,붕어,75,고정형+부유형,낚시터 문의바람,수초지대와 건너편,구명부환+소화기+구급약품+전기설비,화장실+쓰레기통,,031-678-2594,안성시,2025-10-22,I,2026-05-15 18:45:51,2025-10-24 15:00:30
4080000,202540800001000008,명인,저수지,경기도 안성시 원곡면 새울길 87-12,경기도 안성시 원곡면 내가천리 203-31,37.071332,127.212969,0507-147-1422,20000,붕어,138,고정형+부유형,낚시터 문의바람,수초지대와 건너편,구명부환+소화기+구급약품+전기설비,화장실+쓰레기통,,031-678-2594,안성시,2025-10-22,I,2026-05-15 18:45:51,2025-10-24 15:00:30
4080000,202540800001000010,산우물,저수지,경기도 안성시 보개면 남사당로 539-8,경기도 안성시 보개면 신안리 197,37.060386,127.315883,031-676-1707,16000,붕어,80,부유형,낚시터 문의바람,수초지대와 건너편,구명부환+소화기+구급약품+전기설비,화장실+쓰레기통,,031-678-2594,안성시,2025-10-22,I,2026-05-15 18:45:51,2025-10-24 15:00:30
4080000,202540800001000027,만정,저수지,경기도 안성시 공도읍 만수동길 57,경기도 안성시 공도읍 만정리 56-10,37.018111,127.183264,031-658-5006,238000,붕어,110,부유형,낚시터 문의바람,수초지대와 건너편,구명부환+소화기+구급약품+전기설비,화장실+쓰레기통,,031-678-2594,안성시,2025-10-22,I,2026-05-15 18:45:51,2025-10-24 15:00:30
4090000,202640900001000014,드림바다실내낚시터,기타,경기도 김포시 풍무로 9번길 26,,37.59767746625,126.7199535428,,0.1,"붕어, 잉어, 기타어류",26,해당없음,"15,000",,구명부환+구명조끼+소화기 등,화장실 + 분리수거통,,,김포시청,2026-05-11,I,2026-05-15 18:45:51,2026-05-12 11:46:22
4090000,202640900001000013,방파제,기타,경기도 김포시 고촌읍 429번길 203,,37.61005563039,126.7667979681,,0.13,"붕어, 잉어, 기타어류",23,해당없음,"55,000",,구명부환+구명조끼+소화기 등,화장실 + 분리수거통,,,김포시청,2026-05-11,I,2026-05-15 18:45:51,2026-05-12 11:46:22
4090000,202640900001000001,이화낚시터,기타,경기도 김포시 고촌읍 선수로 159,,37.59538690566,126.7377052244,031-986-3223,0.35,"붕어, 잉어, 기타어류",35,해당없음,"15,000",,구명부환+구명조끼+소화기 등,화장실 + 분리수거통,,,김포시청,2026-05-11,I,2026-05-15 18:45:51,2026-05-12 11:46:22
4090000,202640900001000002,그린낚시터,기타,경기도 김포시 고촌읍 인향로 210번길 52,,37.58612386395,126.7550609149,031-986-3469,0.14,"붕어, 잉어, 기타어류",26,해당없음,"20,000",,구명부환+구명조끼+소화기 등,화장실 + 분리수거통,,,김포시청,2026-05-11,I,2026-05-15 18:45:51,2026-05-12 11:46:22
4090000,202640900001000003,대원낚시터,기타,경기도 김포시 통진읍 옹정로185번길 71,,37.69228033133,126.5627572586,031-989-2181,0.41,"붕어, 잉어, 기타어류",28,해당없음,"20,000",,구명부환+구명조끼+소화기 등,화장실 + 분리수거통,,,김포시청,2026-05-11,I,2026-05-15 18:45:51,2026-05-12 11:46:22
4090000,202640900001000004,구래낚시터,기타,경기도 김포시 양촌읍 김포한강8로 100-59,,37.62991656015,126.6393800955,031-989-6600,0.51,"붕어, 잉어, 기타어류",42,해당없음,"10,000",,구명부환+구명조끼+소화기 등,화장실 + 분리수거통,,,김포시청,2026-05-11,I,2026-05-15 18:45:51,2026-05-12 11:46:22
4090000,202640900001000005,태리낚시터,기타,경기도 김포시 고촌읍 태리로 116번길 183-63,,37.59687682722,126.7479644147,031-985-1277,0.16,"붕어, 잉어, 기타어류",44,해당없음,"15,000",,구명부환+구명조끼+소화기 등,화장실 + 분리수거통,,,김포시청,2026-05-11,I,2026-05-15 18:45:51,2026-05-12 11:46:22
4090000,202640900001000006,김포낚시터,기타,경기도 김포시 하성면 하성로 633-100,,37.73294354899,126.6231975618,031-988-9587,0.77,"붕어, 잉어, 기타어류",35,해당없음,"35,000",,구명부환+구명조끼+소화기 등,화장실 + 분리수거통,,,김포시청,2026-05-11,I,2026-05-15 18:45:51,2026-05-12 11:46:22
4090000,202640900001000007,고정낚시터,기타,경기도 김포시 통진읍 고척로 104,,37.71745784705,126.5874015577,031-987-7906,0.18,"붕어, 잉어, 기타어류",15,해당없음,"30,000",,구명부환+구명조끼+소화기 등,화장실 + 분리수거통,,,김포시청,2026-05-11,I,2026-05-15 18:45:51,2026-05-12 11:46:22
4090000,202640900001000008,고막낚시터,기타,경기도 김포시 월곶면 용강로 94,,37.72759889112,126.5589193583,031-989-0704,2.4,"붕어, 잉어, 기타어류",52,해당없음,"20,000",,구명부환+구명조끼+소화기 등,화장실 + 분리수거통,,,김포시청,2026-05-11,I,2026-05-15 18:45:51,2026-05-12 11:46:22
4090000,202640900001000009,아리수낚시터,기타,경기도 김포시 하성면 석평로 466,,37.74968587715,126.6509804206,031-982-3332,0.54,"붕어, 잉어, 기타어류",26,해당없음,"60,000",,구명부환+구명조끼+소화기 등,화장실 + 분리수거통,,,김포시청,2026-05-11,I,2026-05-15 18:45:51,2026-05-12 11:46:22
4090000,202640900001000010,볼리피싱실내낚시터,기타,경기도 김포시 대곶면 대곶서로 283-25,,37.64508387291,126.5805912914,,0.02,"붕어, 잉어, 기타어류",34,해당없음,"66,000",,구명부환+구명조끼+소화기 등,화장실 + 분리수거통,,,김포시청,2026-05-11,I,2026-05-15 18:45:51,2026-05-12 11:46:22
4090000,202640900001000011,제이앤디실내낚시터,기타,경기도 김포시 양촌읍 황금로 24번길 91-15,,37.62301747703,126.6290117493,031-985-8456,0.02,"붕어, 잉어, 기타어류",21,해당없음,"55,000",,구명부환+구명조끼+소화기 등,화장실 + 분리수거통,,,김포시청,2026-05-11,I,2026-05-15 18:45:51,2026-05-12 11:46:22
4090000,202640900001000012,김포 피싱존,기타,경기도 김포시 석모로 44번길 93,,37.65637152874,126.6469992702,031-988-4245,0.14,"붕어, 잉어, 기타어류",22,해당없음,"20,000",,구명부환+구명조끼+소화기 등,화장실 + 분리수거통,,,김포시청,2026-05-11,I,2026-05-15 18:45:51,2026-05-12 11:46:22
4090000,202640900001000015,나까보까 낚시터,기타,경기도 김포시 봉화로 176,,37.62783495753,126.7022883117,,0.14,"붕어, 잉어, 기타어류",17,해당없음,"25,000",,구명부환+구명조끼+소화기 등,화장실 + 분리수거통,,,김포시청,2026-05-11,I,2026-05-15 18:45:51,2026-05-12 11:46:22
4140000,202441400001000001,지오낚시터,기타,경기도 연천군 군남면 청정로 2060,경기도 연천군 군남면 황지리 529,38.04319586,127.0296004,,1560,송어+메기,70,해당없음,30000원,,구명부환+소화기,화장실+분리수거통,,031-839-2321,경기도 연천군청,2024-07-31,U,2026-05-21 03:03:03,2026-05-20 14:20:25
4140000,202441400001000003,양원리낚시터,저수지,경기도 연천군 전곡읍 양원로 108-37,경기도 연천군 전곡읍 양원리 660-3,37.98743059,127.021049,,2611,메기,50,해당없음,30000원,,구명부환+소화기,화장실+분리수거통,,031-839-2321,경기도 연천군청,2024-07-31,U,2026-05-21 03:03:03,2026-05-20 14:19:41
4140000,202441400001000004,전곡낚시터,저수지,경기도 연천군 군남면 오리골길 124,경기도 연천군 군남면 황지리 447,38.03704578,127.03402,,10392,송어+메기,150,해당없음,30000원,,구명부환+소화기,화장실+분리수거통,,031-839-2321,경기도 연천군청,2024-07-31,U,2026-05-21 03:03:03,2026-05-20 14:18:59
4140000,202441400001000006,백학낚시터,저수지,경기도 연천군 백학면 저수지길 21,경기도 연천군 백학면 두일리 산 27-1,38.032232,126.9250483,,407736,붕어+잉어,190,이동형,25000원,,구명부환+구명조끼+소화기,화장실+분리수거통,,031-839-2321,경기도 연천군청,2024-07-31,U,2026-05-21 03:03:03,2026-05-20 14:18:31
4140000,202441400001000002,삼화리낚시터,저수지,경기도 연천군 미산면 삼화2길 96,경기도 연천군 미산면 삼화리 183,38.01270377,126.9767416,,8214,붕어,40,해당없음,30000원,,구명부환+소화기,화장실+분리수거통,,031-839-2321,경기도 연천군청,2024-07-31,U,2026-05-21 03:03:03,2026-05-20 14:20:04
4160000,202641600001000005,폭포낚시터,평지,경기도 가평군 조종면 명지산로 51-183,,37.883709,127.360053,,2551,송어+메기,30,없음,30000,,구명부환+구명조끼+소화기+구급약품,화장실+분리수거통,,,경기도 가평군청,2026-05-20,,2026-05-21 21:28:25,2026-05-20 15:49:25
4160000,202641600001000003,산수낚시터,평지,경기도 가평군 북면 논남기길 19-35,,37.967557,127.459915,,634,송어,20,없음,30000,,구명부환+구명조끼+소화기+구급약품,화장실+분리수거통,,,경기도 가평군청,2026-05-20,,2026-05-21 21:28:25,2026-05-20 15:49:25
4160000,202641600001000001,도장골낚시터,평지,경기도 가평군 조종면 대보간선로399번길 63-9,,37.806847,127.373369,,2925,메기+향어,60,없음,40000,,구명부환+구명조끼+소화기+구급약품,화장실+분리수거통,,,경기도 가평군청,2026-05-20,,2026-05-21 21:28:25,2026-05-20 15:49:25
4160000,202641600001000004,가평낚시터,평지,경기도 가평군 가평읍 가화로 440-95,,37.855453,127.510032,,3039,송어+메기,45,없음,30000,,구명부환+구명조끼+소화기+구급약품,화장실+분리수거통,,,경기도 가평군청,2026-05-20,,2026-05-21 21:28:25,2026-05-20 15:49:25
4160000,202641600001000002,산유낚시터,평지,경기도 가평군 가평읍 분자골로 22,,37.757527,127.50958,,1667,메기+향어,41,없음,40000,,구명부환+구명조끼+소화기+구급약품,화장실+분리수거통,,,경기도 가평군청,2026-05-20,,2026-05-21 21:28:25,2026-05-20 15:49:25
4170000,202041700001000003,월산낚시터,저수지,경기도 양평군 지평면 금의길 69,경기도 양평군 지평면 망미리 838-2,37.47269801,127.6511908,031-774-4797,62117,"붕어, 향어, 잉어",250,부유형,"입어료 40,000",,구명부환+ 구명조끼+ 소화기+ 구급약품,화장실+ 쓰레기통,용문산,031-770-3639,양평군 축산반려동물과,2026-05-15,U,2026-05-16 03:03:03,2026-05-15 18:00:00
4170000,202041700001000002,수곡낚시터,저수지,경기도 양평군 지평면 어은길 71,경기도 양평군 지평면 수곡리 95-3,37.44059045,127.5999993,031-771-1233,51143,붕어,100,고정형,"입어료 35,000",,구명부환+ 구명조끼+ 소화기+ 구급약품,화장실+ 쓰레기통,생태숲산책로,031-770-3639,양평군 축산반려동물과,2026-05-15,U,2026-05-16 03:03:03,2026-05-15 18:00:09
4170000,202041700001000007,오빈낚시터,저수지,경기도 양평군 양평읍 한들길 29,경기도 양평군 양평읍 덕평리 414-4,37.50612798,127.4898977,031-772-1612,21168,붕어,180,부유형,"입어료 40,000",,구명부환+ 구명조끼+ 소화기+ 구급약품,화장실+ 쓰레기통,용문산+ 유명산,031-770-3639,양평군 축산반려동물과,2026-05-15,U,2026-05-16 03:03:03,2026-05-15 17:49:20
4170000,202041700001000011,대명낚시터,저수지,경기도 양평군 단월면 소부록길 35,경기도 양평군 단월면 부안리 379-2,37.56866935,127.6741137,,3013,메기,60,부유형,"입어료 40,000",,구명부환+ 구명조끼+ 소화기+ 구급약품,화장실+ 쓰레기통,,031-770-3639,양평군 축산반려동물과,2026-05-15,U,2026-05-16 03:03:03,2026-05-15 17:46:23
4170000,202041700001000013,고재낚시터,저수지,경기도 양평군 지평면 고재길 108,경기도 양평군 지평면 곡수리 536,37.42743942,127.606234,031-773-1199,2889,"붕어, 메기, 잉어, 향어",24,고정형,"입어료 20,000",,구명부환+ 구명조끼+ 소화기+ 구급약품,화장실+ 쓰레기통,,031-770-3639,양평군 축산반려동물과,2026-05-15,U,2026-05-16 03:03:03,2026-05-15 17:45:50
4170000,202041700001000008,대석낚시터,저수지,경기도 양평군 강상면 강남로 1811,경기도 양평군 강상면 대석리 114,37.4269477,127.4777729,031-771-0510,7264,붕어,90,부유형,"입어료 40,000",,구명부환+ 구명조끼+ 소화기+ 구급약품,화장실+ 쓰레기통,,031-770-3639,양평군 축산반려동물과,2026-05-15,U,2026-05-16 03:03:03,2026-05-15 17:49:09
4170000,202041700001000010,세월낚시터,저수지,경기도 양평군 강상면 다래길 99-4,경기도 양평군 강상면 세월리 586-3,37.44519278,127.4805659,031-774-5661,2600,"향어, 메기",30,고정식,"입어료 40,000",,구명부환+ 구명조끼+ 소화기+ 구급약품,화장실+ 쓰레기통,,031-770-3639,양평군 축산반려동물과,2026-05-15,U,2026-05-16 03:03:03,2026-05-15 17:48:37
4170000,202041700001000012,피쉬랜드낚시터,저수지,경기도 양평군 강하면 강하2로 367,경기도 양평군 강하면 성덕리 262-4,37.46486201,127.4205487,,2089,"메기, 장어, 철갑상어",50,고정형,"입어료 40,000",,구명부환+ 구명조끼+ 소화기+ 구급약품,화장실+ 쓰레기통,,031-770-3639,양평군 축산반려동물과,2026-05-15,U,2026-05-16 03:03:03,2026-05-15 17:46:05
4170000,202041700001000004,백동낚시터,저수지,경기도 양평군 단월면 백동길 269-19,경기도 양평군 단월면 덕수리 22-2,37.56063061,127.6867879,031-772-7750,34162,"붕어, 향어, 메기, 잉어",100,고정형,"입어료 40,000",,구명부환+ 구명조끼+ 소화기+ 구급약품,화장실+ 쓰레기통,용문산,031-770-3639,양평군 축산반려동물과,2026-05-15,U,2026-05-16 03:03:03,2026-05-15 17:59:40
4170000,202041700001000009,향리낚시터,저수지,경기도 양평군 개군면 아랫상골길 45,경기도 양평군 개군면 향리 131-2,37.43479102,127.5667369,031-772-8681,120106,붕어,120,부유형,"입어료 35,000",,구명부환+ 구명조끼+ 소화기+ 구급약품,화장실+ 쓰레기통,,031-770-3639,양평군 축산반려동물과,2026-05-15,U,2026-05-16 03:03:03,2026-05-15 17:48:53
4170000,202041700001000005,그린낚시터,저수지,경기도 양평군 강하면 수대길 110,경기도 양평군 강하면 전수리 215,37.48031275,127.4263199,031-774-2650,15528,붕어,60,고정형,"입어료 35,000",,구명부환+ 구명조끼+ 소화기+ 구급약품,화장실+ 쓰레기통,수변공원,031-770-3639,양평군 축산반려동물과,2026-05-15,U,2026-05-16 03:03:03,2026-05-15 17:59:29
4170000,202041700001000001,부림낚시터,저수지,경기도 양평군 개군면 불곡덕고갯길 134-66,경기도 양평군 개군면 부리 360,37.43924011,127.5477091,031-771-7409,5805,"잉어, 향어",100,부유형,"입어료 25,000",,구명부환+ 구명조끼+ 소화기+ 구급약품,화장실+ 쓰레기통,,031-770-3639,양평군 축산반려동물과,2026-05-15,U,2026-05-16 03:03:03,2026-05-15 18:00:20
4170000,202041700001000006,신애낚시터,저수지,경기도 양평군 양평읍 새만이길 86,경기도 양평군 양평읍 신애리 236,37.51020947,127.4959266,031-775-5211,19486,"향어, 잉어",100,부유형,"입어료 25,000",,구명부환+ 구명조끼+ 소화기+ 구급약품,화장실+ 쓰레기통,,031-770-3639,양평군 축산반려동물과,2026-05-15,U,2026-05-16 03:03:03,2026-05-15 17:59:15
4181000,202241810001000023,거두리낚시터,저수지,강원특별자치도 춘천시 동내면 거두길 282-8,강원특별자치도 춘천시 동내면 거두리 314-2,37.8604434283,127.7888513667,033-262-6995,10000,붕어+향어+잉어,94,고정형,"노지 : 40,000원 / 하우스 : 10,000원",,구명부환+구명조끼+소화기+구급약품,화장실+분리수거통+샤워실+폐기물보관장,없음,033-250-3328,춘천시농업기술센터 축산과,2026-05-11,I,2026-05-15 18:45:51,2026-05-11 11:31:55
4181000,202241810001000020,은파정낚시터,기타,강원특별자치도 춘천시 동산면 영서로 287-17,강원특별자치도 춘천시 동산면 조양리 317-3,37.7558263058,127.8117096475,033-261-2731,511,향어,38,고정형,"40,000원",,구명부환+구명조끼+소화기+구급약품,화장실+분리수거통+샤워실+폐기물보관장,없음,033-250-3328,춘천시농업기술센터 축산과,2026-05-11,I,2026-05-15 18:45:51,2026-05-11 11:34:33
4181000,202241810001000021,추곡터널낚시터,기타,강원특별자치도 춘천시 북산면 춘양로 1452,강원특별자치도 춘천시 북산면 추곡리 658,38.0337618623,127.8763567730,033-243-1843,3900,향어+메기+잉어,60,고정형,"40,000원",,구명부환+구명조끼+소화기+구급약품,화장실+분리수거통+샤워실+폐기물보관장,없음,033-250-3328,춘천시농업기술센터 축산과,2026-05-11,I,2026-05-15 18:45:51,2026-05-11 11:34:22
4181000,202241810001000024,유포리낚시터,저수지,강원특별자치도 춘천시 신북읍 맥국3길 15-28,강원특별자치도 춘천시 신북읍 유포리 1325,37.9467657079,127.7748379271,033-242-5959,9000,향어+메기,58,고정형,"40,000원",,구명부환+구명조끼+소화기+구급약품,화장실+분리수거통+샤워실+폐기물보관장,없음,033-250-3328,춘천시농업기술센터 축산과,2026-05-11,I,2026-05-15 18:45:51,2026-05-11 11:31:46
4181000,202241810001000018,말고개낚시터,기타,강원특별자치도 춘천시 사북면 말고개길 307,강원특별자치도 춘천시 사북면 신포리 641-1,38.0134708495,127.6263902594,033-243-8927,7926,향어,50,고정형,"30,000원",,구명부환+구명조끼+소화기+구급약품,화장실+분리수거통+샤워실+폐기물보관장,없음,033-250-3328,춘천시농업기술센터 축산과,2026-05-11,I,2026-05-15 18:45:51,2026-05-11 11:34:56
4181000,202241810001000014,하늘낚시공원낚시터,기타,강원특별자치도 춘천시 서면 당숲안길 61,강원특별자치도 춘천시 서면 당림리 414-8,37.8363222975,127.6066043081,,2520,붕어,16,고정형,"평일 160,000원 금요일 180,000원 토요일 200,000원  (성인 2인)",,구명부환+구명조끼+소화기+구급약품,화장실+분리수거통+샤워실+폐기물보관장,없음,033-250-3328,춘천시농업기술센터 축산과,2026-05-11,I,2026-05-15 18:45:51,2026-05-11 11:35:33
4181000,202241810001000022,강촌체험장낚시터,기타,강원특별자치도 춘천시 남면 박암관천길 511-55,강원특별자치도 춘천시 남면 박암리 514-1,37.7212312787,127.5391075122,033-264-3773,28271,붕어,80,고정형,"30,000원",,구명부환+구명조끼+소화기+구급약품,화장실+분리수거통+샤워실+폐기물보관장,수상레저사업장(가평1등수상레저),033-250-3328,춘천시농업기술센터 축산과,2026-05-11,I,2026-05-15 18:45:51,2026-05-11 11:33:50
4181000,202241810001000013,샘골낚시터,기타,강원특별자치도 춘천시 서면  방동샘골길 35,강원특별자치도 춘천시 서면 방동리 744-2,37.9109353379,127.6682808536,033-255-7206,1704,향어+메기,42,고정형,"30,000원",,구명부환+구명조끼+소화기+구급약품,화장실+분리수거통+샤워실+폐기물보관장,없음,033-250-3328,춘천시농업기술센터 축산과,2026-05-11,I,2026-05-15 18:45:51,2026-05-11 11:35:46
4181000,202241810001000017,소양계곡낚시터,기타,강원특별자치도 춘천시 서면 율장길 266,강원특별자치도 춘천시 서면 안보리 349,37.8608315164,127.5830549645,033-263-5322,3025,향어,50,고정형,"30,000원",,구명부환+구명조끼+소화기+구급약품,화장실+분리수거통+샤워실+폐기물보관장,없음,033-250-3328,춘천시농업기술센터 축산과,2026-05-11,I,2026-05-15 18:45:51,2026-05-11 11:35:14
4181000,202241810001000019,팔미리낚시터,기타,강원특별자치도 춘천시 신동면 경춘로 1817,강원특별자치도 춘천시 신동면 팔미리 861-159,37.8210165363,127.7008514045,033-261-3570,1296,잉어+향어+붕어,41,고정형,"25,000원",,구명부환+구명조끼+소화기+구급약품,화장실+분리수거통+샤워실+폐기물보관장,없음,033-250-3328,춘천시농업기술센터 축산과,2026-05-11,I,2026-05-15 18:45:51,2026-05-11 11:34:42
4181000,202241810001000015,은행나무하우스낚시터,기타,강원특별자치도 춘천시 신동면 경춘로 1773,강원특별자치도 춘천시 신동면 팔미리 437-1,37.8228853588,127.6968574887,033-261-2442,430,붕어+향어+잉어,49,고정형,"하절기 : 15,000원 동절기 : 20,000원",,구명부환+구명조끼+소화기+구급약품,화장실+분리수거통+샤워실+폐기물보관장,없음,033-250-3328,춘천시농업기술센터 축산과,2026-05-11,I,2026-05-15 18:45:51,2026-05-11 11:35:23
4191000,202041910001000007,샘골낚시터,저수지,강원특별자치도 원주시 호저면 광학로 177,강원특별자치도 원주시 호저면 광격리 369-4,37.462663,127.939202,,7405,"붕어, 잉어, 장어, 메기",50,-,"30,000원",,소화기+구명부환+구명줄+방송설비,관리시설+화장실+세면장+쓰레기분리수거함,,,강원특별자치도 원주시청,2025-10-21,I,2026-05-15 18:45:51,2025-10-21 09:51:49
4191000,202041910001000012,물고기마을,평지,,강원특별자치도 원주시 흥업면 사제리 92-1,37.332017,127.894424,,1097,"향어, 메기, 장어",68,-,"40,000원",,소화기+구명부환+구명줄+방송설비,관리시설+화장실+세면장+쓰레기분리수거함,,,강원특별자치도 원주시청,2025-10-21,I,2026-05-15 18:45:51,2025-10-21 09:50:23
4191000,202041910001000004,이무기낚시터,저수지,강원특별자치도 원주시 소초면 신양선녀길 99,강원특별자치도 원주시 소초면 장양리 160-1,37.413059,127.972658,,11989,붕어,80,고정형,"20,000원",,소화기+구명부환+구명줄+방송설비,관리시설+화장실+세면장+쓰레기분리수거함,,,강원특별자치도 원주시청,2025-10-21,I,2026-05-15 18:45:51,2025-10-21 09:52:36
4191000,202041910001000006,취병낚시터,저수지,,강원특별자치도 원주시 문막읍 취병리 731,37.325026,127.785414,,105000,붕어+향어+잉어,40,고정형,"20,000원",,소화기+구명부환+구명줄+방송설비,관리시설+화장실+세면장+쓰레기분리수거함,,,강원특별자치도 원주시청,2025-10-21,I,2026-05-15 18:45:51,2025-10-21 09:52:02
4191000,202041910001000013,탑전낚시터,저수지,,강원특별자치도 원주시 문막읍 동화리 1282-7,37.332365,127.828872,,3610,붕어+잉어,128,-,"15,000원",,소화기+구명부환+구명줄+방송설비,관리시설+화장실+세면장+쓰레기분리수거함,,,강원특별자치도 원주시청,2025-10-21,I,2026-05-15 18:45:51,2025-10-21 09:50:15
4191000,202041910001000015,돌모루낚시터,평지,,강원특별자치도 원주시 소초면 흥양리 1649-3,37.381465,127.975253,,835,붕어+향어+잉어,50,-,"10,000원",,소화기+구명부환+구명줄+방송설비,관리시설+화장실+세면장+쓰레기분리수거함,,,강원특별자치도 원주시청,2025-10-21,I,2026-05-15 18:45:51,2025-10-21 09:49:54
4191000,202041910001000001,고산낚시터,저수지,강원특별자치도 원주시 호저면 호저로 1140,강원특별자치도 원주시 호저면 고산리 159번지 외,37.466789,127.918048,,94000,붕어+향어+잉어,200,부유형,"30,000원",,소화기+구명부환+구명줄+방송설비,관리시설+화장실+세면장+쓰레기분리수거함,없음,,강원특별자치도 원주시청,2025-10-21,I,2026-05-15 18:45:51,2025-10-21 09:52:50
4191000,202041910001000005,단강낚시터,저수지,강원특별자치도 원주시 부론면 섬뜰작실길 26-59,강원특별자치도 원주시 부론면 단강리 1349-2,37.156403,127.790081,,1523,향어+메기+뱀장어,37,-,"50,000원",,소화기+구명부환+구명줄+방송설비,관리시설+화장실+세면장+쓰레기분리수거함,,,강원특별자치도 원주시청,2025-10-21,I,2026-05-15 18:45:51,2025-10-21 09:52:28
4191000,202041910001000014,승안낚시터,평지,강원특별자치도 원주시 흥업면 돼니길 32-39,강원특별자치도 원주시 흥업면 대안리 529-1,37.314986,127.875357,,2500,붕어+향어+잉어,70,-,"30,000원",,소화기+구명부환+구명줄+방송설비,관리시설+화장실+세면장+쓰레기분리수거함,,,강원특별자치도 원주시청,2025-10-21,I,2026-05-15 18:45:51,2025-10-21 09:50:05
4191000,202041910001000002,서곡낚시터,저수지,강원특별자치도 원주시 판부면 백운정길 46,강원특별자치도 원주시 판부면 서곡리 1026-1,37.298324,127.932703,,5903,붕어+향어+잉어,100,-,"15,000원",,소화기+구명부환+구명줄+방송설비,관리시설+화장실+세면장+쓰레기분리수거함,,,강원특별자치도 원주시청,2025-10-21,I,2026-05-15 18:45:51,2025-10-21 09:52:43
4191000,202041910001000010,호저낚시터,저수지,강원특별자치도 원주시 호저면 평천1길 21,강원특별자치도 원주시 호저면 주산리 860-2 외,37.422080,127.921589,,4189,붕어+향어+잉어,120,-,"10,000원",,소화기+구명부환+구명줄+방송설비,관리시설+화장실+세면장+쓰레기분리수거함,,,강원특별자치도 원주시청,2025-10-21,I,2026-05-15 18:45:51,2025-10-21 09:50:57
4191000,202041910001000009,도곡낚시터,저수지,강원특별자치도 원주시 소초면 장수1로 191,강원특별자치도 원주시 소초면 수암리 1304번지 외,37.396068,127.976141,,6894,붕어+향어+잉어,133,-,"30,000원",,소화기+구명부환+구명줄+방송설비,관리시설+화장실+세면장+쓰레기분리수거함,,,강원특별자치도 원주시청,2025-10-21,I,2026-05-15 18:45:51,2025-10-21 09:51:13
4191000,202341910001000001,송어축제,기타,"강원특별자치도 원주시 판부면 매봉길 31, 1층",강원특별자치도 원주시 판부면 서곡리 1999-1,37.3212032,127.94403309,,77.58,송어,21,-,"10,000",,소화기+구명부환+구명줄+방송설비,관리시설+화장실+세면장,,,강원특별자치도 원주시청,2025-10-21,I,2026-05-15 18:45:51,2025-10-21 09:49:40
4191000,202041910001000008,신선낚시터,저수지,강원특별자치도 원주시 한가터길 100,강원특별자치도 원주시 반곡동 90-1 외,37.328381,128.001653,,3585,향어+잉어,90,-,"15,000원",,소화기+구명부환+구명줄+방송설비,관리시설+화장실+세면장+쓰레기분리수거함,,,강원특별자치도 원주시청,2025-10-21,I,2026-05-15 18:45:51,2025-10-21 09:51:40
4211000,202542110001000001,단봉낚시터,저수지,강원특별자치도 동해시 봉정2길 95-9,강원특별자치도 동해시 단봉동 903-2,37.46989535,129.1218004,033-522-0099,2393,붕어,60,고정형,1일 10000원,,구급약품,화장실,무릉계곡,033-530-2408,강원특별자치도 동해시청,2026-05-11,I,2026-05-15 18:45:51,2026-05-11 13:22:21
4221000,202042210001000002,금천가든낚시터,평지,"강원특별자치도 태백시 금천길 159, 금천가든낚시터 (금천동)",강원특별자치도 태백시 금천동 12-12 금천가든낚시터,37.094038,128.994978,,2516,"붕어류, 이스라엘잉어, 잉어류",20,고정형,"20,000",,구명부환+소화기,"화장실, 세면소, 식당",,,태백시,2019-06-17,I,2026-05-15 18:45:51,2020-07-14 09:35:22
4221000,202042210001000001,혈리낚시터,평지,"강원특별자치도 태백시 사내골길 117, 혈리낚시터 (혈동)",강원특별자치도 태백시 혈동 77 혈리낚시터,37.129695,128.925167,033-553-6777,2030,"붕어류, 이스라엘잉어, 잉어류",25,고정형,"20,000",,구명부환+소화기,"식당, 수면실, 화장실, 샤워실",,,태백시,2019-06-17,I,2026-05-15 18:45:51,2020-07-14 09:29:49
4251000,202342510001000002,구만리낚시터,평지,,강원특별자치도 홍천군 북방면 구만리 781,37.7117234513,127.7018264539,,4400,붕어+잉어,10,고정형,25000원,,소화기,화장실+주차장,,,강원특별자치도 홍천군청,2023-04-18,I,2026-05-15 18:45:51,2023-04-18 13:39:00
4251000,202342510001000004,시동유정낚시터,평지,,강원특별자치도 홍천군 남면 시동1리 1158-2,37.5920449067,127.8245737380,,5000,붕어+잉어,76,고정형,10000원,,구명부환+소화기+구급약품+방송설비,화장실+쓰레기통,,,강원특별자치도 홍천군청,2023-04-18,I,2026-05-15 18:45:51,2023-04-18 13:39:00
4251000,202342510001000003,모곡낚시터,평지,,강원특별자치도 홍천군 서면 모곡리 1134-2,37.6956781115,127.5743335319,,1025,붕어+잉어,10,고정형,15000원,,소화기,화장실+쓰레기통,,,강원특별자치도 홍천군청,2023-04-18,I,2026-05-15 18:45:51,2023-04-18 13:39:00
4251000,202342510001000001,굴운낚시터,평지,,강원특별자치도 홍천군 화촌면 굴운리 642,37.7232912138,127.9663790041,,3269,붕어+잉어,108,고정형,30000원,,구명부환+구급약품+소화기+방송설비,화장실+세면소+쓰레기보관소+쓰레기통,,,강원특별자치도 홍천군청,2023-04-18,I,2026-05-15 18:45:51,2023-04-18 13:39:00
4261000,202142610001000008,새말낚시터,저수지,,강원특별자치도 횡성군 우천면 문암리 229,37.467563,128.0436703,033-342-3424,0.42,"붕어,잉어,향어",80,고정형,10000,,구명부환+소화기+구급약품+전기설비,화장실+쓰레기통,,033-340-2398,횡성군청,2021-10-07,I,2026-05-15 18:45:51,2021-10-07 15:05:49
4261000,202142610001000012,백달낚시터,저수지,,강원특별자치도 횡성군 우천면 백달리 180,37.439543,128.064043,033-343-8448,1.04,"붕어,잉어,향어",80,고정형,20000,,구명부환+소화기+구급약품+전기설비,화장실+쓰레기통,,033-340-2398,횡성군청,2021-10-07,I,2026-05-15 18:45:51,2021-10-07 15:05:49
4261000,202142610001000011,현천낚시터,저수지,,강원특별자치도 횡성군 둔내면 현천리 821-2,37.48341109,128.175495,033-344-1500,0.45,"붕어,잉어,향어",80,고정형,30000,,구명부환+소화기+구급약품+전기설비,화장실+쓰레기통,,033-340-2398,횡성군청,2021-10-07,I,2026-05-15 18:45:51,2021-10-07 15:05:49
4261000,202142610001000009,대영낚시터,저수지,,강원특별자치도 횡성군 공근면 부창리 546-2,37.585641,127.9945217,033-343-2528,0.23,"붕어,잉어,향어",80,고정형,30000,,구명부환+소화기+구급약품+전기설비,화장실+쓰레기통,,033-340-2398,횡성군청,2021-10-07,I,2026-05-15 18:45:51,2021-10-07 15:05:49
4261000,202142610001000007,도깨비낚시터,저수지,,강원특별자치도 횡성군 우천면 백달리 8,37.44348486,128.0719036,033-344-5513,0.91,"붕어,잉어,향어",100,고정형,30000,,구명부환+소화기+구급약품+전기설비,화장실+쓰레기통,,033-340-2398,횡성군청,2021-10-07,I,2026-05-15 18:45:51,2021-10-07 15:05:49
4271000,202542710001000002,연당낚시터,저수지,강원특별자치도 영월군 남면 영월로 468-38,강원특별자치도 영월군 남면 창원리 467-1,37.177759,128.3780547,,1587,"붕어, 잉어",20,고정형,25000,,"구명부환, 구명조끼, 소화기","화장실, 세면실",,033-370-7826,영월군청,2025-11-07,I,2026-05-15 18:45:51,2025-11-07 14:32:15
4271000,202542710001000001,복지낚시터,저수지,강원특별자치도 영월군 남면 갈골길 103,강원특별자치도 영월군 남면 북쌍리 365,37.2157028,128.4073103,,2377,"붕어, 잉어",30,고정형,15000,,"구명부환, 구명조끼, 소화기","화상실, 세면실",,033-370-7826,영월군청,2025-11-07,I,2026-05-15 18:45:51,2025-11-07 14:32:15
4271000,202542710001000003,행운낚시터,저수지,강원특별자치도 영월군 주천면 중선로 156,강원특별자치도 영월군 주천면 판운리 687-9,37.3073997,128.3236937,,4858,붕어잉어,50,고정형,30000,,"구명부환, 구명조끼, 소화기","관리실, 화장실, 세면실",,033-370-7826,영월군청,2025-11-07,I,2026-05-15 18:45:51,2025-11-07 14:32:15
4281000,202242810001000001,천동낚시,저수지,강원특별자치도 평창군 평창읍 천동길 163,강원특별자치도 평창군 평창읍 천동리 129,37.334102,128.380508,033-334-3661,2500,붕어+향어+잉어,20,고정형,"30,000",,구명조끼+튜브,화장실,,033-330-1315,강원도 평창군청,2022-09-19,I,2026-05-15 18:45:51,2022-09-19 13:49:57
4281000,202242810001000002,평창낚시,저수지,강원특별자치도 평창군 평창읍 등강길 44-1,강원특별자치도 평창군 평창읍 유동리 16,37.348940,128.379776,,2700,붕어+향어+잉어,30,고정형,"30,000",,구명조끼+튜브,화장실,,033-330-1315,강원도 평창군청,2022-09-19,I,2026-05-15 18:45:51,2022-09-19 13:49:57
4301000,202043010001000001,산내들낚시터,기타,강원특별자치도 철원군 김화읍 연동길33,강원특별자치도 철원군 김화읍 청양리 1719-6,38.2358501,127.3635403,033-458-0809,2500,"붕어, 향어, 메기, 장어",200,고정형,50000원/일,없음,구명부환+구명조끼+소화기+구급약품+확성기,화장실+분리수거통,화강,033-450-5391,철원군 농업기술센터 축산과,2023-07-12,I,2026-05-15 18:45:51,2023-07-12 15:24:28
4390000,202543900001000028,죠스실내낚시카페,기타,충청북도 충주시 연수동 국원대로 184,,36.9879831,127.9286973,,0.01,잉어+향어,30,없음,10000,,구명조끼+구명환+구명로프 등,매점,,043-850-5891,충주시청 축수산과,2025-12-01,I,2026-05-15 18:45:51,2025-12-24 16:21:57
4390000,202543900001000029,남산손맛,평지,충청북도 충주시 교현동 금봉대로 346-21,,36.9646455,127.9495865,,0.06,붕어+잉어,74,없음,30000,,구명조끼+구명환+구명로프 등,매점,,043-850-5891,충주시청 축수산과,2025-12-01,I,2026-05-15 18:45:51,2025-12-24 16:21:57
4390000,202543900001000030,가주,평지,충청북도 충주시 대가주2길 23,,36.9324006,127.891439,043-851-2221,0.06,붕어+잉어,74,없음,30000,,구명조끼+구명환+구명로프 등,매점,,043-850-5891,충주시청 축수산과,2025-12-01,I,2026-05-15 18:45:51,2025-12-24 16:21:57
4390000,202543900001000031,도장골,평지,충청북도 충주시 호암동 더덕길 47,,36.9441032,127.9249417,043-855-4448,0.17,붕어+잉어,87,없음,30000,,구명조끼+구명환+구명로프 등,매점,,043-850-5891,충주시청 축수산과,2025-12-01,I,2026-05-15 18:45:51,2025-12-24 16:21:57
4390000,202543900001000032,월상,평지,충청북도 충주시 금가면 김생로 1185,,37.041286,127.866814,,0.32,붕어+잉어,120,없음,30000,,구명조끼+구명환+구명로프 등,매점,,043-850-5891,충주시청 축수산과,2025-12-01,I,2026-05-15 18:45:51,2025-12-24 16:21:57
4390000,202543900001000033,털보,평지,충청북도 충주시 금가면 장대산길 14,,37.015584,127.876401,043-853-0847,0.24,붕어+잉어,20,없음,80000,,구명조끼+구명환+구명로프 등,매점,,043-850-5891,충주시청 축수산과,2025-12-01,I,2026-05-15 18:45:51,2025-12-24 16:21:57
4390000,202543900001000034,태고,평지,충청북도 충주시 금가면 금병길 55,,37.057673,127.912283,,0.11,붕어+잉어,40,없음,20000,,구명조끼+구명환+구명로프 등,매점,,043-850-5891,충주시청 축수산과,2025-12-01,I,2026-05-15 18:45:51,2025-12-24 16:21:57
4390000,202543900001000035,화곡,저수지,충청북도 충주시 주덕읍 화곡1길 531,,37.011374,127.806688,043-845-6971,16.11,붕어+잉어,46,고정형,80000,수상좌대,구명조끼+구명환+구명로프 등,매점,,043-850-5891,충주시청 축수산과,2025-12-01,I,2026-05-15 18:45:51,2025-12-24 16:21:57
4390000,202543900001000036,실로암,저수지,충청북도 충주시 주덕읍 충청대로 2350,,36.963004,127.781525,043-851-3648,0.82,붕어+잉어,150,없음,30000,,구명조끼+구명환+구명로프 등,매점,,043-850-5891,충주시청 축수산과,2025-12-01,I,2026-05-15 18:45:51,2025-12-24 16:21:57
4390000,202543900001000037,모점,저수지,충청북도 충주시 앙성면 모점1길 128,,37.156326,127.738208,043-855-8822,22,붕어+잉어,170,고정형,60000,수상좌대,구명조끼+구명환+구명로프 등,매점,앙성온천,043-850-5891,충주시청 축수산과,2025-12-01,I,2026-05-15 18:45:51,2025-12-24 16:21:57
4390000,202543900001000038,대덕,저수지,충청북도 충주시 노은면 대덕길 119,,37.058787,127.709089,,13.73,붕어+잉어,64,고정형,70000,수상좌대,구명조끼+구명환+구명로프 등,매점,,043-850-5891,충주시청 축수산과,2025-12-01,I,2026-05-15 18:45:51,2025-12-24 16:21:57
4390000,202543900001000039,용원,저수지,충청북도 충주시 신니면 신덕로 523,,37.002766,127.709915,,65.9,붕어+잉어,50,고정형,70000,수상좌대,구명조끼+구명환+구명로프 등,매점,,043-850-5891,충주시청 축수산과,2025-12-01,I,2026-05-15 18:45:51,2025-12-24 16:21:57
4390000,202543900001000040,중산,저수지,충청북도 충주시 수안보면 중산길 185,,36.870547,128.010504,043-847-1924,16.01,붕어+잉어,50,고정형,30000,수상좌대,구명조끼+구명환+구명로프 등,매점,수안보온천,043-850-5891,충주시청 축수산과,2025-12-01,I,2026-05-15 18:45:51,2025-12-24 16:21:57
4390000,202543900001000041,종점,저수지,충청북도 충주시 동량면 지등로 2003,,36.979865,128.056105,043-852-9627,0.66,붕어+잉어,35,고정형,60000,수상좌대,구명조끼+구명환+구명로프 등,매점,충주호유람선,043-850-5891,충주시청 축수산과,2025-12-01,I,2026-05-15 18:45:51,2025-12-24 16:21:57
4390000,202543900001000042,키다리,저수지,,충청북도 충주시 동량면 서운리 산 22-5,36.974192,128.051902,043-851-4278,1.17,붕어+잉어+뱀장어,42,고정형,60000,수상좌대,구명조끼+구명환+구명로프 등,매점,충주호유람선,043-850-5891,충주시청 축수산과,2025-12-01,I,2026-05-15 18:45:51,2025-12-24 16:21:57
4390000,202543900001000043,서운,저수지,충청북도 충주시 동량면 지등로 1758,,36.970944,128.049841,043-851-4803,0.82,붕어+잉어+뱀장어,36,고정형,60000,수상좌대,구명조끼+구명환+구명로프 등,매점,충주호유람선,043-850-5891,충주시청 축수산과,2025-12-01,I,2026-05-15 18:45:51,2025-12-24 16:21:57
4390000,202543900001000044,꽃바위,저수지,,충청북도 충주시 동량면 화암리 275,36.977308,128.018005,,1.38,붕어+잉어+뱀장어,35,고정형,60000,수상좌대,구명조끼+구명환+구명로프 등,매점,충주호유람선,043-850-5891,충주시청 축수산과,2025-12-01,I,2026-05-15 18:45:51,2025-12-24 16:21:57
4390000,202543900001000045,입석,저수지,충청북도 충주시 중앙탑면 감노로 2301,,37.026011,127.845269,043-855-4688,1.97,붕어+잉어,174,고정형,70000,수상좌대,구명조끼+구명환+구명로프 등,매점,"중앙탑공원, 중원고구려비",043-850-5891,충주시청 축수산과,2025-12-01,I,2026-05-15 18:45:51,2025-12-24 16:21:57
4390000,202543900001000046,목벌,저수지,충청북도 충주시 목벌길 111,,36.967967,128.001411,,2.92,붕어+잉어+뱀장어,54,고정형,60000,수상좌대,구명조끼+구명환+구명로프 등,매점,월악산 국립공원,043-850-5891,충주시청 축수산과,2025-12-01,I,2026-05-15 18:45:51,2025-12-24 16:21:57
4390000,202543900001000047,명서,저수지,충청북도 충주시 산척면 정암산책길 140-1,,37.058406,128.042049,043-852-9520,0.83,붕어+잉어+뱀장어,100,고정형,60000,수상좌대,구명조끼+구명환+구명로프 등,매점,,043-850-5891,충주시청 축수산과,2025-12-01,I,2026-05-15 18:45:51,2025-12-24 16:21:57
4390000,202543900001000048,하천,저수지,충청북도 충주시 동량면 하천1길 26,,37.027482,128.044072,043-851-0025,2.75,붕어+잉어+뱀장어,73,고정형,60000,수상좌대,구명조끼+구명환+구명로프 등,매점,,043-850-5891,충주시청 축수산과,2025-12-01,I,2026-05-15 18:45:51,2025-12-24 16:21:57
4390000,202543900001000049,신매,저수지,충청북도 충주시 살미면 충주호수로 2707,,36.919276,128.020149,043-851-7987,1.74,붕어+잉어+뱀장어,55,고정형,60000,수상좌대,구명조끼+구명환+구명로프 등,매점,월악산 국립공원,043-850-5891,충주시청 축수산과,2025-12-01,I,2026-05-15 18:45:51,2025-12-24 16:21:57
4390000,202543900001000050,제일,저수지,충청북도 충주시 살미면 내사1길 43,,36.908522,128.012356,043-851-0052,1.3,붕어+잉어+뱀장어,73,고정형,60000,수상좌대,구명조끼+구명환+구명로프 등,매점,월악산 국립공원,043-850-5891,충주시청 축수산과,2025-12-01,I,2026-05-15 18:45:51,2025-12-24 16:21:57
4390000,202543900001000051,윤,저수지,충청북도 충주시 살미면 월악로 473,,36.911502,128.017363,043-851-6200,1.3,붕어+잉어+뱀장어,55,고정형,60000,수상좌대,구명조끼+구명환+구명로프 등,매점,월악산 국립공원,043-850-5891,충주시청 축수산과,2025-12-01,I,2026-05-15 18:45:51,2025-12-24 16:21:57
4390000,202543900001000052,문골,저수지,충청북도 충주시 살미면 월악로 621,,36.919744,128.025544,,1.03,붕어+잉어+뱀장어,39,고정형,60000,수상좌대,구명조끼+구명환+구명로프 등,매점,월악산 국립공원,043-850-5891,충주시청 축수산과,2025-12-01,I,2026-05-15 18:45:51,2025-12-24 16:21:57
4390000,202543900001000053,병호,저수지,충청북도 충주시 살미면 내사6길 30,,36.910801,128.020763,043-851-1478,1.03,붕어+잉어+뱀장어,47,고정형,60000,수상좌대,구명조끼+구명환+구명로프 등,매점,월악산 국립공원,043-850-5891,충주시청 축수산과,2025-12-01,I,2026-05-15 18:45:51,2025-12-24 16:21:57
4390000,202543900001000054,늘푸른,저수지,충청북도 충주시 살미면 월악로 745-40,,36.918487,128.034754,043-852-4582,2.48,붕어+잉어+뱀장어,49,고정형,60000,수상좌대,구명조끼+구명환+구명로프 등,매점,월악산 국립공원,043-850-5891,충주시청 축수산과,2025-12-01,I,2026-05-15 18:45:51,2025-12-24 16:21:57
4400000,202444000001000054,후산낚시터,기타,,충청북도 제천시 청풍면 후산리 154번지 외 31필지,37.0296435,128.1225532,,18100,향어+붕어+잉어,29,고정형,70000,,구명부환+구명조끼+소화기,화장실+세면소,,,제천시,2026-05-26,U,2026-05-27 03:03:03,2026-05-26 17:01:30
4400000,202444000001000056,선고지낚시터,저수지,충청북도 제천시 약초로16길 65,충청북도 제천시 덕산면 선고리 583,36.890815,128.195143,,40467,향어+붕어+잉어,44,고정형,40000,,구명부환+구명조끼+소화기,화장실+세면소,,,제천시,2026-05-26,U,2026-05-27 03:03:03,2026-05-26 17:00:02
4400000,202644000001000002,돌감낚시터,기타,,충청북도 제천시 청풍면 연론리 산 42-11,36.972158,128.130531,,7150,"양어, 붕어, 잉어",37,고정형,"70,000",,"구명부환, 구명조끼, 소화기","화장실, 세면소",,,제천시,2026-05-26,,2026-05-27 22:58:25,2026-05-26 17:26:30
4400000,202444000001000053,실리곡낚시터,기타,,충청북도 제천시 청풍면 실리곡리 산7-1번지 외 8필지,36.975227,128.172761,,4900,향어+붕어+잉어,27,고정형,70000,,구명부환+구명조끼+소화기,화장실+세면소,,,제천시,2026-05-26,U,2026-05-27 03:03:03,2026-05-26 17:02:39
4400000,202444000001000046,단돈낚시터,기타,,충청북도 제천시 청풍면 단돈리 산7-1번지 외12필지,37.0394019,128.110997,,9500,향어+붕어+잉어,16,고정형,70000,,구명부환+구명조끼+소화기,화장실+세면소,,,제천시,2026-05-26,U,2026-05-27 03:03:03,2026-05-26 17:07:37
4400000,202444000001000047,신리낚시터,기타,,충청북도 제천시 청풍면 신리 233-1번지 외 14필지,36.995289,128.152191,,16250,향어+붕어+잉어,31,고정형,70000,,구명부환+구명조끼+소화기,화장실+세면소,,,제천시,2026-05-26,U,2026-05-27 03:03:03,2026-05-26 17:06:55
4400000,202444000001000044,물태리낚시터,기타,,충청북도 제천시 청풍면 물태리 산 24-3,36.99213167,128.1679697,,9400,향어+붕어+잉어,14,고정형,70000,,구명부환+구명조끼+소화기,화장실+세면소,,,제천시,2026-05-26,U,2026-05-27 03:03:03,2026-05-26 16:51:03
4400000,202444000001000039,국사봉낚시터,평지,충청북도 제천시 봉양읍 구곡로 173-1,충청북도 제천시 봉양읍 구곡리 331-2,37.0717077,128.108623,,3387,향어+붕어+잉어,15,고정형,40000,,구명부환+구명조끼+소화기,화장실+세면소,,,제천시,2026-05-26,U,2026-05-27 03:03:03,2026-05-26 16:45:17
4400000,202444000001000040,은성낚시공원,평지,"충청북도 제천시 봉양읍 논골로 242, (삼거리)",충청북도 제천시 봉양읍 삼거리 1135-16번지 외 7필지,37.1056988,128.130098,,3064,향어+붕어+잉어,130,고정형,15000,,구명부환+구명조끼+소화기,화장실+세면소,,,제천시,2026-05-26,U,2026-05-27 03:03:03,2026-05-26 16:45:25
4400000,202444000001000049,명암낚시터,저수지,충청북도 제천시 봉양읍 명암로 243,충청북도 제천시 봉양읍 명도리 85-2,37.1675804,128.126267,,62986,향어+붕어+잉어,157,고정형,40000,,구명부환+구명조끼+소화기,화장실+세면소,,,제천시,2026-05-26,U,2026-05-27 03:03:03,2026-05-26 17:05:41
4400000,202444000001000052,용곡낚시터,기타,,충청북도 제천시 청풍면 용곡리 361번지 외8필지,36.9878972,128.1146338,,5100,향어+붕어+잉어,33,고정형,70000,,구명부환+구명조끼+소화기,화장실+세면소,,,제천시,2026-05-26,U,2026-05-27 03:03:03,2026-05-26 17:03:13
4400000,202444000001000051,호반낚시터,기타,충청북도 제천시 한수면 봉화재길 819-2,충청북도 제천시 한수면 서창리 110,36.9517671,128.111061,,4850,향어+붕어+잉어,22,고정형,70000,,구명부환+구명조끼+소화기,화장실+세면소,,,제천시,2026-05-26,U,2026-05-27 03:03:03,2026-05-26 17:04:18
4400000,202444000001000048,대류한버들낚시터,기타,충청북도 제천시 청풍면 대류리 90번지 외 27필지,충청북도 제천시 청풍면 대류리 90번지,36.993111,128.142743,,15900,향어+붕어+잉어,40,고정형,70000,,구명부환+구명조끼+소화기,화장실+세면소,,,제천시,2026-05-26,U,2026-05-27 03:03:03,2026-05-26 17:06:19
4400000,202444000001000043,청풍호반낚시터,기타,,충청북도 제천시 청풍면 용곡리 411번지 외9필지,36.9878972,128.1146338,,3700,향어+붕어+잉어,18,고정형,70000,,구명부환+구명조끼+소화기,화장실+세면소,,,제천시,2026-05-26,U,2026-05-27 03:03:03,2026-05-26 16:45:33
4400000,202444000001000055,오산낚시터,기타,,충청북도 제천시 청풍면 오산리 209-1번지 외 17필지,37.005337,128.090962,,11500,향어+붕어+잉어,30,고정형,70000,,구명부환+구명조끼+소화기,화장실+세면소,,,제천시,2026-05-26,U,2026-05-27 03:03:03,2026-05-26 17:00:26
4400000,202444000001000050,덕곡낚시터,기타,충청북도 제천시 한수면 봉화재11길 24-41,충청북도 제천시 한수면 덕곡리 632-3,36.945013,128.111496,,6250,향어+붕어+잉어,32,고정형,70000,,구명부환+구명조끼+소화기,화장실+세면소,,,제천시,2026-05-26,U,2026-05-27 03:03:03,2026-05-26 17:05:03
4400000,202644000001000004,별바다낚시터,기타,,충청북도 제천시 한수면 서창리 197,36.9529524,128.1022586,,2200,"붕어, 잉어, 향어",18,고정형,"70,000",,"구명부환, 구명조끼, 소화기","화장실, 세면소",,,제천시,2026-05-26,,2026-05-27 22:58:25,2026-05-26 17:33:16
4400000,202644000001000003,양평낚시터,기타,,충청북도 제천시 청풍면 양평리 772,37.002588,128.115062,,11000,"잉어, 양어, 붕어",20,고정형,"70,000",,"구명부환, 구명조끼, 소화기","화장실, 세면대",,,제천시,2026-05-26,,2026-05-27 22:58:25,2026-05-26 17:31:00
4400000,202644000001000001,사오리낚시터,기타,충청북도 제천시 청풍면 호반로 3338,충청북도 제천시 청풍면 사오리 65,37.0388543,128.1103049,,28000,"양어, 붕어, 잉어",25,고정형,"70,000",,"구명부환, 구명조끼, 소화기","화장실, 세면소",,,제천시,2026-05-26,,2026-05-27 22:58:25,2026-05-26 17:21:18
4400000,202444000001000057,짱가네낚시터,기타,,충청북도 제천시 연론리 573-2번지 외 28필지,36.974681,128.127429,,11700,향어+붕어+잉어,47,고정형,70000,,구명부환+구명조끼+소화기,화장실+세면소,,,제천시,2026-05-26,U,2026-05-27 03:03:03,2026-05-26 16:59:25
4420000,202044200001000001,오동낚시터,저수지,충청북도 보은군 회인면 오동4길 89,충청북도 보은군 회인면 오동리 303-4,36.5226,127.5813,,18955,향어,50,고정형,"30,000원",,구멍부환+구명조끼+소화기+구급약품,관리사+화장실+분리수거통,"속리산, 법주사",043-540-3643,충청북도 보은군청,2024-12-17,I,2026-05-15 18:45:51,2024-12-17 11:25:04
4420000,202244200001000001,새골낚시터,평지,충청북도 보은군 탄부면 평각1길 62,충청북도 보은군 탄부면 평각리 398,36.4663,127.7541,,2535,붕어류,30,고정형,"30,000원",,구멍부환+구명조끼+소화기+구급약품,관리사+화장실+쓰레기통,"속리산,법주사",043-540-3643,충청북도 보은군,2024-12-17,I,2026-05-15 18:45:51,2024-12-17 11:25:22
4430000,202044300001000021,오룡낚시터,저수지,"충청북도 옥천군 이원면 백지길 169-1, 주택",충청북도 옥천군 이원면 백지리 793 주택,36.2282367,127.6764916,043-731-1320,3200,"붕어류, 기타내수면어류",45,좌대,25000,,"구명부환,소화기,구급약품 등","연안방갈로6, 휴게실",,043-730-3542,옥천군,2026-05-21,U,2026-05-22 03:03:03,2026-05-21 09:46:17
4430000,202044300001000022,의평낚시터,저수지,"충청북도 옥천군 이원면 의평길 76, 주택",충청북도 옥천군 이원면 의평리 540-3 주택,36.2111008,127.6231871,,15966,붕어류,115,좌대. 방갈로,25000,,"구명부환,소화기,구급약품 등","휴게실1, 화장실3,수상좌대80",,043-730-3542,옥천군,2026-05-21,U,2026-05-22 03:03:03,2026-05-21 09:46:09
4430000,202044300001000025,은행리낚시터,저수지,충청북도 옥천군 군서면 곤룡로 428-31,충청북도 옥천군 군서면 사양리 134,36.2687414,127.5033369,,3371,붕어류,70,좌대,"20,000",,"구명부환,소화기,구급약품 등","관리사1동, 간이화장실2",,043-730-3542,옥천군,2026-05-21,U,2026-05-22 03:03:03,2026-05-21 09:45:42
4430000,202044300001000026,"군서낚시터(구,장령산)",저수지,"충청북도 옥천군 군서면 동평2길 12-24, 주택",충청북도 옥천군 군서면 동평리 74-1 주택,36.2761886,127.5288594,,3272,붕어류,53,연안좌대,"20,000",,"구명부환,소화기,구급약품 등","관리사1동, 화장실2동",,043-730-3542,옥천군,2026-05-21,U,2026-05-22 03:03:03,2026-05-21 09:45:30
4430000,202044300001000014,대밖낚시터,기타,충청북도 옥천군 이원면 대흥2길 32,충청북도 옥천군 이원면 강청리 10-29,36.2446326,127.6219535,,891,기타 내수면어류,40,좌대,"30,000",,"구명부환,소화기,구급약품 등","화장실,관리사무실,식당",,043-730-3542,옥천군,2026-05-21,U,2026-05-22 03:03:03,2026-05-21 09:46:42
4430000,202044300001000024,방아실낚시터,저수지,"충청북도 옥천군 군북면 비야대정로 821, 창고",충청북도 옥천군 군북면 대정리 734 창고,36.3864965,127.532302,,3730,"붕어류, 기타내수면류",76,좌대,25000,,"구명부환,소화기,구급약품 등","화장실2, 세면실1",,043-730-3542,옥천군,2026-05-21,U,2026-05-22 03:03:03,2026-05-21 09:45:51
4430000,202044300001000023,백지리낚시터,저수지,충청북도 옥천군 이원면 백지1길 38-12,충청북도 옥천군 이원면 백지리 621-3,36.2341709,127.6762404,,9024,붕어류,121,연안좌대,,,"구명부환,소화기,구급약품 등","관리소, 화장실2, 세면대1, 육상 좌대 34, 연안 방갈로 60",,043-730-3544,옥천군,2026-05-21,U,2026-05-22 03:03:03,2026-05-21 09:46:00
4430000,202044300001000020,비야골낚시터,기타,"충청북도 옥천군 군북면 비야대정로 282-94, 낚시터",충청북도 옥천군 군북면 증약리 319-2 낚시터,36.3532041,127.5250911,043-731-0235,4264,붕어류,50,좌대,20000,,"구명부환,소화기,구급약품 등","세면실,화장실",,043-730-3542,옥천군,2026-05-21,U,2026-05-22 03:03:03,2026-05-21 09:46:27
4430000,202044300001000019,입큰붕어낚시터,기타,충청북도 옥천군 동이면 세산2길 10,충청북도 옥천군 동이면 세산리 678-8,36.2707834,127.6026089,,1393,붕어류,50,좌대,"25,000",,"구명부환,소화기,구급약품 등","화장실,세면실",,043-730-3542,옥천군,2026-05-21,U,2026-05-22 03:03:03,2026-05-21 09:46:35
4450000,202444500001000001,형제낚시터,평지,"충청북도 진천군 문백면 문진로 88-90, 형제낚시터",충청북도 진천군 문백면 도하리 261-2 형제낚시터,,,,1200,붕어,100,없음,낚시터 문의,,"구명조끼, 부환, 소화기","화장실, 쓰레기 분리수거대",,043-539-3564,진천군,2024-07-15,I,2026-05-15 18:45:51,2024-07-31 10:16:04
4450000,202044500001000001,초평낚시터,저수지,"충청북도 진천군 초평면 평화로 482, 초평호 다목적 광장",충청북도 진천군 초평면 화산리 36번지 일원,36.8103,127.5115,,873908,"메기, 붕어, 베스, 동자개",500,고정형,낚시터 문의,,"구명부환, 구명조끼, 소화기, 구급약품","화장실, 분리수거통","한반도지형, 농다리",,충청북도 진천군,2024-07-15,I,2026-05-15 18:45:51,2024-07-31 10:16:45
4450000,202344500001000001,옥녀봉 낚시터,평지,충청북도 진천군 이월면 은행정1길 14-15,충청북도 진천군 이월면 사곡리 122,,,,6688,붕어,100,해당없음,,,"구명조기, 구명부환, 소화기",화장실,,,진천군,2024-07-15,I,2026-05-15 18:45:51,2024-07-31 10:16:14
4450000,202044500001000002,백곡낚시터,저수지,"충청북도 진천군 진천읍 백곡로 1140-14, 초원",충청북도 진천군 진천읍 건송리 299번지 일원,36.8710,127.3983,,256173,"메기, 붕어, 베스",200,고정형,낚시터 문의,,"구명부환, 구명조끼, 소화기, 구급약품","화장실, 분리수거통","역사테마공원, 종박물관",,충청북도 진천군,2024-07-15,I,2026-05-15 18:45:51,2024-07-31 10:16:34
4450000,202044500001000004,구수리 낚시터,평지,"충청북도 진천군 백곡면 안구수길 34-28, 구수리낚시터",충청북도 진천군 백곡면 구수리 16-1 구수리낚시터,36.8870,127.3606,,2826,붕어,100,없음,낚시터 문의,,"구명부환, 구명조끼, 소화기, 구급약품","매점, 관리실, 화장실, 주차장",,,충청북도 진천군,2024-07-15,I,2026-05-15 18:45:51,2024-07-31 10:16:25
4460000,202044600001000001,매전,저수지,,충청북도 괴산군 감물면 매전리 362,36.81828245,127.8860133,051-365-2782,18,잉어+붕어,50,고정형,15000,,구멍부환+구명조끼+소화기+구급약품,화장실+분리수거통,없음,043-830-3244,충청북도 괴산군청,2025-11-07,I,2026-05-15 18:45:51,2025-11-07 09:29:12
4460000,202044600001000005,박달산,저수지,,충청북도 괴산군 장연면 추점리 58,36.84527458,127.9539078,043-832-8791,3.5,잉어+붕어,70,"고정형, 부유형",30000,,구멍부환+구명조끼+소화기+구급약품,화장실+분리수거통,,043-830-3244,충청북도 괴산군청,2025-11-07,I,2026-05-15 18:45:51,2025-11-07 09:28:42
4460000,202244600001000001,오가리,저수지,,충청북도 괴산군 장연면 오가리 569-8,36.815782,127.951453,043-833-2002,3.42,잉어+붕어,56,"고정형,부유형",30000,,구명부환+구명조끼+소화기+구급약품,화장실+분리수거통,,043-830-3244,충청북도 괴산군청,2025-11-07,I,2026-05-15 18:45:51,2025-11-07 09:28:20
4460000,202044600001000003,신흥,저수지,,충청북도 괴산군 불정면 신흥리 701-3,36.87440983,127.7893156,043-833-4500,11,잉어+붕어,100,"고정형, 부유형",15000,,구멍부환+구명조끼+소화기+구급약품,화장실+분리수거통,,043-830-3244,충청북도 괴산군청,2025-11-07,I,2026-05-15 18:45:51,2025-11-07 09:29:02
4460000,202044600001000006,추산,저수지,,충청북도 괴산군 불정면 추산리 105,36.90966566,127.8198779,043-833-7866,12,잉어+붕어,50,고정형,15000,,구멍부환+구명조끼+소화기+구급약품,화장실+분리수거통,,043-830-3244,충청북도 괴산군청,2025-11-07,I,2026-05-15 18:45:51,2025-11-07 09:28:33
4460000,202044600001000004,문광,저수지,,충청북도 괴산군 문광면 양곡리 3-4,36.769021,127.7466789,043-834-4456,19,잉어+붕어,100,"고정형, 부유형",20000,,구멍부환+구명조끼+소화기+구급약품,화장실+분리수거통,"문광은행나무길, 문광저수지",043-830-3244,충청북도 괴산군청,2025-11-07,I,2026-05-15 18:45:51,2025-11-07 09:28:52
4470000,202344700001000059,백야낚시터,저수지,충청북도 음성군 금왕읍 백야로 320,,39.967806,127.603211,,44.6,붕어,70,"고정형, 수상형",30000,관리실 문의,구명부환*소화기*구급약 등,화장실*쓰레기통 등,한독의약박물관,,충청북도 음성군청,2023-04-20,I,2026-05-15 18:45:51,2023-08-07 15:32:26
4470000,202344700001000054,마이제낚시터,저수지,충청북도 음성군 삼성면 덕정로65번길 102,,37.027938,127.494112,,12.3,붕어,242,"고정형, 수상형","25,000원",관리실 문의,구명부환*소화기*구급약 등,화장실*쓰레기통 등,한독의약박물관,,충청북도 음성군청,2023-04-20,I,2026-05-15 18:45:51,2023-08-07 15:32:26
4470000,202344700001000063,마이제낚시터,저수지,충청북도 음성군 삼성면 덕정로65번길 102,,37.027938,127.494112,,12.3,붕어,70,"고정형, 수상형",25000,관리실 문의,구명부환*소화기*구급약 등,화장실*쓰레기통 등,한독의약박물관,,충청북도 음성군청,2023-04-20,I,2026-05-15 18:45:51,2023-08-07 15:32:26
4470000,202344700001000099,내곡낚시터,저수지,충청북도 음성군 금왕읍 마루택길29번길 63,,37.01744,127.53839,,16.5,붕어,70,"고정형, 수상형",20000,관리실 문의,구명부환*소화기*구급약 등,화장실*쓰레기통 등,한독의약박물관,,충청북도 음성군청,2023-04-20,I,2026-05-15 18:45:51,2023-08-07 15:32:27
4470000,202344700001000043,용대리낚시터,저수지,충청북도 음성군 삼성면 덕호로 360,,37.044544,127.514314,,4.11,붕어,84,고정형,"30,000원",관리실 문의,구명부환*소화기*구급약 등,화장실*쓰레기통 등,한독의약박물관,,충청북도 음성군청,2023-04-20,I,2026-05-15 18:45:51,2023-08-07 15:32:26
4470000,202644700001000050,삼성지낚시터,저수지,충청북도 음성군 삼성면 금일로 1064-6,,37.026576,127.484692,,22.4,붕어,70,"고정형, 수상형","25,000원",관리실 문의,구명부환*소화기*구급약 등,화장실*쓰레기통 등,한독의약박물관,,충청북도 음성군청,2023-04-20,,2026-05-22 22:58:25,2026-05-21 11:14:14
4470000,202344700001000041,생극낚시터,기타,충청북도 음성군 생극면 오신로 399-16,,37.025839,127.623314,,0.1,붕어,70,해당없음,"55,000원",관리실 문의,구명부환*소화기*구급약 등,화장실*쓰레기통 등,한독의약박물관,,충청북도 음성군청,2023-04-20,I,2026-05-15 18:45:51,2023-08-07 15:32:26
4470000,202344700001000082,복상골낚시터,평지,충청북도 음성군 감곡면 사곡길 279,,37.095607,127.669018,043-882-7066,0.3,붕어,50,고정형,30000,관리실 문의,구명부환*소화기*구급약 등,화장실*쓰레기통 등,"철박물관, 매괴성당",,충청북도 음성군청,2023-04-20,I,2026-05-15 18:45:51,2023-08-07 15:32:27
4470000,202644700001000049,중부낚시터,저수지,충청북도 음성군 삼성면 용성로5번길 86-24,,37.001845,127.47583,,5,붕어,70,고정형,"30,000원",관리실 문의,구명부환*소화기*구급약 등,화장실*쓰레기통 등,한독의약박물관,,충청북도 음성군청,2023-04-20,,2026-05-22 22:58:25,2026-05-21 11:14:14
4470000,202644700001000116,삼성지낚시터,저수지,충청북도 음성군 삼성면 금일로 1064-6,,37.026576,127.484692,,22.4,붕어,70,"고정형, 수상형",20000,관리실 문의,구명부환*소화기*구급약 등,화장실*쓰레기통 등,한독의약박물관,,충청북도 음성군청,2026-05-21,,2026-05-22 22:58:25,2026-05-21 11:22:35
4470000,202644700001000117,중부낚시터,저수지,충청북도 음성군 삼성면 용성로5번길 86-24,,37.001845,127.47583,,5,붕어,70,"고정형, 수상형",30000,관리실 문의,구명부환*소화기*구급약 등,화장실*쓰레기통 등,한독의약박물관,,충청북도 음성군청,2026-05-21,,2026-05-22 22:58:25,2026-05-21 11:22:35
4470000,202644700001000121,사계지낚시터,저수지,충청북도 음성군 금왕읍 보습길 77,,37.020711,127.551423,,5.2,붕어,70,"고정형, 수상형",30000,관리실 문의,구명부환*소화기*구급약 등,화장실*쓰레기통 등,한독의약박물관,,충청북도 음성군청,2026-05-21,,2026-05-22 22:58:25,2026-05-21 11:22:35
4470000,202344700001000029,차평낚시터,저수지,충청북도 음성군 생극면 차생로 618-20,,37.049326,127.622166,,10.7,붕어,70,"고정형, 수상형","30,000원",관리실 문의,구명부환*소화기*구급약 등,화장실*쓰레기통 등,한독의약박물관,,충청북도 음성군청,2023-04-20,I,2026-05-15 18:45:51,2023-08-07 15:32:26
4470000,202344700001000036,사계지낚시터,저수지,충청북도 음성군 금왕읍 보습길 77,,37.020711,127.551423,,5.2,붕어,70,고정형,"30,000원",관리실 문의,구명부환*소화기*구급약 등,화장실*쓰레기통 등,한독의약박물관,,충청북도 음성군청,2023-04-20,I,2026-05-15 18:45:51,2023-08-07 15:32:26
4470000,202644700001000065,사계지낚시터,저수지,충청북도 음성군 금왕읍 보습길 77,,37.020711,127.551423,,5.2,붕어,70,고정형,"30,000원",관리실 문의,구명부환*소화기*구급약 등,화장실*쓰레기통 등,한독의약박물관,,충청북도 음성군청,2023-04-20,,2026-05-22 22:58:25,2026-05-21 11:14:14
4470000,202644700001000063,백야낚시터,저수지,충청북도 음성군 금왕읍 백야로 320,,39.967806,127.603211,,44.6,붕어,70,"고정형, 수상형","30,000원",관리실 문의,구명부환*소화기*구급약 등,화장실*쓰레기통 등,한독의약박물관,,충청북도 음성군청,2023-04-20,,2026-05-22 22:58:25,2026-05-21 11:14:14
4470000,202644700001000064,내곡낚시터,저수지,충청북도 음성군 금왕읍 마루택길29번길 63,,37.01744,127.53839,,10.5,붕어,90,고정형,"25,000원",관리실 문의,구명부환*소화기*구급약 등,화장실*쓰레기통 등,한독의약박물관,,충청북도 음성군청,2023-04-20,,2026-05-22 22:58:25,2026-05-21 11:14:14
4470000,202644700001000142,복상골낚시터,평지,충청북도 음성군 감곡면 사곡길 279,,37.095607,127.669018,,0.3,붕어,50,고정형,"40,000원",관리실 문의,구명부환*소화기*구급약 등,화장실*쓰레기통 등,"철박물관, 매괴성당",,충청북도 음성군청,2026-05-21,,2026-05-22 22:58:25,2026-05-21 11:22:35
4470000,202644700001000143,극동낚시터,저수지,충청북도 음성군 감곡면 성주로 362-17,,37.14878,127.64593,,1.66,붕어,100,고정형,"30,000원",관리실 문의,구명부환*소화기*구급약 등,화장실*쓰레기통 등,"철박물관, 매괴성당",,충청북도 음성군청,2026-05-21,,2026-05-22 22:58:25,2026-05-21 11:22:35
4470000,202344700001000035,주봉낚시터,저수지,충청북도 음성군 원남면 주봉로 141,,36.866529,127.675445,,13.6,붕어,139,"고정형, 수상형","30,000원",관리실 문의,구명부환*소화기*구급약 등,화장실*쓰레기통 등,반기문생가,,충청북도 음성군청,2023-04-20,I,2026-05-15 18:45:51,2023-08-07 15:32:26
4470000,202644700001000144,백야낚시터,저수지,충청북도 음성군 금왕읍 백야로 320,,39.967806,127.603211,,44.6,붕어,70,"고정형, 수상형","30,000원",관리실 문의,구명부환*소화기*구급약 등,화장실*쓰레기통 등,한독의약박물관,,충청북도 음성군청,2026-05-21,,2026-05-22 22:58:25,2026-05-21 11:22:35
4470000,202644700001000145,내곡낚시터,저수지,충청북도 음성군 금왕읍 마루택길29번길 63,,37.01744,127.53839,,10.5,붕어,90,고정형,"25,000원",관리실 문의,구명부환*소화기*구급약 등,화장실*쓰레기통 등,한독의약박물관,,충청북도 음성군청,2026-05-21,,2026-05-22 22:58:25,2026-05-21 11:22:35
4470000,202644700001000160,제수리낚시터,저수지,충청북도 음성군 금왕읍 금일로284번길 100-4,,37.010817,127.554459,,1.8,붕어,112,고정형,"30,000원",관리실 문의,구명부환*소화기*구급약 등,화장실*쓰레기통 등,한독의약박물관,,충청북도 음성군청,2026-05-21,,2026-05-22 22:58:26,2026-05-21 11:22:35
4470000,202644700001000162,복상골낚시터,평지,충청북도 음성군 감곡면 사곡길 279,,37.095607,127.669018,,0.3,붕어,50,고정형,"40,000원",관리실 문의,구명부환*소화기*구급약 등,화장실*쓰레기통 등,"철박물관, 매괴성당",,충청북도 음성군청,2026-05-21,,2026-05-22 22:58:26,2026-05-21 11:22:35
4470000,202644700001000161,생극낚시터,기타,충청북도 음성군 생극면 오신로 399-16,,37.025839,127.623314,,0.1,장어,70,해당없음,"55,000원",관리실 문의,구명부환*소화기*구급약 등,화장실*쓰레기통 등,한독의약박물관,,충청북도 음성군청,2026-05-21,,2026-05-22 22:58:26,2026-05-21 11:22:35
4470000,202344700001000028,큰골낚시터,저수지,충청북도 음성군 감곡면 대학길190번길 59,,37.138054,127.648323,,4.7,붕어,70,고정형,"30,000원",관리실 문의,구명부환*소화기*구급약 등,화장실*쓰레기통 등,"철박물관, 매괴성당",,충청북도 음성군청,2023-04-20,I,2026-05-15 18:45:51,2023-08-07 15:32:26
4470000,202344700001000079,극동낚시터,저수지,충청북도 음성군 감곡면 성주로 362-17,,37.14878,127.64593,,1.66,붕어,100,해당없음,30000,관리실 문의,구명부환*소화기*구급약 등,화장실*쓰레기통 등,"철박물관, 매괴성당",,충청북도 음성군청,2023-04-20,I,2026-05-15 18:45:51,2023-08-07 15:32:26
4470000,202344700001000075,제수리낚시터,저수지,충청북도 음성군 금왕읍 금일로284번길 100-4,,37.010817,127.554459,,1.8,붕어,60,"고정형, 수상형",30000,관리실 문의,구명부환*소화기*구급약 등,화장실*쓰레기통 등,한독의약박물관,,충청북도 음성군청,2023-04-20,I,2026-05-15 18:45:51,2023-08-07 15:32:26
4470000,202344700001000091,차평낚시터,저수지,충청북도 음성군 생극면 차생로 618-20,,37.049326,127.622166,043-877-2178,10.7,붕어,70,"고정형, 수상형",30000,관리실 문의,구명부환*소화기*구급약 등,화장실*쓰레기통 등,한독의약박물관,,충청북도 음성군청,2023-04-20,I,2026-05-15 18:45:51,2023-08-07 15:32:27
4470000,202344700001000046,거일낚시터,저수지,충청북도 음성군 감곡면 거일길 156,,37.108528,127.657346,,0.3,붕어,45,고정형,"30,000원",관리실 문의,구명부환*소화기*구급약 등,화장실*쓰레기통 등,"철박물관, 매괴성당",,충청북도 음성군청,2023-04-20,I,2026-05-15 18:45:51,2023-08-07 15:32:26
4470000,202344700001000021,생극낚시터,기타,충청북도 음성군 생극면 오신로 399-16,,37.025839,127.623314,,0.1,장어,70,해당없음,"55,000원",관리실 문의,구명부환*소화기*구급약 등,화장실*쓰레기통 등,한독의약박물관,,충청북도 음성군청,2023-04-20,I,2026-05-15 18:45:51,2023-08-07 15:32:26
4470000,202344700001000060,내곡낚시터,저수지,충청북도 음성군 금왕읍 마루택길29번길 63,,37.01744,127.53839,,10.5,붕어,70,"고정형, 수상형",25000,관리실 문의,구명부환*소화기*구급약 등,화장실*쓰레기통 등,한독의약박물관,,충청북도 음성군청,2023-04-20,I,2026-05-15 18:45:51,2023-08-07 15:32:26
4470000,202344700001000094,중부낚시터,저수지,충청북도 음성군 삼성면 용성로5번길 86-24,,37.001845,127.47583,,5,붕어,70,"고정형, 수상형",25000,관리실 문의,구명부환*소화기*구급약 등,화장실*쓰레기통 등,한독의약박물관,,충청북도 음성군청,2023-04-20,I,2026-05-15 18:45:51,2023-08-07 15:32:27
4470000,202344700001000053,맹동낚시터,저수지,충청북도 음성군 맹동면 군자길 1492,,36.894167,127.571429,,98,붕어,75,"고정형, 수상형","25,000원",관리실 문의,구명부환*소화기*구급약 등,화장실*쓰레기통 등,한독의약박물관,,충청북도 음성군청,2023-04-20,I,2026-05-15 18:45:51,2023-08-07 15:32:26
4470000,202344700001000070,오궁낚시터,저수지,충청북도 음성군 감곡면 오궁리 124-2,,37.111463,127.672462,,2.2,붕어,70,"고정형, 수상형",25000,관리실 문의,구명부환*소화기*구급약 등,화장실*쓰레기통 등,"철박물관, 매괴성당",,충청북도 음성군청,2023-04-20,I,2026-05-15 18:45:51,2023-08-07 15:32:26
4470000,202344700001000078,큰손낚시카페,기타,충청북도 음성군 맹동면 원중로 1434(2층),,36.90955,127.541023,,0.07,붕어,30,해당없음,9000 ~ 10000/시간,관리실 문의,소화기*구급약 등,화장실*쓰레기통 등,한독의약박물관,,충청북도 음성군청,2023-04-20,I,2026-05-15 18:45:51,2023-08-07 15:32:26
4470000,202644700001000096,감곡낚시터,저수지,충청북도 음성군 감곡면 감노로 67-18,,37.076491,127.627197,043-878-0789,27.6,붕어,70,"고정형, 수상형",20000,관리실 문의,구명부환*소화기*구급약 등,화장실*쓰레기통 등,"철박물관, 매괴성당",,충청북도 음성군청,2026-05-21,,2026-05-22 22:58:25,2026-05-21 11:22:35
4470000,202644700001000098,제수리낚시터,저수지,충청북도 음성군 금왕읍 금일로284번길 100-4,,37.010817,127.554459,,1.8,붕어,60,"고정형, 수상형",20000,관리실 문의,구명부환*소화기*구급약 등,화장실*쓰레기통 등,한독의약박물관,,충청북도 음성군청,2026-05-21,,2026-05-22 22:58:25,2026-05-21 11:22:35
4470000,202644700001000097,용대리낚시터,저수지,충청북도 음성군 삼성면 덕호로 360,,37.044544,127.514314,,4.11,붕어,70,"고정형, 수상형",20000,관리실 문의,구명부환*소화기*구급약 등,화장실*쓰레기통 등,한독의약박물관,,충청북도 음성군청,2026-05-21,,2026-05-22 22:58:25,2026-05-21 11:22:35
4470000,202344700001000076,생극낚시터,기타,충청북도 음성군 생극면 오신로 399-16,,37.025839,127.623314,,0.1,붕어,70,해당없음,55000,관리실 문의,구명부환*소화기*구급약 등,화장실*쓰레기통 등,한독의약박물관,,충청북도 음성군청,2023-04-20,I,2026-05-15 18:45:51,2023-08-07 15:32:26
4470000,202644700001000099,생극낚시터,기타,충청북도 음성군 생극면 오신로 399-16,,37.025839,127.623314,043-878-2594,0.1,붕어,70,해당없음,50000,관리실 문의,구명부환*소화기*구급약 등,화장실*쓰레기통 등,한독의약박물관,,충청북도 음성군청,2026-05-21,,2026-05-22 22:58:25,2026-05-21 11:22:35
4470000,202644700001000100,복상골낚시터,평지,충청북도 음성군 감곡면 사곡길 279,,37.095607,127.669018,043-882-7066,0.3,붕어,50,고정형,30000,관리실 문의,구명부환*소화기*구급약 등,화장실*쓰레기통 등,"철박물관, 매괴성당",,충청북도 음성군청,2026-05-21,,2026-05-22 22:58:25,2026-05-21 11:22:35
4470000,202644700001000101,큰손낚시카페,기타,충청북도 음성군 맹동면 원중로 1434(2층),,36.90955,127.541023,,0.07,붕어,30,해당없음,5000~7000,관리실 문의,소화기*구급약 등,화장실*쓰레기통 등,한독의약박물관,,충청북도 음성군청,2026-05-21,,2026-05-22 22:58:25,2026-05-21 11:22:35
4470000,202344700001000039,극동낚시터,저수지,충청북도 음성군 감곡면 성주로 362-17,,37.14878,127.64593,,1.66,붕어,100,고정형,"30,000원",관리실 문의,구명부환*소화기*구급약 등,화장실*쓰레기통 등,"철박물관, 매괴성당",,충청북도 음성군청,2023-04-20,I,2026-05-15 18:45:51,2023-08-07 15:32:26
4470000,202644700001000007,중부낚시터,저수지,충청북도 음성군 삼성면 용성로5번길 86-24,,37.001845,127.47583,,5,붕어,70,"고정형, 수상형",25000,관리실 문의,구명부환*소화기*구급약 등,화장실*쓰레기통 등,한독의약박물관,,충청북도 음성군청,2023-04-20,,2026-05-22 22:58:25,2026-05-21 11:14:13
4470000,202344700001000083,생극낚시터,기타,충청북도 음성군 생극면 오신로 399-16,,37.025839,127.623314,043-878-2594,0.1,붕어,70,해당없음,50000,관리실 문의,구명부환*소화기*구급약 등,화장실*쓰레기통 등,한독의약박물관,,충청북도 음성군청,2023-04-20,I,2026-05-15 18:45:51,2023-08-07 15:32:27
4470000,202644700001000008,양덕낚시터,저수지,충청북도 음성군 삼성면 금일로 1064-6,,37.026576,127.484692,,5.2,붕어,70,"고정형, 수상형",20000,관리실 문의,구명부환*소화기*구급약 등,화장실*쓰레기통 등,한독의약박물관,,충청북도 음성군청,2023-04-20,,2026-05-22 22:58:25,2026-05-21 11:14:13
4470000,202644700001000009,상곡낚시터,저수지,충청북도 음성군 삼성면 점골길 51,,37.013504,127.450467,,2.5,붕어,50,"고정형, 수상형",30000,관리실 문의,구명부환*소화기*구급약 등,화장실*쓰레기통 등,한독의약박물관,,충청북도 음성군청,2023-04-20,,2026-05-22 22:58:25,2026-05-21 11:14:13
4470000,202644700001000010,차평낚시터,저수지,충청북도 음성군 생극면 차생로 618-20,,37.049326,127.622166,043-877-2178,10.7,붕어,70,"고정형, 수상형",30000,관리실 문의,구명부환*소화기*구급약 등,화장실*쓰레기통 등,한독의약박물관,,충청북도 음성군청,2023-04-20,,2026-05-22 22:58:25,2026-05-21 11:14:13
4470000,202344700001000068,차평낚시터,저수지,충청북도 음성군 생극면 차생로 618-20,,37.049326,127.622166,,10.7,붕어,70,"고정형, 수상형",30000,관리실 문의,구명부환*소화기*구급약 등,화장실*쓰레기통 등,한독의약박물관,,충청북도 음성군청,2023-04-20,I,2026-05-15 18:45:51,2023-08-07 15:32:26
4470000,202644700001000011,큰골낚시터,저수지,충청북도 음성군 감곡면 대학길190번길 59,,37.138054,127.648323,,4.7,붕어,70,"고정형, 수상형",30000,관리실 문의,구명부환*소화기*구급약 등,화장실*쓰레기통 등,"철박물관, 매괴성당",,충청북도 음성군청,2023-04-20,,2026-05-22 22:58:25,2026-05-21 11:14:13
4470000,202344700001000061,사계지낚시터,저수지,충청북도 음성군 금왕읍 보습길 77,,37.020711,127.551423,,5.2,붕어,70,"고정형, 수상형",30000,관리실 문의,구명부환*소화기*구급약 등,화장실*쓰레기통 등,한독의약박물관,,충청북도 음성군청,2023-04-20,I,2026-05-15 18:45:51,2023-08-07 15:32:26
4470000,202344700001000030,상곡낚시터,저수지,충청북도 음성군 삼성면 점골길 51,,37.013504,127.450467,,2.5,붕어,50,고정형,"30,000원",관리실 문의,구명부환*소화기*구급약 등,화장실*쓰레기통 등,한독의약박물관,,충청북도 음성군청,2023-04-20,I,2026-05-15 18:45:51,2023-08-07 15:32:26
4470000,202344700001000042,제수리낚시터,저수지,충청북도 음성군 금왕읍 금일로284번길 100-4,,37.010817,127.554459,,1.8,붕어,112,고정형,"30,000원",관리실 문의,구명부환*소화기*구급약 등,화장실*쓰레기통 등,한독의약박물관,,충청북도 음성군청,2023-04-20,I,2026-05-15 18:45:51,2023-08-07 15:32:26
4470000,202344700001000051,삼성지낚시터,저수지,충청북도 음성군 삼성면 금일로 1064-6,,37.026576,127.484692,,22.4,붕어,70,"고정형, 수상형","25,000원",관리실 문의,구명부환*소화기*구급약 등,화장실*쓰레기통 등,한독의약박물관,,충청북도 음성군청,2023-04-20,I,2026-05-15 18:45:51,2023-08-07 15:32:26
4470000,202644700001000055,거일낚시터,저수지,충청북도 음성군 감곡면 거일길 156,,37.108528,127.657346,,0.3,붕어,45,고정형,"30,000원",관리실 문의,구명부환*소화기*구급약 등,화장실*쓰레기통 등,"철박물관, 매괴성당",,충청북도 음성군청,2023-04-20,,2026-05-22 22:58:25,2026-05-21 11:14:14
4470000,202644700001000056,봉낚시터,저수지,충청북도 음성군 소이면 충갑길 196,,36.88901,127.74706,,4.3,붕어,60,고정형,"30,000원",관리실 문의,구명부환*소화기*구급약 등,화장실*쓰레기통 등,반기문생가,,충청북도 음성군청,2023-04-20,,2026-05-22 22:58:25,2026-05-21 11:14:14
4470000,202644700001000057,감곡낚시터,저수지,충청북도 음성군 감곡면 감노로 67-18,,37.076491,127.627197,,27.4,붕어,70,고정형,"20,000원",관리실 문의,구명부환*소화기*구급약 등,화장실*쓰레기통 등,"철박물관, 매괴성당",,충청북도 음성군청,2023-04-20,,2026-05-22 22:58:25,2026-05-21 11:14:14
4470000,202644700001000058,용대리낚시터,저수지,충청북도 음성군 삼성면 덕호로 360,,37.044544,127.514314,,4.11,붕어,84,고정형,"30,000원",관리실 문의,구명부환*소화기*구급약 등,화장실*쓰레기통 등,한독의약박물관,,충청북도 음성군청,2023-04-20,,2026-05-22 22:58:25,2026-05-21 11:14:14
4470000,202344700001000048,큰골낚시터,저수지,충청북도 음성군 감곡면 대학길190번길 59,,37.138054,127.648323,,4.7,붕어,70,고정형,"30,000원",관리실 문의,구명부환*소화기*구급약 등,화장실*쓰레기통 등,"철박물관, 매괴성당",,충청북도 음성군청,2023-04-20,I,2026-05-15 18:45:51,2023-08-07 15:32:26
4470000,202344700001000088,거일낚시터,저수지,충청북도 음성군 감곡면 거일길 156,,37.108528,127.657346,043-881-9181,0.3,붕어,50,"고정형, 수상형",30000,관리실 문의,구명부환*소화기*구급약 등,화장실*쓰레기통 등,"철박물관, 매괴성당",,충청북도 음성군청,2023-04-20,I,2026-05-15 18:45:51,2023-08-07 15:32:27
4470000,202344700001000052,중부낚시터,저수지,충청북도 음성군 삼성면 용성로5번길 86-24,,37.001845,127.47583,,5,붕어,70,고정형,"30,000원",관리실 문의,구명부환*소화기*구급약 등,화장실*쓰레기통 등,한독의약박물관,,충청북도 음성군청,2023-04-20,I,2026-05-15 18:45:51,2023-08-07 15:32:26
4470000,202644700001000059,제수리낚시터,저수지,충청북도 음성군 금왕읍 금일로284번길 100-4,,37.010817,127.554459,,1.8,붕어,112,고정형,"30,000원",관리실 문의,구명부환*소화기*구급약 등,화장실*쓰레기통 등,한독의약박물관,,충청북도 음성군청,2023-04-20,,2026-05-22 22:58:25,2026-05-21 11:14:14
4470000,202644700001000060,생극낚시터,기타,충청북도 음성군 생극면 오신로 399-16,,37.025839,127.623314,,0.1,붕어,70,해당없음,"55,000원",관리실 문의,구명부환*소화기*구급약 등,화장실*쓰레기통 등,한독의약박물관,,충청북도 음성군청,2023-04-20,,2026-05-22 22:58:25,2026-05-21 11:14:14
4470000,202644700001000061,복상골낚시터,평지,충청북도 음성군 감곡면 사곡길 279,,37.095607,127.669018,,0.3,붕어,50,고정형,"40,000원",관리실 문의,구명부환*소화기*구급약 등,화장실*쓰레기통 등,"철박물관, 매괴성당",,충청북도 음성군청,2023-04-20,,2026-05-22 22:58:25,2026-05-21 11:14:14
4470000,202644700001000062,극동낚시터,저수지,충청북도 음성군 감곡면 성주로 362-17,,37.14878,127.64593,,1.66,붕어,100,고정형,"30,000원",관리실 문의,구명부환*소화기*구급약 등,화장실*쓰레기통 등,"철박물관, 매괴성당",,충청북도 음성군청,2023-04-20,,2026-05-22 22:58:25,2026-05-21 11:14:14
4470000,202344700001000066,삼성지낚시터,저수지,충청북도 음성군 삼성면 금일로 1064-6,,37.026576,127.484692,,22.4,붕어,70,"고정형, 수상형",20000,관리실 문의,구명부환*소화기*구급약 등,화장실*쓰레기통 등,한독의약박물관,,충청북도 음성군청,2023-04-20,I,2026-05-15 18:45:51,2023-08-07 15:32:26
4470000,202644700001000051,상곡낚시터,저수지,충청북도 음성군 삼성면 점골길 51,,37.013504,127.450467,,2.5,붕어,50,고정형,"30,000원",관리실 문의,구명부환*소화기*구급약 등,화장실*쓰레기통 등,한독의약박물관,,충청북도 음성군청,2023-04-20,,2026-05-22 22:58:25,2026-05-21 11:14:14
4470000,202644700001000052,차평낚시터,저수지,충청북도 음성군 생극면 차생로 618-20,,37.049326,127.622166,,10.7,붕어,70,"고정형, 수상형","30,000원",관리실 문의,구명부환*소화기*구급약 등,화장실*쓰레기통 등,한독의약박물관,,충청북도 음성군청,2023-04-20,,2026-05-22 22:58:25,2026-05-21 11:14:14
4470000,202344700001000069,큰골낚시터,저수지,충청북도 음성군 감곡면 대학길190번길 59,,37.138054,127.648323,,4.7,붕어,70,"고정형, 수상형",30000,관리실 문의,구명부환*소화기*구급약 등,화장실*쓰레기통 등,"철박물관, 매괴성당",,충청북도 음성군청,2023-04-20,I,2026-05-15 18:45:51,2023-08-07 15:32:26
4470000,202644700001000053,큰골낚시터,저수지,충청북도 음성군 감곡면 대학길190번길 59,,37.138054,127.648323,,4.7,붕어,70,고정형,"30,000원",관리실 문의,구명부환*소화기*구급약 등,화장실*쓰레기통 등,"철박물관, 매괴성당",,충청북도 음성군청,2023-04-20,,2026-05-22 22:58:25,2026-05-21 11:14:14
4470000,202644700001000054,오궁낚시터,저수지,충청북도 음성군 감곡면 오궁리 124-2,,37.111463,127.672462,,2.2,붕어,70,해당없음,"25,000원",관리실 문의,구명부환*소화기*구급약 등,화장실*쓰레기통 등,"철박물관, 매괴성당",,충청북도 음성군청,2023-04-20,,2026-05-22 22:58:25,2026-05-21 11:14:14
4470000,202644700001000115,상곡낚시터,저수지,충청북도 음성군 삼성면 점골길 51,,37.013504,127.450467,,2.5,붕어,50,"고정형, 수상형",30000,관리실 문의,구명부환*소화기*구급약 등,화장실*쓰레기통 등,한독의약박물관,,충청북도 음성군청,2026-05-21,,2026-05-22 22:58:25,2026-05-21 11:22:35
4470000,202344700001000074,용대리낚시터,저수지,충청북도 음성군 삼성면 덕호로 360,,37.044544,127.514314,,4.11,붕어,70,"고정형, 수상형",30000,관리실 문의,구명부환*소화기*구급약 등,화장실*쓰레기통 등,한독의약박물관,,충청북도 음성군청,2023-04-20,I,2026-05-15 18:45:51,2023-08-07 15:32:26
4470000,202344700001000062,주봉낚시터,저수지,충청북도 음성군 원남면 주봉로 141,,36.866529,127.675445,,13.6,붕어,70,"고정형, 수상형",30000,관리실 문의,구명부환*소화기*구급약 등,화장실*쓰레기통 등,반기문생가,,충청북도 음성군청,2023-04-20,I,2026-05-15 18:45:51,2023-08-07 15:32:26
4470000,202344700001000072,봉낚시터,저수지,충청북도 음성군 소이면 충갑길 196,,36.88901,127.74706,,4.3,붕어,60,"고정형, 수상형",30000,관리실 문의,구명부환*소화기*구급약 등,화장실*쓰레기통 등,반기문생가,,충청북도 음성군청,2023-04-20,I,2026-05-15 18:45:51,2023-08-07 15:32:26
4470000,202344700001000055,주봉낚시터,저수지,충청북도 음성군 원남면 주봉로 141,,36.866529,127.675445,,13.6,붕어,139,"고정형, 수상형","30,000원",관리실 문의,구명부환*소화기*구급약 등,화장실*쓰레기통 등,반기문생가,,충청북도 음성군청,2023-04-20,I,2026-05-15 18:45:51,2023-08-07 15:32:26
4470000,202644700001000012,오궁낚시터,저수지,충청북도 음성군 감곡면 오궁리 124-2,,37.111463,127.672462,043-877-6787,2.2,붕어,70,"고정형, 수상형",10000,관리실 문의,구명부환*소화기*구급약 등,화장실*쓰레기통 등,"철박물관, 매괴성당",,충청북도 음성군청,2023-04-20,,2026-05-22 22:58:25,2026-05-21 11:14:13
4470000,202644700001000013,거일낚시터,저수지,충청북도 음성군 감곡면 거일길 156,,37.108528,127.657346,043-881-9181,0.3,붕어,50,"고정형, 수상형",30000,관리실 문의,구명부환*소화기*구급약 등,화장실*쓰레기통 등,"철박물관, 매괴성당",,충청북도 음성군청,2023-04-20,,2026-05-22 22:58:25,2026-05-21 11:14:13
4470000,202644700001000014,봉낚시터,저수지,충청북도 음성군 소이면 충갑길 196,,36.88901,127.74706,,3,붕어,60,"고정형, 수상형",30000,관리실 문의,구명부환*소화기*구급약 등,화장실*쓰레기통 등,반기문생가,,충청북도 음성군청,2023-04-20,,2026-05-22 22:58:25,2026-05-21 11:14:13
4470000,202344700001000084,제수리낚시터,저수지,충청북도 음성군 금왕읍 금일로284번길 100-4,,37.010817,127.554459,,1.8,붕어,60,"고정형, 수상형",20000,관리실 문의,구명부환*소화기*구급약 등,화장실*쓰레기통 등,한독의약박물관,,충청북도 음성군청,2023-04-20,I,2026-05-15 18:45:51,2023-08-07 15:32:27
4470000,202344700001000065,중부낚시터,저수지,충청북도 음성군 삼성면 용성로5번길 86-24,,37.001845,127.47583,,5,붕어,70,"고정형, 수상형",30000,관리실 문의,구명부환*소화기*구급약 등,화장실*쓰레기통 등,한독의약박물관,,충청북도 음성군청,2023-04-20,I,2026-05-15 18:45:51,2023-08-07 15:32:26
4470000,202344700001000087,봉낚시터,저수지,충청북도 음성군 소이면 충갑길 196,,36.88901,127.74706,,3,붕어,60,"고정형, 수상형",30000,관리실 문의,구명부환*소화기*구급약 등,화장실*쓰레기통 등,반기문생가,,충청북도 음성군청,2023-04-20,I,2026-05-15 18:45:51,2023-08-07 15:32:27
4470000,202344700001000090,큰골낚시터,저수지,충청북도 음성군 감곡면 대학길190번길 59,,37.138054,127.648323,,4.7,붕어,70,"고정형, 수상형",30000,관리실 문의,구명부환*소화기*구급약 등,화장실*쓰레기통 등,"철박물관, 매괴성당",,충청북도 음성군청,2023-04-20,I,2026-05-15 18:45:51,2023-08-07 15:32:27
4470000,202344700001000095,맹동낚시터,저수지,충청북도 음성군 맹동면 군자길 1492,,36.894167,127.571429,,98,붕어,70,"고정형, 수상형",20000,관리실 문의,구명부환*소화기*구급약 등,화장실*쓰레기통 등,한독의약박물관,,충청북도 음성군청,2023-04-20,I,2026-05-15 18:45:51,2023-08-07 15:32:27
4470000,202344700001000025,봉낚시터,저수지,충청북도 음성군 소이면 충갑길 196,,36.88901,127.74706,,4.3,붕어,60,고정형,"30,000원",관리실 문의,구명부환*소화기*구급약 등,화장실*쓰레기통 등,반기문생가,,충청북도 음성군청,2023-04-20,I,2026-05-15 18:45:51,2023-08-07 15:32:26
4470000,202344700001000026,거일낚시터,저수지,충청북도 음성군 감곡면 거일길 156,,37.108528,127.657346,,0.3,붕어,45,고정형,"30,000원",관리실 문의,구명부환*소화기*구급약 등,화장실*쓰레기통 등,"철박물관, 매괴성당",,충청북도 음성군청,2023-04-20,I,2026-05-15 18:45:51,2023-08-07 15:32:26
4470000,202344700001000023,용대리낚시터,저수지,충청북도 음성군 삼성면 덕호로 360,,37.044544,127.514314,,4.11,붕어,84,고정형,"30,000원",관리실 문의,구명부환*소화기*구급약 등,화장실*쓰레기통 등,한독의약박물관,,충청북도 음성군청,2023-04-20,I,2026-05-15 18:45:51,2023-08-07 15:32:26
4470000,202344700001000071,거일낚시터,저수지,충청북도 음성군 감곡면 거일길 156,,37.108528,127.657346,,0.3,붕어,50,"고정형, 수상형",30000,관리실 문의,구명부환*소화기*구급약 등,화장실*쓰레기통 등,"철박물관, 매괴성당",,충청북도 음성군청,2023-04-20,I,2026-05-15 18:45:51,2023-08-07 15:32:26
4470000,202344700001000044,감곡낚시터,저수지,충청북도 음성군 감곡면 감노로 67-18,,37.076491,127.627197,,27.4,붕어,70,고정형,"20,000원",관리실 문의,구명부환*소화기*구급약 등,화장실*쓰레기통 등,"철박물관, 매괴성당",,충청북도 음성군청,2023-04-20,I,2026-05-15 18:45:51,2023-08-07 15:32:26
4470000,202644700001000129,맹동낚시터,저수지,충청북도 음성군 맹동면 군자길 1492,,36.894167,127.571429,,98,붕어,75,"고정형, 수상형","25,000원",관리실 문의,구명부환*소화기*구급약 등,화장실*쓰레기통 등,한독의약박물관,,충청북도 음성군청,2026-05-21,,2026-05-22 22:58:25,2026-05-21 11:22:35
4470000,202644700001000130,중부낚시터,저수지,충청북도 음성군 삼성면 용성로5번길 86-24,,37.001845,127.47583,,5,붕어,70,고정형,"30,000원",관리실 문의,구명부환*소화기*구급약 등,화장실*쓰레기통 등,한독의약박물관,,충청북도 음성군청,2026-05-21,,2026-05-22 22:58:25,2026-05-21 11:22:35
4470000,202344700001000045,봉낚시터,저수지,충청북도 음성군 소이면 충갑길 196,,36.88901,127.74706,,4.3,붕어,60,고정형,"30,000원",관리실 문의,구명부환*소화기*구급약 등,화장실*쓰레기통 등,반기문생가,,충청북도 음성군청,2023-04-20,I,2026-05-15 18:45:51,2023-08-07 15:32:26
4470000,202344700001000024,감곡낚시터,저수지,충청북도 음성군 감곡면 감노로 67-18,,37.076491,127.627197,,27.4,붕어,70,고정형,"20,000원",관리실 문의,구명부환*소화기*구급약 등,화장실*쓰레기통 등,"철박물관, 매괴성당",,충청북도 음성군청,2023-04-20,I,2026-05-15 18:45:51,2023-08-07 15:32:26
4470000,202644700001000131,삼성지낚시터,저수지,충청북도 음성군 삼성면 금일로 1064-6,,37.026576,127.484692,,22.4,붕어,70,"고정형, 수상형","25,000원",관리실 문의,구명부환*소화기*구급약 등,화장실*쓰레기통 등,한독의약박물관,,충청북도 음성군청,2026-05-21,,2026-05-22 22:58:25,2026-05-21 11:22:35
4470000,202344700001000058,백야낚시터,저수지,충청북도 음성군 금왕읍 백야로 320,,39.967806,127.603211,,44.6,붕어,70,"고정형, 수상형","30,000원",관리실 문의,구명부환*소화기*구급약 등,화장실*쓰레기통 등,한독의약박물관,,충청북도 음성군청,2023-04-20,I,2026-05-15 18:45:51,2023-08-07 15:32:26
4470000,202644700001000132,상곡낚시터,저수지,충청북도 음성군 삼성면 점골길 51,,37.013504,127.450467,,2.5,붕어,50,고정형,"30,000원",관리실 문의,구명부환*소화기*구급약 등,화장실*쓰레기통 등,한독의약박물관,,충청북도 음성군청,2026-05-21,,2026-05-22 22:58:25,2026-05-21 11:22:35
4470000,202644700001000133,차평낚시터,저수지,충청북도 음성군 생극면 차생로 618-20,,37.049326,127.622166,,10.7,붕어,70,"고정형, 수상형","30,000원",관리실 문의,구명부환*소화기*구급약 등,화장실*쓰레기통 등,한독의약박물관,,충청북도 음성군청,2026-05-21,,2026-05-22 22:58:25,2026-05-21 11:22:35
4470000,202344700001000027,오궁낚시터,저수지,충청북도 음성군 감곡면 오궁리 124-2,,37.111463,127.672462,,2.2,붕어,70,해당없음,"25,000원",관리실 문의,구명부환*소화기*구급약 등,화장실*쓰레기통 등,"철박물관, 매괴성당",,충청북도 음성군청,2023-04-20,I,2026-05-15 18:45:51,2023-08-07 15:32:26
4470000,202644700001000020,큰손낚시카페,기타,충청북도 음성군 맹동면 원중로 1434(2층),,36.90955,127.541023,,0.07,붕어,30,해당없음,5000~7000,관리실 문의,소화기*구급약 등,화장실*쓰레기통 등,한독의약박물관,,충청북도 음성군청,2023-04-20,,2026-05-22 22:58:25,2026-05-21 11:14:13
4470000,202644700001000026,제수리낚시터,저수지,충청북도 음성군 금왕읍 금일로284번길 100-4,,37.010817,127.554459,,1.8,붕어,60,"고정형, 수상형",30000,관리실 문의,구명부환*소화기*구급약 등,화장실*쓰레기통 등,한독의약박물관,,충청북도 음성군청,2023-04-20,,2026-05-22 22:58:25,2026-05-21 11:14:13
4470000,202644700001000028,감곡낚시터,저수지,충청북도 음성군 감곡면 감노로 67-18,,37.076491,127.627197,,27.4,붕어,70,"고정형, 수상형",20000,관리실 문의,구명부환*소화기*구급약 등,화장실*쓰레기통 등,"철박물관, 매괴성당",,충청북도 음성군청,2023-04-20,,2026-05-22 22:58:25,2026-05-21 11:14:13
4470000,202644700001000030,거일낚시터,저수지,충청북도 음성군 감곡면 거일길 156,,37.108528,127.657346,,0.3,붕어,50,"고정형, 수상형",30000,관리실 문의,구명부환*소화기*구급약 등,화장실*쓰레기통 등,"철박물관, 매괴성당",,충청북도 음성군청,2023-04-20,,2026-05-22 22:58:25,2026-05-21 11:14:13
4470000,202344700001000040,복상골낚시터,평지,충청북도 음성군 감곡면 사곡길 279,,37.095607,127.669018,,0.3,붕어,50,고정형,"40,000원",관리실 문의,구명부환*소화기*구급약 등,화장실*쓰레기통 등,"철박물관, 매괴성당",,충청북도 음성군청,2023-04-20,I,2026-05-15 18:45:51,2023-08-07 15:32:26
4470000,202644700001000082,백야낚시터,저수지,충청북도 음성군 금왕읍 백야로 320,,39.967806,127.603211,,44.6,붕어,70,"고정형, 수상형","15,000~20000",관리실 문의,구명부환*소화기*구급약 등,화장실*쓰레기통 등,한독의약박물관,,충청북도 음성군청,2026-05-21,,2026-05-22 22:58:25,2026-05-21 11:22:35
4470000,202644700001000084,사계지낚시터,저수지,충청북도 음성군 금왕읍 보습길 77,,37.020711,127.551423,043-878-8819,5.2,붕어,70,"고정형, 수상형",25000,관리실 문의,구명부환*소화기*구급약 등,화장실*쓰레기통 등,한독의약박물관,,충청북도 음성군청,2026-05-21,,2026-05-22 22:58:25,2026-05-21 11:22:35
4470000,202344700001000057,내곡낚시터,저수지,충청북도 음성군 금왕읍 마루택길29번길 63,,37.01744,127.53839,,10.5,붕어,90,고정형,"25,000원",관리실 문의,구명부환*소화기*구급약 등,화장실*쓰레기통 등,한독의약박물관,,충청북도 음성군청,2023-04-20,I,2026-05-15 18:45:51,2023-08-07 15:32:26
4470000,202344700001000097,주봉낚시터,저수지,충청북도 음성군 원남면 주봉로 141,,36.866529,127.675445,,13.6,붕어,70,"고정형, 수상형",30000,관리실 문의,구명부환*소화기*구급약 등,화장실*쓰레기통 등,반기문생가,,충청북도 음성군청,2023-04-20,I,2026-05-15 18:45:51,2023-08-07 15:32:27
4470000,202644700001000083,내곡낚시터,저수지,충청북도 음성군 금왕읍 마루택길29번길 63,,37.01744,127.53839,,16.5,붕어,70,"고정형, 수상형",20000,관리실 문의,구명부환*소화기*구급약 등,화장실*쓰레기통 등,한독의약박물관,,충청북도 음성군청,2026-05-21,,2026-05-22 22:58:25,2026-05-21 11:22:35
4470000,202644700001000095,봉낚시터,저수지,충청북도 음성군 소이면 충갑길 196,,36.88901,127.74706,,3,붕어,60,"고정형, 수상형",30000,관리실 문의,구명부환*소화기*구급약 등,화장실*쓰레기통 등,반기문생가,,충청북도 음성군청,2026-05-21,,2026-05-22 22:58:25,2026-05-21 11:22:35
4470000,202344700001000089,오궁낚시터,저수지,충청북도 음성군 감곡면 오궁리 124-2,,37.111463,127.672462,043-877-6787,2.2,붕어,70,"고정형, 수상형",10000,관리실 문의,구명부환*소화기*구급약 등,화장실*쓰레기통 등,"철박물관, 매괴성당",,충청북도 음성군청,2023-04-20,I,2026-05-15 18:45:51,2023-08-07 15:32:27
4470000,202344700001000085,용대리낚시터,저수지,충청북도 음성군 삼성면 덕호로 360,,37.044544,127.514314,,4.11,붕어,70,"고정형, 수상형",20000,관리실 문의,구명부환*소화기*구급약 등,화장실*쓰레기통 등,한독의약박물관,,충청북도 음성군청,2023-04-20,I,2026-05-15 18:45:51,2023-08-07 15:32:27
4470000,202344700001000038,백야낚시터,저수지,충청북도 음성군 금왕읍 백야로 320,,39.967806,127.603211,,44.6,붕어,70,"고정형, 수상형","30,000원",관리실 문의,구명부환*소화기*구급약 등,화장실*쓰레기통 등,한독의약박물관,,충청북도 음성군청,2023-04-20,I,2026-05-15 18:45:51,2023-08-07 15:32:26
4470000,202344700001000067,상곡낚시터,저수지,충청북도 음성군 삼성면 점골길 51,,37.013504,127.450467,,2.5,붕어,50,"고정형, 수상형",30000,관리실 문의,구명부환*소화기*구급약 등,화장실*쓰레기통 등,한독의약박물관,,충청북도 음성군청,2023-04-20,I,2026-05-15 18:45:51,2023-08-07 15:32:26
4470000,202344700001000037,내곡낚시터,저수지,충청북도 음성군 금왕읍 마루택길29번길 63,,37.01744,127.53839,,10.5,붕어,90,고정형,"25,000원",관리실 문의,구명부환*소화기*구급약 등,화장실*쓰레기통 등,한독의약박물관,,충청북도 음성군청,2023-04-20,I,2026-05-15 18:45:51,2023-08-07 15:32:26
4470000,202344700001000080,힐링낚시터,기타,충청북도 음성군 맹동면 대하2가길 11(지하1층),,36.908066,127.54274,,0.04,붕어,30,해당없음,5000~7000,관리실 문의,소화기*구급약 등,화장실*쓰레기통 등,한독의약박물관,,충청북도 음성군청,2023-04-20,I,2026-05-15 18:45:51,2023-08-07 15:32:26
4470000,202344700001000031,삼성지낚시터,저수지,충청북도 음성군 삼성면 금일로 1064-6,,37.026576,127.484692,,22.4,붕어,58,"고정형, 수상형","25,000원",관리실 문의,구명부환*소화기*구급약 등,화장실*쓰레기통 등,한독의약박물관,,충청북도 음성군청,2023-04-20,I,2026-05-15 18:45:51,2023-08-07 15:32:26
4470000,202344700001000081,큰손낚시카페,기타,충청북도 음성군 맹동면 원중로 1434(2층),,36.90955,127.541023,,0.07,붕어,30,해당없음,5000~7000,관리실 문의,소화기*구급약 등,화장실*쓰레기통 등,한독의약박물관,,충청북도 음성군청,2023-04-20,I,2026-05-15 18:45:51,2023-08-07 15:32:27
4470000,202344700001000020,복상골낚시터,평지,충청북도 음성군 감곡면 사곡길 279,,37.095607,127.669018,,0.3,붕어,50,고정형,"40,000원",관리실 문의,구명부환*소화기*구급약 등,화장실*쓰레기통 등,"철박물관, 매괴성당",,충청북도 음성군청,2023-04-20,I,2026-05-15 18:45:51,2023-08-07 15:32:26
4470000,202344700001000092,상곡낚시터,저수지,충청북도 음성군 삼성면 점골길 51,,37.013504,127.450467,,2.5,붕어,50,"고정형, 수상형",30000,관리실 문의,구명부환*소화기*구급약 등,화장실*쓰레기통 등,한독의약박물관,,충청북도 음성군청,2023-04-20,I,2026-05-15 18:45:51,2023-08-07 15:32:27
4470000,202644700001000107,제수리낚시터,저수지,충청북도 음성군 금왕읍 금일로284번길 100-4,,37.010817,127.554459,,1.8,붕어,60,"고정형, 수상형",30000,관리실 문의,구명부환*소화기*구급약 등,화장실*쓰레기통 등,한독의약박물관,,충청북도 음성군청,2026-05-21,,2026-05-22 22:58:25,2026-05-21 11:22:35
4470000,202644700001000108,용대리낚시터,저수지,충청북도 음성군 삼성면 덕호로 360,,37.044544,127.514314,,4.11,붕어,70,"고정형, 수상형",30000,관리실 문의,구명부환*소화기*구급약 등,화장실*쓰레기통 등,한독의약박물관,,충청북도 음성군청,2026-05-21,,2026-05-22 22:58:25,2026-05-21 11:22:35
4470000,202644700001000109,감곡낚시터,저수지,충청북도 음성군 감곡면 감노로 67-18,,37.076491,127.627197,,27.4,붕어,70,"고정형, 수상형",20000,관리실 문의,구명부환*소화기*구급약 등,화장실*쓰레기통 등,"철박물관, 매괴성당",,충청북도 음성군청,2026-05-21,,2026-05-22 22:58:25,2026-05-21 11:22:35
4470000,202644700001000110,봉낚시터,저수지,충청북도 음성군 소이면 충갑길 196,,36.88901,127.74706,,4.3,붕어,60,"고정형, 수상형",30000,관리실 문의,구명부환*소화기*구급약 등,화장실*쓰레기통 등,반기문생가,,충청북도 음성군청,2026-05-21,,2026-05-22 22:58:25,2026-05-21 11:22:35
4470000,202644700001000111,거일낚시터,저수지,충청북도 음성군 감곡면 거일길 156,,37.108528,127.657346,,0.3,붕어,50,"고정형, 수상형",30000,관리실 문의,구명부환*소화기*구급약 등,화장실*쓰레기통 등,"철박물관, 매괴성당",,충청북도 음성군청,2026-05-21,,2026-05-22 22:58:25,2026-05-21 11:22:35
4470000,202644700001000085,주봉낚시터,저수지,충청북도 음성군 원남면 주봉로 141,,36.866529,127.675445,,13.6,붕어,70,"고정형, 수상형",30000,관리실 문의,구명부환*소화기*구급약 등,화장실*쓰레기통 등,반기문생가,,충청북도 음성군청,2026-05-21,,2026-05-22 22:58:25,2026-05-21 11:22:35
4470000,202644700001000086,마이제낚시터,저수지,충청북도 음성군 삼성면 덕정로65번길 102,,37.027938,127.494112,,12.3,붕어,70,"고정형, 수상형",20000,관리실 문의,구명부환*소화기*구급약 등,화장실*쓰레기통 등,한독의약박물관,,충청북도 음성군청,2026-05-21,,2026-05-22 22:58:25,2026-05-21 11:22:35
4470000,202644700001000087,맹동낚시터,저수지,충청북도 음성군 맹동면 군자길 1492,,36.894167,127.571429,,98,붕어,70,"고정형, 수상형",20000,관리실 문의,구명부환*소화기*구급약 등,화장실*쓰레기통 등,한독의약박물관,,충청북도 음성군청,2026-05-21,,2026-05-22 22:58:25,2026-05-21 11:22:35
4470000,202644700001000088,중부낚시터,저수지,충청북도 음성군 삼성면 용성로5번길 86-24,,37.001845,127.47583,,5,붕어,70,"고정형, 수상형",25000,관리실 문의,구명부환*소화기*구급약 등,화장실*쓰레기통 등,한독의약박물관,,충청북도 음성군청,2026-05-21,,2026-05-22 22:58:25,2026-05-21 11:22:35
4470000,202644700001000089,양덕낚시터,저수지,충청북도 음성군 삼성면 금일로 1064-6,,37.026576,127.484692,,5.2,붕어,70,"고정형, 수상형",20000,관리실 문의,구명부환*소화기*구급약 등,화장실*쓰레기통 등,한독의약박물관,,충청북도 음성군청,2026-05-21,,2026-05-22 22:58:25,2026-05-21 11:22:35
4470000,202644700001000090,상곡낚시터,저수지,충청북도 음성군 삼성면 점골길 51,,37.013504,127.450467,,2.5,붕어,50,"고정형, 수상형",30000,관리실 문의,구명부환*소화기*구급약 등,화장실*쓰레기통 등,한독의약박물관,,충청북도 음성군청,2026-05-21,,2026-05-22 22:58:25,2026-05-21 11:22:35
4470000,202644700001000091,차평낚시터,저수지,충청북도 음성군 생극면 차생로 618-20,,37.049326,127.622166,043-877-2178,10.7,붕어,70,"고정형, 수상형",30000,관리실 문의,구명부환*소화기*구급약 등,화장실*쓰레기통 등,한독의약박물관,,충청북도 음성군청,2026-05-21,,2026-05-22 22:58:25,2026-05-21 11:22:35
4470000,202644700001000092,큰골낚시터,저수지,충청북도 음성군 감곡면 대학길190번길 59,,37.138054,127.648323,,4.7,붕어,70,"고정형, 수상형",30000,관리실 문의,구명부환*소화기*구급약 등,화장실*쓰레기통 등,"철박물관, 매괴성당",,충청북도 음성군청,2026-05-21,,2026-05-22 22:58:25,2026-05-21 11:22:35
4470000,202644700001000093,오궁낚시터,저수지,충청북도 음성군 감곡면 오궁리 124-2,,37.111463,127.672462,043-877-6787,2.2,붕어,70,"고정형, 수상형",10000,관리실 문의,구명부환*소화기*구급약 등,화장실*쓰레기통 등,"철박물관, 매괴성당",,충청북도 음성군청,2026-05-21,,2026-05-22 22:58:25,2026-05-21 11:22:35
4470000,202644700001000066,주봉낚시터,저수지,충청북도 음성군 원남면 주봉로 141,,36.866529,127.675445,,13.6,붕어,139,"고정형, 수상형","30,000원",관리실 문의,구명부환*소화기*구급약 등,화장실*쓰레기통 등,반기문생가,,충청북도 음성군청,2023-04-20,,2026-05-22 22:58:25,2026-05-21 11:14:14
4470000,202644700001000067,마이제낚시터,저수지,충청북도 음성군 삼성면 덕정로65번길 102,,37.027938,127.494112,,12.3,붕어,242,"고정형, 수상형","25,000원",관리실 문의,구명부환*소화기*구급약 등,화장실*쓰레기통 등,한독의약박물관,,충청북도 음성군청,2023-04-20,,2026-05-22 22:58:25,2026-05-21 11:14:14
4470000,202644700001000068,맹동낚시터,저수지,충청북도 음성군 맹동면 군자길 1492,,36.894167,127.571429,,98,붕어,75,"고정형, 수상형","25,000원",관리실 문의,구명부환*소화기*구급약 등,화장실*쓰레기통 등,한독의약박물관,,충청북도 음성군청,2023-04-20,,2026-05-22 22:58:25,2026-05-21 11:14:14
4470000,202644700001000069,중부낚시터,저수지,충청북도 음성군 삼성면 용성로5번길 86-24,,37.001845,127.47583,,5,붕어,118,고정형,"30,000원",관리실 문의,구명부환*소화기*구급약 등,화장실*쓰레기통 등,한독의약박물관,,충청북도 음성군청,2023-04-20,,2026-05-22 22:58:25,2026-05-21 11:14:14
4470000,202644700001000134,큰골낚시터,저수지,충청북도 음성군 감곡면 대학길190번길 59,,37.138054,127.648323,,4.7,붕어,70,고정형,"30,000원",관리실 문의,구명부환*소화기*구급약 등,화장실*쓰레기통 등,"철박물관, 매괴성당",,충청북도 음성군청,2026-05-21,,2026-05-22 22:58:25,2026-05-21 11:22:35
4470000,202644700001000135,오궁낚시터,저수지,충청북도 음성군 감곡면 오궁리 124-2,,37.111463,127.672462,,2.2,붕어,70,해당없음,"25,000원",관리실 문의,구명부환*소화기*구급약 등,화장실*쓰레기통 등,"철박물관, 매괴성당",,충청북도 음성군청,2026-05-21,,2026-05-22 22:58:25,2026-05-21 11:22:35
4470000,202644700001000112,오궁낚시터,저수지,충청북도 음성군 감곡면 오궁리 124-2,,37.111463,127.672462,,2.2,붕어,70,"고정형, 수상형",25000,관리실 문의,구명부환*소화기*구급약 등,화장실*쓰레기통 등,"철박물관, 매괴성당",,충청북도 음성군청,2026-05-21,,2026-05-22 22:58:25,2026-05-21 11:22:35
4470000,202644700001000113,큰골낚시터,저수지,충청북도 음성군 감곡면 대학길190번길 59,,37.138054,127.648323,,4.7,붕어,70,"고정형, 수상형",30000,관리실 문의,구명부환*소화기*구급약 등,화장실*쓰레기통 등,"철박물관, 매괴성당",,충청북도 음성군청,2026-05-21,,2026-05-22 22:58:25,2026-05-21 11:22:35
4470000,202644700001000114,차평낚시터,저수지,충청북도 음성군 생극면 차생로 618-20,,37.049326,127.622166,,10.7,붕어,70,"고정형, 수상형",30000,관리실 문의,구명부환*소화기*구급약 등,화장실*쓰레기통 등,한독의약박물관,,충청북도 음성군청,2026-05-21,,2026-05-22 22:58:25,2026-05-21 11:22:35
4470000,202644700001000118,맹동낚시터,저수지,충청북도 음성군 맹동면 군자길 1492,,36.894167,127.571429,,98,붕어,70,"고정형, 수상형",25000,관리실 문의,구명부환*소화기*구급약 등,화장실*쓰레기통 등,한독의약박물관,,충청북도 음성군청,2026-05-21,,2026-05-22 22:58:25,2026-05-21 11:22:35
4470000,202644700001000119,마이제낚시터,저수지,충청북도 음성군 삼성면 덕정로65번길 102,,37.027938,127.494112,,12.3,붕어,70,"고정형, 수상형",25000,관리실 문의,구명부환*소화기*구급약 등,화장실*쓰레기통 등,한독의약박물관,,충청북도 음성군청,2026-05-21,,2026-05-22 22:58:25,2026-05-21 11:22:35
4470000,202644700001000120,주봉낚시터,저수지,충청북도 음성군 원남면 주봉로 141,,36.866529,127.675445,,13.6,붕어,70,"고정형, 수상형",30000,관리실 문의,구명부환*소화기*구급약 등,화장실*쓰레기통 등,반기문생가,,충청북도 음성군청,2026-05-21,,2026-05-22 22:58:25,2026-05-21 11:22:35
4470000,202644700001000122,내곡낚시터,저수지,충청북도 음성군 금왕읍 마루택길29번길 63,,37.01744,127.53839,,10.5,붕어,70,"고정형, 수상형",25000,관리실 문의,구명부환*소화기*구급약 등,화장실*쓰레기통 등,한독의약박물관,,충청북도 음성군청,2026-05-21,,2026-05-22 22:58:25,2026-05-21 11:22:35
4470000,202644700001000123,백야낚시터,저수지,충청북도 음성군 금왕읍 백야로 320,,39.967806,127.603211,,44.6,붕어,70,"고정형, 수상형",30000,관리실 문의,구명부환*소화기*구급약 등,화장실*쓰레기통 등,한독의약박물관,,충청북도 음성군청,2026-05-21,,2026-05-22 22:58:25,2026-05-21 11:22:35
4470000,202344700001000093,양덕낚시터,저수지,충청북도 음성군 삼성면 금일로 1064-6,,37.026576,127.484692,,5.2,붕어,70,"고정형, 수상형",20000,관리실 문의,구명부환*소화기*구급약 등,화장실*쓰레기통 등,한독의약박물관,,충청북도 음성군청,2023-04-20,I,2026-05-15 18:45:51,2023-08-07 15:32:27
4470000,202644700001000048,맹동낚시터,저수지,충청북도 음성군 맹동면 군자길 1492,,36.894167,127.571429,,98,붕어,75,"고정형, 수상형","25,000원",관리실 문의,구명부환*소화기*구급약 등,화장실*쓰레기통 등,한독의약박물관,,충청북도 음성군청,2023-04-20,,2026-05-22 22:58:25,2026-05-21 11:14:14
4470000,202344700001000032,중부낚시터,저수지,충청북도 음성군 삼성면 용성로5번길 86-24,,37.001845,127.47583,,5,붕어,118,고정형,"30,000원",관리실 문의,구명부환*소화기*구급약 등,화장실*쓰레기통 등,한독의약박물관,,충청북도 음성군청,2023-04-20,I,2026-05-15 18:45:51,2023-08-07 15:32:26
4470000,202344700001000047,오궁낚시터,저수지,충청북도 음성군 감곡면 오궁리 124-2,,37.111463,127.672462,,2.2,붕어,70,해당없음,"25,000원",관리실 문의,구명부환*소화기*구급약 등,화장실*쓰레기통 등,"철박물관, 매괴성당",,충청북도 음성군청,2023-04-20,I,2026-05-15 18:45:51,2023-08-07 15:32:26
4470000,202644700001000047,마이제낚시터,저수지,충청북도 음성군 삼성면 덕정로65번길 102,,37.027938,127.494112,,12.3,붕어,242,"고정형, 수상형","25,000원",관리실 문의,구명부환*소화기*구급약 등,화장실*쓰레기통 등,한독의약박물관,,충청북도 음성군청,2023-04-20,,2026-05-22 22:58:25,2026-05-21 11:14:14
4470000,202344700001000100,백야낚시터,저수지,충청북도 음성군 금왕읍 백야로 320,,39.967806,127.603211,,44.6,붕어,70,"고정형, 수상형","15,000~20000",관리실 문의,구명부환*소화기*구급약 등,화장실*쓰레기통 등,한독의약박물관,,충청북도 음성군청,2023-04-20,I,2026-05-15 18:45:51,2023-08-07 15:32:27
4470000,202344700001000064,맹동낚시터,저수지,충청북도 음성군 맹동면 군자길 1492,,36.894167,127.571429,,98,붕어,70,"고정형, 수상형",25000,관리실 문의,구명부환*소화기*구급약 등,화장실*쓰레기통 등,한독의약박물관,,충청북도 음성군청,2023-04-20,I,2026-05-15 18:45:51,2023-08-07 15:32:26
4470000,202644700001000032,큰골낚시터,저수지,충청북도 음성군 감곡면 대학길190번길 59,,37.138054,127.648323,,4.7,붕어,70,"고정형, 수상형",30000,관리실 문의,구명부환*소화기*구급약 등,화장실*쓰레기통 등,"철박물관, 매괴성당",,충청북도 음성군청,2023-04-20,,2026-05-22 22:58:25,2026-05-21 11:14:13
4470000,202344700001000022,제수리낚시터,저수지,충청북도 음성군 금왕읍 금일로284번길 100-4,,37.010817,127.554459,,1.8,붕어,112,고정형,"30,000원",관리실 문의,구명부환*소화기*구급약 등,화장실*쓰레기통 등,한독의약박물관,,충청북도 음성군청,2023-04-20,I,2026-05-15 18:45:51,2023-08-07 15:32:26
4470000,202644700001000033,차평낚시터,저수지,충청북도 음성군 생극면 차생로 618-20,,37.049326,127.622166,,10.7,붕어,70,"고정형, 수상형",30000,관리실 문의,구명부환*소화기*구급약 등,화장실*쓰레기통 등,한독의약박물관,,충청북도 음성군청,2023-04-20,,2026-05-22 22:58:25,2026-05-21 11:14:13
4470000,202644700001000034,상곡낚시터,저수지,충청북도 음성군 삼성면 점골길 51,,37.013504,127.450467,,2.5,붕어,50,"고정형, 수상형",30000,관리실 문의,구명부환*소화기*구급약 등,화장실*쓰레기통 등,한독의약박물관,,충청북도 음성군청,2023-04-20,,2026-05-22 22:58:25,2026-05-21 11:14:13
4470000,202344700001000033,맹동낚시터,저수지,충청북도 음성군 맹동면 군자길 1492,,36.894167,127.571429,,98,붕어,75,"고정형, 수상형","25,000원",관리실 문의,구명부환*소화기*구급약 등,화장실*쓰레기통 등,한독의약박물관,,충청북도 음성군청,2023-04-20,I,2026-05-15 18:45:51,2023-08-07 15:32:26
4470000,202644700001000035,삼성지낚시터,저수지,충청북도 음성군 삼성면 금일로 1064-6,,37.026576,127.484692,,22.4,붕어,70,"고정형, 수상형",20000,관리실 문의,구명부환*소화기*구급약 등,화장실*쓰레기통 등,한독의약박물관,,충청북도 음성군청,2023-04-20,,2026-05-22 22:58:25,2026-05-21 11:14:13
4470000,202644700001000037,맹동낚시터,저수지,충청북도 음성군 맹동면 군자길 1492,,36.894167,127.571429,,98,붕어,70,"고정형, 수상형",25000,관리실 문의,구명부환*소화기*구급약 등,화장실*쓰레기통 등,한독의약박물관,,충청북도 음성군청,2023-04-20,,2026-05-22 22:58:25,2026-05-21 11:14:13
4470000,202344700001000096,마이제낚시터,저수지,충청북도 음성군 삼성면 덕정로65번길 102,,37.027938,127.494112,,12.3,붕어,70,"고정형, 수상형",20000,관리실 문의,구명부환*소화기*구급약 등,화장실*쓰레기통 등,한독의약박물관,,충청북도 음성군청,2023-04-20,I,2026-05-15 18:45:51,2023-08-07 15:32:27
4470000,202344700001000098,사계지낚시터,저수지,충청북도 음성군 금왕읍 보습길 77,,37.020711,127.551423,043-878-8819,5.2,붕어,70,"고정형, 수상형",25000,관리실 문의,구명부환*소화기*구급약 등,화장실*쓰레기통 등,한독의약박물관,,충청북도 음성군청,2023-04-20,I,2026-05-15 18:45:51,2023-08-07 15:32:27
4470000,202644700001000038,마이제낚시터,저수지,충청북도 음성군 삼성면 덕정로65번길 102,,37.027938,127.494112,,12.3,붕어,70,"고정형, 수상형",25000,관리실 문의,구명부환*소화기*구급약 등,화장실*쓰레기통 등,한독의약박물관,,충청북도 음성군청,2023-04-20,,2026-05-22 22:58:25,2026-05-21 11:14:13
4470000,202344700001000034,마이제낚시터,저수지,충청북도 음성군 삼성면 덕정로65번길 102,,37.027938,127.494112,,12.3,붕어,242,"고정형, 수상형","25,000원",관리실 문의,구명부환*소화기*구급약 등,화장실*쓰레기통 등,한독의약박물관,,충청북도 음성군청,2023-04-20,I,2026-05-15 18:45:51,2023-08-07 15:32:26
4470000,202344700001000086,감곡낚시터,저수지,충청북도 음성군 감곡면 감노로 67-18,,37.076491,127.627197,043-878-0789,27.6,붕어,70,"고정형, 수상형",20000,관리실 문의,구명부환*소화기*구급약 등,화장실*쓰레기통 등,"철박물관, 매괴성당",,충청북도 음성군청,2023-04-20,I,2026-05-15 18:45:51,2023-08-07 15:32:27
4470000,202644700001000039,주봉낚시터,저수지,충청북도 음성군 원남면 주봉로 141,,36.866529,127.675445,,13.6,붕어,70,"고정형, 수상형",30000,관리실 문의,구명부환*소화기*구급약 등,화장실*쓰레기통 등,반기문생가,,충청북도 음성군청,2023-04-20,,2026-05-22 22:58:25,2026-05-21 11:14:13
4470000,202644700001000041,내곡낚시터,저수지,충청북도 음성군 금왕읍 마루택길29번길 63,,37.01744,127.53839,,10.5,붕어,70,"고정형, 수상형",25000,관리실 문의,구명부환*소화기*구급약 등,화장실*쓰레기통 등,한독의약박물관,,충청북도 음성군청,2023-04-20,,2026-05-22 22:58:25,2026-05-21 11:14:13
4470000,202644700001000042,백야낚시터,저수지,충청북도 음성군 금왕읍 백야로 320,,39.967806,127.603211,,44.6,붕어,70,"고정형, 수상형",30000,관리실 문의,구명부환*소화기*구급약 등,화장실*쓰레기통 등,한독의약박물관,,충청북도 음성군청,2023-04-20,,2026-05-22 22:58:25,2026-05-21 11:14:13
4470000,202344700001000077,복상골낚시터,평지,충청북도 음성군 감곡면 사곡길 279,,37.095607,127.669018,,0.3,붕어,50,해당없음,40000,관리실 문의,구명부환*소화기*구급약 등,화장실*쓰레기통 등,"철박물관, 매괴성당",,충청북도 음성군청,2023-04-20,I,2026-05-15 18:45:51,2023-08-07 15:32:26
4470000,202644700001000043,백야낚시터,저수지,충청북도 음성군 금왕읍 백야로 320,,39.967806,127.603211,,44.6,붕어,70,"고정형, 수상형","30,000원",관리실 문의,구명부환*소화기*구급약 등,화장실*쓰레기통 등,한독의약박물관,,충청북도 음성군청,2023-04-20,,2026-05-22 22:58:25,2026-05-21 11:14:13
4470000,202644700001000044,내곡낚시터,저수지,충청북도 음성군 금왕읍 마루택길29번길 63,,37.01744,127.53839,,10.5,붕어,90,고정형,"25,000원",관리실 문의,구명부환*소화기*구급약 등,화장실*쓰레기통 등,한독의약박물관,,충청북도 음성군청,2023-04-20,,2026-05-22 22:58:25,2026-05-21 11:14:14
4470000,202644700001000045,사계지낚시터,저수지,충청북도 음성군 금왕읍 보습길 77,,37.020711,127.551423,,5.2,붕어,70,고정형,"30,000원",관리실 문의,구명부환*소화기*구급약 등,화장실*쓰레기통 등,한독의약박물관,,충청북도 음성군청,2023-04-20,,2026-05-22 22:58:25,2026-05-21 11:14:14
4470000,202344700001000050,상곡낚시터,저수지,충청북도 음성군 삼성면 점골길 51,,37.013504,127.450467,,2.5,붕어,50,고정형,"30,000원",관리실 문의,구명부환*소화기*구급약 등,화장실*쓰레기통 등,한독의약박물관,,충청북도 음성군청,2023-04-20,I,2026-05-15 18:45:51,2023-08-07 15:32:26
4470000,202644700001000046,주봉낚시터,저수지,충청북도 음성군 원남면 주봉로 141,,36.866529,127.675445,,13.6,붕어,139,"고정형, 수상형","30,000원",관리실 문의,구명부환*소화기*구급약 등,화장실*쓰레기통 등,반기문생가,,충청북도 음성군청,2023-04-20,,2026-05-22 22:58:25,2026-05-21 11:14:14
4470000,202344700001000056,사계지낚시터,저수지,충청북도 음성군 금왕읍 보습길 77,,37.020711,127.551423,,5.2,붕어,70,고정형,"30,000원",관리실 문의,구명부환*소화기*구급약 등,화장실*쓰레기통 등,한독의약박물관,,충청북도 음성군청,2023-04-20,I,2026-05-15 18:45:51,2023-08-07 15:32:26
4470000,202344700001000073,감곡낚시터,저수지,충청북도 음성군 감곡면 감노로 67-18,,37.076491,127.627197,,27.4,붕어,70,"고정형, 수상형",20000,관리실 문의,구명부환*소화기*구급약 등,화장실*쓰레기통 등,"철박물관, 매괴성당",,충청북도 음성군청,2023-04-20,I,2026-05-15 18:45:51,2023-08-07 15:32:26
4470000,202344700001000049,차평낚시터,저수지,충청북도 음성군 생극면 차생로 618-20,,37.049326,127.622166,,10.7,붕어,70,"고정형, 수상형","30,000원",관리실 문의,구명부환*소화기*구급약 등,화장실*쓰레기통 등,한독의약박물관,,충청북도 음성군청,2023-04-20,I,2026-05-15 18:45:51,2023-08-07 15:32:26
4470000,202644700001000124,백야낚시터,저수지,충청북도 음성군 금왕읍 백야로 320,,39.967806,127.603211,,44.6,붕어,70,"고정형, 수상형","30,000원",관리실 문의,구명부환*소화기*구급약 등,화장실*쓰레기통 등,한독의약박물관,,충청북도 음성군청,2026-05-21,,2026-05-22 22:58:25,2026-05-21 11:22:35
4470000,202644700001000094,거일낚시터,저수지,충청북도 음성군 감곡면 거일길 156,,37.108528,127.657346,043-881-9181,0.3,붕어,50,"고정형, 수상형",30000,관리실 문의,구명부환*소화기*구급약 등,화장실*쓰레기통 등,"철박물관, 매괴성당",,충청북도 음성군청,2026-05-21,,2026-05-22 22:58:25,2026-05-21 11:22:35
4470000,202644700001000102,힐링낚시터,기타,충청북도 음성군 맹동면 대하2가길 11(지하1층),,36.908066,127.54274,,0.04,붕어,30,해당없음,5000~7000,관리실 문의,소화기*구급약 등,화장실*쓰레기통 등,한독의약박물관,,충청북도 음성군청,2026-05-21,,2026-05-22 22:58:25,2026-05-21 11:22:35
4470000,202644700001000103,극동낚시터,저수지,충청북도 음성군 감곡면 성주로 362-17,,37.14878,127.64593,,1.66,붕어,100,해당없음,30000,관리실 문의,구명부환*소화기*구급약 등,화장실*쓰레기통 등,"철박물관, 매괴성당",,충청북도 음성군청,2026-05-21,,2026-05-22 22:58:25,2026-05-21 11:22:35
4470000,202644700001000104,큰손낚시카페,기타,충청북도 음성군 맹동면 원중로 1434(2층),,36.90955,127.541023,,0.07,붕어,30,해당없음,9000 ~ 10000/시간,관리실 문의,소화기*구급약 등,화장실*쓰레기통 등,한독의약박물관,,충청북도 음성군청,2026-05-21,,2026-05-22 22:58:25,2026-05-21 11:22:35
4470000,202644700001000001,백야낚시터,저수지,충청북도 음성군 금왕읍 백야로 320,,39.967806,127.603211,,44.6,붕어,70,"고정형, 수상형","15,000~20000",관리실 문의,구명부환*소화기*구급약 등,화장실*쓰레기통 등,한독의약박물관,,충청북도 음성군청,2023-04-20,,2026-05-22 22:58:25,2026-05-21 11:14:13
4470000,202644700001000002,내곡낚시터,저수지,충청북도 음성군 금왕읍 마루택길29번길 63,,37.01744,127.53839,,16.5,붕어,70,"고정형, 수상형",20000,관리실 문의,구명부환*소화기*구급약 등,화장실*쓰레기통 등,한독의약박물관,,충청북도 음성군청,2023-04-20,,2026-05-22 22:58:25,2026-05-21 11:14:13
4470000,202644700001000003,사계지낚시터,저수지,충청북도 음성군 금왕읍 보습길 77,,37.020711,127.551423,043-878-8819,5.2,붕어,70,"고정형, 수상형",25000,관리실 문의,구명부환*소화기*구급약 등,화장실*쓰레기통 등,한독의약박물관,,충청북도 음성군청,2023-04-20,,2026-05-22 22:58:25,2026-05-21 11:14:13
4470000,202644700001000004,주봉낚시터,저수지,충청북도 음성군 원남면 주봉로 141,,36.866529,127.675445,,13.6,붕어,70,"고정형, 수상형",30000,관리실 문의,구명부환*소화기*구급약 등,화장실*쓰레기통 등,반기문생가,,충청북도 음성군청,2023-04-20,,2026-05-22 22:58:25,2026-05-21 11:14:13
4470000,202644700001000005,마이제낚시터,저수지,충청북도 음성군 삼성면 덕정로65번길 102,,37.027938,127.494112,,12.3,붕어,70,"고정형, 수상형",20000,관리실 문의,구명부환*소화기*구급약 등,화장실*쓰레기통 등,한독의약박물관,,충청북도 음성군청,2023-04-20,,2026-05-22 22:58:25,2026-05-21 11:14:13
4470000,202644700001000006,맹동낚시터,저수지,충청북도 음성군 맹동면 군자길 1492,,36.894167,127.571429,,98,붕어,70,"고정형, 수상형",20000,관리실 문의,구명부환*소화기*구급약 등,화장실*쓰레기통 등,한독의약박물관,,충청북도 음성군청,2023-04-20,,2026-05-22 22:58:25,2026-05-21 11:14:13
4470000,202644700001000036,중부낚시터,저수지,충청북도 음성군 삼성면 용성로5번길 86-24,,37.001845,127.47583,,5,붕어,70,"고정형, 수상형",30000,관리실 문의,구명부환*소화기*구급약 등,화장실*쓰레기통 등,한독의약박물관,,충청북도 음성군청,2023-04-20,,2026-05-22 22:58:25,2026-05-21 11:14:13
4470000,202644700001000137,봉낚시터,저수지,충청북도 음성군 소이면 충갑길 196,,36.88901,127.74706,,4.3,붕어,60,고정형,"30,000원",관리실 문의,구명부환*소화기*구급약 등,화장실*쓰레기통 등,반기문생가,,충청북도 음성군청,2026-05-21,,2026-05-22 22:58:25,2026-05-21 11:22:35
4470000,202644700001000138,감곡낚시터,저수지,충청북도 음성군 감곡면 감노로 67-18,,37.076491,127.627197,,27.4,붕어,70,고정형,"20,000원",관리실 문의,구명부환*소화기*구급약 등,화장실*쓰레기통 등,"철박물관, 매괴성당",,충청북도 음성군청,2026-05-21,,2026-05-22 22:58:25,2026-05-21 11:22:35
4470000,202644700001000139,용대리낚시터,저수지,충청북도 음성군 삼성면 덕호로 360,,37.044544,127.514314,,4.11,붕어,84,고정형,"30,000원",관리실 문의,구명부환*소화기*구급약 등,화장실*쓰레기통 등,한독의약박물관,,충청북도 음성군청,2026-05-21,,2026-05-22 22:58:25,2026-05-21 11:22:35
4470000,202644700001000140,제수리낚시터,저수지,충청북도 음성군 금왕읍 금일로284번길 100-4,,37.010817,127.554459,,1.8,붕어,112,고정형,"30,000원",관리실 문의,구명부환*소화기*구급약 등,화장실*쓰레기통 등,한독의약박물관,,충청북도 음성군청,2026-05-21,,2026-05-22 22:58:25,2026-05-21 11:22:35
4470000,202644700001000141,생극낚시터,기타,충청북도 음성군 생극면 오신로 399-16,,37.025839,127.623314,,0.1,붕어,70,해당없음,"55,000원",관리실 문의,구명부환*소화기*구급약 등,화장실*쓰레기통 등,한독의약박물관,,충청북도 음성군청,2026-05-21,,2026-05-22 22:58:25,2026-05-21 11:22:35
4470000,202644700001000148,마이제낚시터,저수지,충청북도 음성군 삼성면 덕정로65번길 102,,37.027938,127.494112,,12.3,붕어,242,"고정형, 수상형","25,000원",관리실 문의,구명부환*소화기*구급약 등,화장실*쓰레기통 등,한독의약박물관,,충청북도 음성군청,2026-05-21,,2026-05-22 22:58:25,2026-05-21 11:22:35
4470000,202644700001000149,맹동낚시터,저수지,충청북도 음성군 맹동면 군자길 1492,,36.894167,127.571429,,98,붕어,75,"고정형, 수상형","25,000원",관리실 문의,구명부환*소화기*구급약 등,화장실*쓰레기통 등,한독의약박물관,,충청북도 음성군청,2026-05-21,,2026-05-22 22:58:26,2026-05-21 11:22:35
4470000,202644700001000150,중부낚시터,저수지,충청북도 음성군 삼성면 용성로5번길 86-24,,37.001845,127.47583,,5,붕어,118,고정형,"30,000원",관리실 문의,구명부환*소화기*구급약 등,화장실*쓰레기통 등,한독의약박물관,,충청북도 음성군청,2026-05-21,,2026-05-22 22:58:26,2026-05-21 11:22:35
4470000,202644700001000151,삼성지낚시터,저수지,충청북도 음성군 삼성면 금일로 1064-6,,37.026576,127.484692,,22.4,붕어,58,"고정형, 수상형","25,000원",관리실 문의,구명부환*소화기*구급약 등,화장실*쓰레기통 등,한독의약박물관,,충청북도 음성군청,2026-05-21,,2026-05-22 22:58:26,2026-05-21 11:22:35
4470000,202644700001000152,상곡낚시터,저수지,충청북도 음성군 삼성면 점골길 51,,37.013504,127.450467,,2.5,붕어,50,고정형,"30,000원",관리실 문의,구명부환*소화기*구급약 등,화장실*쓰레기통 등,한독의약박물관,,충청북도 음성군청,2026-05-21,,2026-05-22 22:58:26,2026-05-21 11:22:35
4470000,202644700001000153,차평낚시터,저수지,충청북도 음성군 생극면 차생로 618-20,,37.049326,127.622166,,10.7,붕어,70,"고정형, 수상형","30,000원",관리실 문의,구명부환*소화기*구급약 등,화장실*쓰레기통 등,한독의약박물관,,충청북도 음성군청,2026-05-21,,2026-05-22 22:58:26,2026-05-21 11:22:35
4470000,202644700001000154,큰골낚시터,저수지,충청북도 음성군 감곡면 대학길190번길 59,,37.138054,127.648323,,4.7,붕어,70,고정형,"30,000원",관리실 문의,구명부환*소화기*구급약 등,화장실*쓰레기통 등,"철박물관, 매괴성당",,충청북도 음성군청,2026-05-21,,2026-05-22 22:58:26,2026-05-21 11:22:35
4470000,202644700001000155,오궁낚시터,저수지,충청북도 음성군 감곡면 오궁리 124-2,,37.111463,127.672462,,2.2,붕어,70,해당없음,"25,000원",관리실 문의,구명부환*소화기*구급약 등,화장실*쓰레기통 등,"철박물관, 매괴성당",,충청북도 음성군청,2026-05-21,,2026-05-22 22:58:26,2026-05-21 11:22:35
4470000,202644700001000156,거일낚시터,저수지,충청북도 음성군 감곡면 거일길 156,,37.108528,127.657346,,0.3,붕어,45,고정형,"30,000원",관리실 문의,구명부환*소화기*구급약 등,화장실*쓰레기통 등,"철박물관, 매괴성당",,충청북도 음성군청,2026-05-21,,2026-05-22 22:58:26,2026-05-21 11:22:35
4470000,202644700001000157,봉낚시터,저수지,충청북도 음성군 소이면 충갑길 196,,36.88901,127.74706,,4.3,붕어,60,고정형,"30,000원",관리실 문의,구명부환*소화기*구급약 등,화장실*쓰레기통 등,반기문생가,,충청북도 음성군청,2026-05-21,,2026-05-22 22:58:26,2026-05-21 11:22:35
4470000,202644700001000158,감곡낚시터,저수지,충청북도 음성군 감곡면 감노로 67-18,,37.076491,127.627197,,27.4,붕어,70,고정형,"20,000원",관리실 문의,구명부환*소화기*구급약 등,화장실*쓰레기통 등,"철박물관, 매괴성당",,충청북도 음성군청,2026-05-21,,2026-05-22 22:58:26,2026-05-21 11:22:35
4470000,202644700001000159,용대리낚시터,저수지,충청북도 음성군 삼성면 덕호로 360,,37.044544,127.514314,,4.11,붕어,84,고정형,"30,000원",관리실 문의,구명부환*소화기*구급약 등,화장실*쓰레기통 등,한독의약박물관,,충청북도 음성군청,2026-05-21,,2026-05-22 22:58:26,2026-05-21 11:22:35
4470000,202644700001000070,삼성지낚시터,저수지,충청북도 음성군 삼성면 금일로 1064-6,,37.026576,127.484692,,22.4,붕어,58,"고정형, 수상형","25,000원",관리실 문의,구명부환*소화기*구급약 등,화장실*쓰레기통 등,한독의약박물관,,충청북도 음성군청,2023-04-20,,2026-05-22 22:58:25,2026-05-21 11:14:14
4470000,202644700001000015,감곡낚시터,저수지,충청북도 음성군 감곡면 감노로 67-18,,37.076491,127.627197,043-878-0789,27.6,붕어,70,"고정형, 수상형",20000,관리실 문의,구명부환*소화기*구급약 등,화장실*쓰레기통 등,"철박물관, 매괴성당",,충청북도 음성군청,2023-04-20,,2026-05-22 22:58:25,2026-05-21 11:14:13
4470000,202644700001000016,용대리낚시터,저수지,충청북도 음성군 삼성면 덕호로 360,,37.044544,127.514314,,4.11,붕어,70,"고정형, 수상형",20000,관리실 문의,구명부환*소화기*구급약 등,화장실*쓰레기통 등,한독의약박물관,,충청북도 음성군청,2023-04-20,,2026-05-22 22:58:25,2026-05-21 11:14:13
4470000,202644700001000017,제수리낚시터,저수지,충청북도 음성군 금왕읍 금일로284번길 100-4,,37.010817,127.554459,,1.8,붕어,60,"고정형, 수상형",20000,관리실 문의,구명부환*소화기*구급약 등,화장실*쓰레기통 등,한독의약박물관,,충청북도 음성군청,2023-04-20,,2026-05-22 22:58:25,2026-05-21 11:14:13
4470000,202644700001000018,생극낚시터,기타,충청북도 음성군 생극면 오신로 399-16,,37.025839,127.623314,043-878-2594,0.1,붕어,70,해당없음,50000,관리실 문의,구명부환*소화기*구급약 등,화장실*쓰레기통 등,한독의약박물관,,충청북도 음성군청,2023-04-20,,2026-05-22 22:58:25,2026-05-21 11:14:13
4470000,202644700001000125,내곡낚시터,저수지,충청북도 음성군 금왕읍 마루택길29번길 63,,37.01744,127.53839,,10.5,붕어,90,고정형,"25,000원",관리실 문의,구명부환*소화기*구급약 등,화장실*쓰레기통 등,한독의약박물관,,충청북도 음성군청,2026-05-21,,2026-05-22 22:58:25,2026-05-21 11:22:35
4470000,202644700001000126,사계지낚시터,저수지,충청북도 음성군 금왕읍 보습길 77,,37.020711,127.551423,,5.2,붕어,70,고정형,"30,000원",관리실 문의,구명부환*소화기*구급약 등,화장실*쓰레기통 등,한독의약박물관,,충청북도 음성군청,2026-05-21,,2026-05-22 22:58:25,2026-05-21 11:22:35
4470000,202644700001000127,주봉낚시터,저수지,충청북도 음성군 원남면 주봉로 141,,36.866529,127.675445,,13.6,붕어,139,"고정형, 수상형","30,000원",관리실 문의,구명부환*소화기*구급약 등,화장실*쓰레기통 등,반기문생가,,충청북도 음성군청,2026-05-21,,2026-05-22 22:58:25,2026-05-21 11:22:35
4470000,202644700001000128,마이제낚시터,저수지,충청북도 음성군 삼성면 덕정로65번길 102,,37.027938,127.494112,,12.3,붕어,242,"고정형, 수상형","25,000원",관리실 문의,구명부환*소화기*구급약 등,화장실*쓰레기통 등,한독의약박물관,,충청북도 음성군청,2026-05-21,,2026-05-22 22:58:25,2026-05-21 11:22:35
4470000,202644700001000019,복상골낚시터,평지,충청북도 음성군 감곡면 사곡길 279,,37.095607,127.669018,043-882-7066,0.3,붕어,50,고정형,30000,관리실 문의,구명부환*소화기*구급약 등,화장실*쓰레기통 등,"철박물관, 매괴성당",,충청북도 음성군청,2023-04-20,,2026-05-22 22:58:25,2026-05-21 11:14:13
4470000,202644700001000021,힐링낚시터,기타,충청북도 음성군 맹동면 대하2가길 11(지하1층),,36.908066,127.54274,,0.04,붕어,30,해당없음,5000~7000,관리실 문의,소화기*구급약 등,화장실*쓰레기통 등,한독의약박물관,,충청북도 음성군청,2023-04-20,,2026-05-22 22:58:25,2026-05-21 11:14:13
4470000,202644700001000022,극동낚시터,저수지,충청북도 음성군 감곡면 성주로 362-17,,37.14878,127.64593,,1.66,붕어,100,해당없음,30000,관리실 문의,구명부환*소화기*구급약 등,화장실*쓰레기통 등,"철박물관, 매괴성당",,충청북도 음성군청,2023-04-20,,2026-05-22 22:58:25,2026-05-21 11:14:13
4470000,202644700001000023,큰손낚시카페,기타,충청북도 음성군 맹동면 원중로 1434(2층),,36.90955,127.541023,,0.07,붕어,30,해당없음,9000 ~ 10000/시간,관리실 문의,소화기*구급약 등,화장실*쓰레기통 등,한독의약박물관,,충청북도 음성군청,2023-04-20,,2026-05-22 22:58:25,2026-05-21 11:14:13
4470000,202644700001000024,복상골낚시터,평지,충청북도 음성군 감곡면 사곡길 279,,37.095607,127.669018,,0.3,붕어,50,해당없음,40000,관리실 문의,구명부환*소화기*구급약 등,화장실*쓰레기통 등,"철박물관, 매괴성당",,충청북도 음성군청,2023-04-20,,2026-05-22 22:58:25,2026-05-21 11:14:13
4470000,202644700001000025,생극낚시터,기타,충청북도 음성군 생극면 오신로 399-16,,37.025839,127.623314,,0.1,붕어,70,해당없음,55000,관리실 문의,구명부환*소화기*구급약 등,화장실*쓰레기통 등,한독의약박물관,,충청북도 음성군청,2023-04-20,,2026-05-22 22:58:25,2026-05-21 11:14:13
4470000,202644700001000027,용대리낚시터,저수지,충청북도 음성군 삼성면 덕호로 360,,37.044544,127.514314,,4.11,붕어,70,"고정형, 수상형",30000,관리실 문의,구명부환*소화기*구급약 등,화장실*쓰레기통 등,한독의약박물관,,충청북도 음성군청,2023-04-20,,2026-05-22 22:58:25,2026-05-21 11:14:13
4470000,202644700001000029,봉낚시터,저수지,충청북도 음성군 소이면 충갑길 196,,36.88901,127.74706,,4.3,붕어,60,"고정형, 수상형",30000,관리실 문의,구명부환*소화기*구급약 등,화장실*쓰레기통 등,반기문생가,,충청북도 음성군청,2023-04-20,,2026-05-22 22:58:25,2026-05-21 11:14:13
4470000,202644700001000031,오궁낚시터,저수지,충청북도 음성군 감곡면 오궁리 124-2,,37.111463,127.672462,,2.2,붕어,70,"고정형, 수상형",25000,관리실 문의,구명부환*소화기*구급약 등,화장실*쓰레기통 등,"철박물관, 매괴성당",,충청북도 음성군청,2023-04-20,,2026-05-22 22:58:25,2026-05-21 11:14:13
4470000,202644700001000040,사계지낚시터,저수지,충청북도 음성군 금왕읍 보습길 77,,37.020711,127.551423,,5.2,붕어,70,"고정형, 수상형",30000,관리실 문의,구명부환*소화기*구급약 등,화장실*쓰레기통 등,한독의약박물관,,충청북도 음성군청,2023-04-20,,2026-05-22 22:58:25,2026-05-21 11:14:13
4470000,202644700001000136,거일낚시터,저수지,충청북도 음성군 감곡면 거일길 156,,37.108528,127.657346,,0.3,붕어,45,고정형,"30,000원",관리실 문의,구명부환*소화기*구급약 등,화장실*쓰레기통 등,"철박물관, 매괴성당",,충청북도 음성군청,2026-05-21,,2026-05-22 22:58:25,2026-05-21 11:22:35
4470000,202644700001000146,사계지낚시터,저수지,충청북도 음성군 금왕읍 보습길 77,,37.020711,127.551423,,5.2,붕어,70,고정형,"30,000원",관리실 문의,구명부환*소화기*구급약 등,화장실*쓰레기통 등,한독의약박물관,,충청북도 음성군청,2026-05-21,,2026-05-22 22:58:25,2026-05-21 11:22:35
4470000,202644700001000147,주봉낚시터,저수지,충청북도 음성군 원남면 주봉로 141,,36.866529,127.675445,,13.6,붕어,139,"고정형, 수상형","30,000원",관리실 문의,구명부환*소화기*구급약 등,화장실*쓰레기통 등,반기문생가,,충청북도 음성군청,2026-05-21,,2026-05-22 22:58:25,2026-05-21 11:22:35
4470000,202644700001000071,상곡낚시터,저수지,충청북도 음성군 삼성면 점골길 51,,37.013504,127.450467,,2.5,붕어,50,고정형,"30,000원",관리실 문의,구명부환*소화기*구급약 등,화장실*쓰레기통 등,한독의약박물관,,충청북도 음성군청,2023-04-20,,2026-05-22 22:58:25,2026-05-21 11:14:14
4470000,202644700001000072,차평낚시터,저수지,충청북도 음성군 생극면 차생로 618-20,,37.049326,127.622166,,10.7,붕어,70,"고정형, 수상형","30,000원",관리실 문의,구명부환*소화기*구급약 등,화장실*쓰레기통 등,한독의약박물관,,충청북도 음성군청,2023-04-20,,2026-05-22 22:58:25,2026-05-21 11:14:14
4470000,202644700001000073,큰골낚시터,저수지,충청북도 음성군 감곡면 대학길190번길 59,,37.138054,127.648323,,4.7,붕어,70,고정형,"30,000원",관리실 문의,구명부환*소화기*구급약 등,화장실*쓰레기통 등,"철박물관, 매괴성당",,충청북도 음성군청,2023-04-20,,2026-05-22 22:58:25,2026-05-21 11:14:14
4470000,202644700001000074,오궁낚시터,저수지,충청북도 음성군 감곡면 오궁리 124-2,,37.111463,127.672462,,2.2,붕어,70,해당없음,"25,000원",관리실 문의,구명부환*소화기*구급약 등,화장실*쓰레기통 등,"철박물관, 매괴성당",,충청북도 음성군청,2023-04-20,,2026-05-22 22:58:25,2026-05-21 11:14:14
4470000,202644700001000075,거일낚시터,저수지,충청북도 음성군 감곡면 거일길 156,,37.108528,127.657346,,0.3,붕어,45,고정형,"30,000원",관리실 문의,구명부환*소화기*구급약 등,화장실*쓰레기통 등,"철박물관, 매괴성당",,충청북도 음성군청,2023-04-20,,2026-05-22 22:58:25,2026-05-21 11:14:14
4470000,202644700001000076,봉낚시터,저수지,충청북도 음성군 소이면 충갑길 196,,36.88901,127.74706,,4.3,붕어,60,고정형,"30,000원",관리실 문의,구명부환*소화기*구급약 등,화장실*쓰레기통 등,반기문생가,,충청북도 음성군청,2023-04-20,,2026-05-22 22:58:25,2026-05-21 11:14:14
4470000,202644700001000077,감곡낚시터,저수지,충청북도 음성군 감곡면 감노로 67-18,,37.076491,127.627197,,27.4,붕어,70,고정형,"20,000원",관리실 문의,구명부환*소화기*구급약 등,화장실*쓰레기통 등,"철박물관, 매괴성당",,충청북도 음성군청,2023-04-20,,2026-05-22 22:58:25,2026-05-21 11:14:14
4470000,202644700001000078,용대리낚시터,저수지,충청북도 음성군 삼성면 덕호로 360,,37.044544,127.514314,,4.11,붕어,84,고정형,"30,000원",관리실 문의,구명부환*소화기*구급약 등,화장실*쓰레기통 등,한독의약박물관,,충청북도 음성군청,2023-04-20,,2026-05-22 22:58:25,2026-05-21 11:14:14
4470000,202644700001000079,제수리낚시터,저수지,충청북도 음성군 금왕읍 금일로284번길 100-4,,37.010817,127.554459,,1.8,붕어,112,고정형,"30,000원",관리실 문의,구명부환*소화기*구급약 등,화장실*쓰레기통 등,한독의약박물관,,충청북도 음성군청,2023-04-20,,2026-05-22 22:58:25,2026-05-21 11:14:14
4470000,202644700001000080,생극낚시터,기타,충청북도 음성군 생극면 오신로 399-16,,37.025839,127.623314,,0.1,장어,70,해당없음,"55,000원",관리실 문의,구명부환*소화기*구급약 등,화장실*쓰레기통 등,한독의약박물관,,충청북도 음성군청,2023-04-20,,2026-05-22 22:58:25,2026-05-21 11:14:14
4470000,202644700001000081,복상골낚시터,평지,충청북도 음성군 감곡면 사곡길 279,,37.095607,127.669018,,0.3,붕어,50,고정형,"40,000원",관리실 문의,구명부환*소화기*구급약 등,화장실*쓰레기통 등,"철박물관, 매괴성당",,충청북도 음성군청,2023-04-20,,2026-05-22 22:58:25,2026-05-21 11:14:14
4470000,202644700001000105,복상골낚시터,평지,충청북도 음성군 감곡면 사곡길 279,,37.095607,127.669018,,0.3,붕어,50,해당없음,40000,관리실 문의,구명부환*소화기*구급약 등,화장실*쓰레기통 등,"철박물관, 매괴성당",,충청북도 음성군청,2026-05-21,,2026-05-22 22:58:25,2026-05-21 11:22:35
4470000,202644700001000106,생극낚시터,기타,충청북도 음성군 생극면 오신로 399-16,,37.025839,127.623314,,0.1,붕어,70,해당없음,55000,관리실 문의,구명부환*소화기*구급약 등,화장실*쓰레기통 등,한독의약박물관,,충청북도 음성군청,2026-05-21,,2026-05-22 22:58:25,2026-05-21 11:22:35
4490000,202244900001000009,방축낚시터,저수지,충청남도 천안시 서북구 직산읍 군동3길 26,충청남도 천안시 서북구 직산읍 군동리 187-11,36.89959299,127.1693812,,11000,붕어+잉어,50,고정형,"평일 10,000원 주말 15,000원",,소화기+구명조끼+구명줄+구명부환+구급약품+전기설비,화장실+세면소+쓰레기통,,,천안시청,2025-10-23,I,2026-05-15 18:45:51,2025-10-23 09:33:24
4490000,202244900001000006,신월낚시터,저수지,"충청남도 천안시 서북구 성거읍 신월길 165-29, 신월낚시터",충청남도 천안시 서북구 성거읍 소우리 265-2,36.86809119,127.1646074,,81400,붕어+잉어,88,고정형,"1일 20,000원",,소화기+구명조끼+구명줄+구명부환+구급약품+전기설비,화장실+세면소+쓰레기통,,,천안시청,2025-10-23,I,2026-05-15 18:45:51,2025-10-23 09:35:24
4490000,202244900001000002,마정낚시터,저수지,충청남도 천안시 서북구 직산읍 금곡로 176,충청남도 천안시 서북구 직산읍 마정리 314,36.87443248,127.0999291,,180900,붕어+잉어,226,고정형,"1일 25,000원",,소화기+구명조끼+구명줄+구명부환+구급약품+전기설비,화장실+세면소+쓰레기통,,,천안시청,2025-10-23,I,2026-05-15 18:45:51,2025-10-23 09:38:34
4490000,202244900001000004,무네미낚시터,저수지,충청남도 천안시 동남구 동면 장송죽계길 40,충청남도 천안시 동남구 동면 송연리42,36.78076246,127.3704271,,4018,붕어+잉어,60,고정형,"1일 30,000원",,소화기+구명조끼+구명줄+구명부환+구급약품+전기설비,화장실+세면소+쓰레기통,,,천안시청,2025-10-23,I,2026-05-15 18:45:51,2025-10-23 09:36:59
4490000,202244900001000005,부대낚시터,저수지,"충청남도 천안시 서북구 안터길 38-29, 부대동낚시터 (부대동)",충청남도 천안시 서북구 부대동 35-4 부대동낚시터,36.84090025,127.1590725,041-563-1866,9600,"붕어,잉어,향어,메기",63,고정형,"1일 20,000원",,소화기+구명조끼+구명줄+구명부환+구급약품+전기설비,화장실+세면소+쓰레기통,,,천안시청,2025-10-23,I,2026-05-15 18:45:51,2025-10-23 09:36:14
4490000,202244900001000008,덕성낚시터,저수지,충청남도 천안시 동남구 동면 덕성1길 52,충청남도 천안시 동남구 동면 덕성리 428-1,36.80984881,127.3697076,041-553-1909,25600,붕어+잉어,115,고정형,"1일 15,000원",,소화기+구명조끼+구명줄+구명부환+구급약품+전기설비,화장실+세면소+쓰레기통,,,천안시청,2025-10-23,I,2026-05-15 18:45:51,2025-10-23 09:32:21
4490000,202244900001000007,석곡낚시터,저수지,"충청남도 천안시 서북구 직산읍 부송로 43-38, 석곡낚시터",충청남도 천안시 서북구 직산읍 석곡리 5-4 석곡낚시터,36.89071113,127.1028245,,56900,붕어+잉어,94,고정형,"1일 20,000원",,소화기+구명조끼+구명줄+구명부환+구급약품+전기설비,화장실+세면소+쓰레기통,,,천안시청,2025-10-23,I,2026-05-15 18:45:51,2025-10-23 09:34:23
4490000,202244900001000003,남창낚시터,저수지,"충청남도 천안시 서북구 성거읍 보명사길 62, 남창낚시터",충청남도 천안시 서북구 성거읍 송남리 산 46,36.86121783,127.1990668,041-622-4569,35000,붕어+잉어,130,고정형,"1일 30,000원",,소화기+구명조끼+구명줄+구명부환+구급약품+전기설비,화장실+세면소+쓰레기통,,,천안시청,2025-10-23,I,2026-05-15 18:45:51,2025-10-23 09:37:41
4490000,202244900001000001,수신낚시터,저수지,"충청남도 천안시 동남구 수신면 발산1길 147-106, 수신낚시터",충청남도 천안시 동남구 수신면 발산리 449-2 수신낚시터,36.71158316,127.2940376,041-557-0503,18000,붕어+잉어,30,고정형,"1일 30,000원",,소화기+구명조끼+구명줄+구명부환+구급약품+전기설비,화장실+세면소+쓰레기통,,,천안시청,2025-10-23,I,2026-05-15 18:45:51,2025-10-23 09:39:16
4500000,202045000001000017,훼미리낚시터,저수지,,충청남도 공주시 공주시 상왕동 779-7,36.47066341,127.0771193,,0.3,"붕어, 잉어",20,고정형,25000,,"구명부환, 소화기 등",화장실,,,개인,2020-12-22,I,2026-05-15 18:45:51,2020-12-23 21:55:45
4500000,202145000001000016,그린 낚시터,저수지,,충청남도 공주시 계룡면 중장리 101,36.37153325,127.1686461,041-857-5244,0.3,"붕어, 잉어",20,고정형,25000,,"구명부환, 소화기 등",화장실,,,개인,2021-10-22,I,2026-05-15 18:45:51,2021-10-22 21:55:48
4500000,202045000001000029,정안 낚시터,저수지,,충청남도 공주시 정안면 운궁리 327-4,36.5804523,127.110813,041-855-5755,0.3,"붕어, 잉어",20,고정형,20000,,"구명부환, 소화기 등",화장실,,041-840-8873,공주시,2020-12-22,I,2026-05-15 18:45:51,2020-12-23 21:55:45
4500000,202045000001000009,고성 낚시터,저수지,,충청남도 공주시 정안면 고성리(고성저수지),36.58824678,127.0916593,041-858-4600,23,"붕어, 잉어",20,고정형,20000,,"구명부환, 소화기 등",화장실,,041-850-6400,한국농어촌공사,2019-09-25,I,2026-05-15 18:45:51,2020-07-13 19:58:22
4500000,202045000001000019,자연농원,저수지,,충청남도 공주시 공주시 정안면 광정리200-5,36.47066341,127.0771193,041-858-1438,2.2,"붕어, 잉어",20,고정형,25000,,"구명부환, 소화기 등",화장실,,,개인,2020-12-22,I,2026-05-15 18:45:51,2020-12-23 21:55:45
4500000,202045000001000023,중흥 낚시터,저수지,,충청남도 공주시 의당면 도신리 487(중흥저수지),36.57675859,127.1725335,,13.8,"붕어, 잉어",20,고정형,20000,,"구명부환, 소화기 등",화장실,,041-850-6400,한국농어촌공사,2020-12-22,I,2026-05-15 18:45:51,2020-12-23 21:55:45
4500000,202045000001000004,월곡 낚시터,저수지,,충청남도 공주시 의당면 월곡리 4-3(월곡저수지),36.53973952,127.162541,041-852-0191,5,"붕어, 잉어",20,고정형,20000,,"구명부환, 소화기 등",화장실,,041-850-6400,한국농어촌공사,2019-09-25,I,2026-05-15 18:45:51,2020-07-13 19:58:22
4500000,202145000001000019,자연농원,저수지,,충청남도 공주시 공주시 정안면 광정리200-5,36.47066341,127.0771193,041-858-1438,2.2,"붕어, 잉어",20,고정형,25000,,"구명부환, 소화기 등",화장실,,,개인,2021-10-22,I,2026-05-15 18:45:51,2021-10-22 21:55:48
4500000,202145000001000003,능애 낚시터,저수지,,충청남도 공주시 정안면 평정리 529-1(평정저수지),36.55407334,127.083822,041-854-3664,6.6,"붕어, 잉어",20,고정형,20000,,"구명부환, 소화기 등",화장실,,041-850-6400,한국농어촌공사,2021-10-22,I,2026-05-15 18:45:51,2021-10-22 21:55:48
4500000,202045000001000005,경천 낚시터,저수지,,충청남도 공주시 계룡면 양화리(경천저수지),36.3339378,127.1718409,041-855-0921,46.3,"붕어, 잉어",20,고정형,20000,,"구명부환, 소화기 등",화장실,,041-850-6400,한국농어촌공사,2019-09-25,I,2026-05-15 18:45:51,2020-07-13 19:58:22
4500000,202145000001000005,경천 낚시터,저수지,,충청남도 공주시 계룡면 양화리(경천저수지),36.3339378,127.1718409,041-855-0921,46.3,"붕어, 잉어",20,고정형,20000,,"구명부환, 소화기 등",화장실,,041-850-6400,한국농어촌공사,2021-10-22,I,2026-05-15 18:45:51,2021-10-22 21:55:48
4500000,202145000001000021,명곡 낚시터,저수지,,충청남도 공주시 유구읍 명곡리 436-3(명곡저수지),36.59894926,126.9385268,041-841-6929,21.4,"붕어, 잉어",20,고정형,20000,,"구명부환, 소화기 등",화장실,,041-840-8873,공주시,2021-10-22,I,2026-05-15 18:45:51,2021-10-22 21:55:48
4500000,202045000001000010,명곡 낚시터,저수지,,충청남도 공주시 유구읍 명곡리 436-3(명곡저수지),36.59894926,126.9385268,041-841-6929,21.4,"붕어, 잉어",20,고정형,20000,,"구명부환, 소화기 등",화장실,,041-840-8873,공주시,2019-09-25,I,2026-05-15 18:45:51,2020-07-13 19:58:22
4500000,202045000001000026,경천 낚시터,저수지,,충청남도 공주시 계룡면 양화리(경천저수지),36.3339378,127.1718409,041-855-0921,46.3,"붕어, 잉어",20,고정형,20000,,"구명부환, 소화기 등",화장실,,041-850-6400,한국농어촌공사,2020-12-22,I,2026-05-15 18:45:51,2020-12-23 21:55:45
4500000,202045000001000022,고성 낚시터,저수지,,충청남도 공주시 정안면 고성리(고성저수지),36.58824678,127.0916593,041-858-4600,23,"붕어, 잉어",20,고정형,20000,,"구명부환, 소화기 등",화장실,,041-850-6400,한국농어촌공사,2020-12-22,I,2026-05-15 18:45:51,2020-12-23 21:55:45
4500000,202145000001000001,계룡 낚시터,저수지,,충청남도 공주시 계룡면 하대리 485-1(계룡저수지),36.36086703,127.1576725,041-857-8104,67.3,"붕어, 잉어",20,고정형,20000,,"구명부환, 소화기 등",화장실,,041-850-6400,한국농어촌공사,2021-10-22,I,2026-05-15 18:45:51,2021-10-22 21:55:48
4500000,202145000001000004,월곡 낚시터,저수지,,충청남도 공주시 의당면 월곡리 4-3(월곡저수지),36.53973952,127.162541,041-852-0191,5,"붕어, 잉어",20,고정형,20000,,"구명부환, 소화기 등",화장실,,041-850-6400,한국농어촌공사,2021-10-22,I,2026-05-15 18:45:51,2021-10-22 21:55:48
4500000,202145000001000024,우목 낚시터,저수지,,충청남도 공주시 우성면 용봉리 700(우목저수지),36.4405707,127.009396,041-855-4818,25,"붕어, 잉어",20,고정형,20000,,"구명부환, 소화기 등",화장실,,041-850-6400,한국농어촌공사,2021-10-22,I,2026-05-15 18:45:51,2021-10-22 21:55:48
4500000,202045000001000027,월곡 낚시터,저수지,,충청남도 공주시 의당면 월곡리 4-3(월곡저수지),36.53973952,127.162541,041-852-0191,5,"붕어, 잉어",20,고정형,20000,,"구명부환, 소화기 등",화장실,,041-850-6400,한국농어촌공사,2020-12-22,I,2026-05-15 18:45:51,2020-12-23 21:55:45
4500000,202145000001000020,큰목길낚시터,저수지,,충청남도 공주시 공주시 옥룡동 상왕통286,36.47066341,127.0771193,041-858-6900,0.3,"붕어, 잉어",20,고정형,25000,,"구명부환, 소화기 등",화장실,,,개인,2021-10-22,I,2026-05-15 18:45:51,2021-10-22 21:55:48
4500000,202145000001000015,그린 낚시터,저수지,,충청남도 공주시 계룡면 중장리 101,36.37153325,127.1686461,041-857-5244,0.3,"붕어, 잉어",20,고정형,25000,,"구명부환, 소화기 등",화장실,,,개인,2021-10-22,I,2026-05-15 18:45:51,2021-10-22 21:55:48
4500000,202145000001000006,행복 낚시터,저수지,,충청남도 공주시 의당면 두만리 28(요룡저수지),36.54898473,127.1448196,041-854-9506,14.5,"붕어, 잉어",20,고정형,20000,,"구명부환, 소화기 등",화장실,,041-850-6400,한국농어촌공사,2021-10-22,I,2026-05-15 18:45:51,2021-10-22 21:55:48
4500000,202145000001000009,고성 낚시터,저수지,,충청남도 공주시 정안면 고성리(고성저수지),36.58824678,127.0916593,041-858-4600,23,"붕어, 잉어",20,고정형,20000,,"구명부환, 소화기 등",화장실,,041-850-6400,한국농어촌공사,2021-10-22,I,2026-05-15 18:45:51,2021-10-22 21:55:48
4500000,202045000001000001,계룡 낚시터,저수지,,충청남도 공주시 계룡면 하대리 485-1(계룡저수지),36.36086703,127.1576725,041-857-8104,67.3,"붕어, 잉어",20,고정형,20000,,"구명부환, 소화기 등",화장실,,041-850-6400,한국농어촌공사,2019-09-25,I,2026-05-15 18:45:51,2020-07-13 19:58:22
4500000,202145000001000012,자연농원,저수지,,충청남도 공주시 공주시 정안면 광정리200-5,36.47066341,127.0771193,041-858-1438,2.2,"붕어, 잉어",20,고정형,25000,,"구명부환, 소화기 등",화장실,,,개인,2021-10-22,I,2026-05-15 18:45:51,2021-10-22 21:55:48
4500000,202145000001000017,훼미리낚시터,저수지,,충청남도 공주시 공주시 상왕동 779-7,36.47066341,127.0771193,,0.3,"붕어, 잉어",20,고정형,25000,,"구명부환, 소화기 등",화장실,,,개인,2021-10-22,I,2026-05-15 18:45:51,2021-10-22 21:55:48
4500000,202145000001000007,우목 낚시터,저수지,,충청남도 공주시 우성면 용봉리 700(우목저수지),36.4405707,127.009396,041-855-4818,25,"붕어, 잉어",20,고정형,20000,,"구명부환, 소화기 등",화장실,,041-850-6400,한국농어촌공사,2021-10-22,I,2026-05-15 18:45:51,2021-10-22 21:55:48
4500000,202045000001000002,정안 낚시터,저수지,,충청남도 공주시 정안면 운궁리 327-4,36.5804523,127.110813,041-855-5755,0.3,"붕어, 잉어",20,고정형,20000,,"구명부환, 소화기 등",화장실,,041-840-8873,공주시,2019-09-25,I,2026-05-15 18:45:51,2020-07-13 19:58:22
4500000,202145000001000026,경천 낚시터,저수지,,충청남도 공주시 계룡면 양화리(경천저수지),36.3339378,127.1718409,041-855-0921,46.3,"붕어, 잉어",20,고정형,20000,,"구명부환, 소화기 등",화장실,,041-850-6400,한국농어촌공사,2021-10-22,I,2026-05-15 18:45:51,2021-10-22 21:55:48
4500000,202045000001000018,우성낚시터,저수지,,충청남도 공주시 공주시 우성면 상서리114-2,36.47066341,127.0771193,041-853-8400,0.5,"붕어, 잉어",20,고정형,25000,,"구명부환, 소화기 등",화장실,,,개인,2020-12-22,I,2026-05-15 18:45:51,2020-12-23 21:55:45
4500000,202145000001000014,훼미리낚시터,저수지,,충청남도 공주시 공주시 상왕동 779-7,36.47066341,127.0771193,,0.3,"붕어, 잉어",20,고정형,25000,,"구명부환, 소화기 등",화장실,,,개인,2021-10-22,I,2026-05-15 18:45:51,2021-10-22 21:55:48
4500000,202045000001000008,중흥 낚시터,저수지,,충청남도 공주시 의당면 도신리 487(중흥저수지),36.57675859,127.1725335,,13.8,"붕어, 잉어",20,고정형,20000,,"구명부환, 소화기 등",화장실,,041-850-6400,한국농어촌공사,2019-09-25,I,2026-05-15 18:45:51,2020-07-13 19:58:22
4500000,202045000001000003,능애 낚시터,저수지,,충청남도 공주시 정안면 평정리 529-1(평정저수지),36.55407334,127.083822,041-854-3664,6.6,"붕어, 잉어",20,고정형,20000,,"구명부환, 소화기 등",화장실,,041-850-6400,한국농어촌공사,2019-09-25,I,2026-05-15 18:45:51,2020-07-13 19:58:22
4500000,202145000001000030,계룡 낚시터,저수지,,충청남도 공주시 계룡면 하대리 485-1(계룡저수지),36.36086703,127.1576725,041-857-8104,67.3,"붕어, 잉어",20,고정형,20000,,"구명부환, 소화기 등",화장실,,041-850-6400,한국농어촌공사,2021-10-22,I,2026-05-15 18:45:51,2021-10-22 21:55:48
4500000,202045000001000024,우목 낚시터,저수지,,충청남도 공주시 우성면 용봉리 700(우목저수지),36.4405707,127.009396,041-855-4818,25,"붕어, 잉어",20,고정형,20000,,"구명부환, 소화기 등",화장실,,041-850-6400,한국농어촌공사,2020-12-22,I,2026-05-15 18:45:51,2020-12-23 21:55:45
4500000,202145000001000029,정안 낚시터,저수지,,충청남도 공주시 정안면 운궁리 327-4,36.5804523,127.110813,041-855-5755,0.3,"붕어, 잉어",20,고정형,20000,,"구명부환, 소화기 등",화장실,,041-840-8873,공주시,2021-10-22,I,2026-05-15 18:45:51,2021-10-22 21:55:48
4500000,202045000001000025,행복 낚시터,저수지,,충청남도 공주시 의당면 두만리 28(요룡저수지),36.54898473,127.1448196,041-854-9506,14.5,"붕어, 잉어",20,고정형,20000,,"구명부환, 소화기 등",화장실,,041-850-6400,한국농어촌공사,2020-12-22,I,2026-05-15 18:45:51,2020-12-23 21:55:45
4500000,202045000001000006,행복 낚시터,저수지,,충청남도 공주시 의당면 두만리 28(요룡저수지),36.54898473,127.1448196,041-854-9506,14.5,"붕어, 잉어",20,고정형,20000,,"구명부환, 소화기 등",화장실,,041-850-6400,한국농어촌공사,2019-09-25,I,2026-05-15 18:45:51,2020-07-13 19:58:22
4500000,202145000001000027,월곡 낚시터,저수지,,충청남도 공주시 의당면 월곡리 4-3(월곡저수지),36.53973952,127.162541,041-852-0191,5,"붕어, 잉어",20,고정형,20000,,"구명부환, 소화기 등",화장실,,041-850-6400,한국농어촌공사,2021-10-22,I,2026-05-15 18:45:51,2021-10-22 21:55:48
4500000,202145000001000022,고성 낚시터,저수지,,충청남도 공주시 정안면 고성리(고성저수지),36.58824678,127.0916593,041-858-4600,23,"붕어, 잉어",20,고정형,20000,,"구명부환, 소화기 등",화장실,,041-850-6400,한국농어촌공사,2021-10-22,I,2026-05-15 18:45:51,2021-10-22 21:55:48
4500000,202045000001000013,우성낚시터,저수지,,충청남도 공주시 공주시 우성면 상서리114-2,36.47066341,127.0771193,041-853-8400,0.5,"붕어, 잉어",20,고정형,25000,,"구명부환, 소화기 등",화장실,,,개인,2019-09-25,I,2026-05-15 18:45:51,2020-07-13 19:58:22
4500000,202045000001000028,능애 낚시터,저수지,,충청남도 공주시 정안면 평정리 529-1(평정저수지),36.55407334,127.083822,041-854-3664,6.6,"붕어, 잉어",20,고정형,20000,,"구명부환, 소화기 등",화장실,,041-850-6400,한국농어촌공사,2020-12-22,I,2026-05-15 18:45:51,2020-12-23 21:55:45
4500000,202045000001000015,그린 낚시터,저수지,,충청남도 공주시 계룡면 중장리 101,36.37153325,127.1686461,041-857-5244,0.3,"붕어, 잉어",20,고정형,25000,,"구명부환, 소화기 등",화장실,,,개인,2019-09-25,I,2026-05-15 18:45:51,2020-07-13 19:58:22
4500000,202045000001000011,큰목길낚시터,저수지,,충청남도 공주시 공주시 옥룡동 상왕통286,36.47066341,127.0771193,041-858-6900,0.3,"붕어, 잉어",20,고정형,25000,,"구명부환, 소화기 등",화장실,,,개인,2019-09-25,I,2026-05-15 18:45:51,2020-07-13 19:58:22
4500000,202045000001000020,큰목길낚시터,저수지,,충청남도 공주시 공주시 옥룡동 상왕통286,36.47066341,127.0771193,041-858-6900,0.3,"붕어, 잉어",20,고정형,25000,,"구명부환, 소화기 등",화장실,,,개인,2020-12-22,I,2026-05-15 18:45:51,2020-12-23 21:55:45
4500000,202145000001000025,행복 낚시터,저수지,,충청남도 공주시 의당면 두만리 28(요룡저수지),36.54898473,127.1448196,041-854-9506,14.5,"붕어, 잉어",20,고정형,20000,,"구명부환, 소화기 등",화장실,,041-850-6400,한국농어촌공사,2021-10-22,I,2026-05-15 18:45:51,2021-10-22 21:55:48
4500000,202045000001000014,훼미리낚시터,저수지,,충청남도 공주시 공주시 상왕동 779-7,36.47066341,127.0771193,,0.3,"붕어, 잉어",20,고정형,25000,,"구명부환, 소화기 등",화장실,,,개인,2019-09-25,I,2026-05-15 18:45:51,2020-07-13 19:58:22
4500000,202145000001000010,명곡 낚시터,저수지,,충청남도 공주시 유구읍 명곡리 436-3(명곡저수지),36.59894926,126.9385268,041-841-6929,21.4,"붕어, 잉어",20,고정형,20000,,"구명부환, 소화기 등",화장실,,041-840-8873,공주시,2021-10-22,I,2026-05-15 18:45:51,2021-10-22 21:55:48
4500000,202045000001000021,명곡 낚시터,저수지,,충청남도 공주시 유구읍 명곡리 436-3(명곡저수지),36.59894926,126.9385268,041-841-6929,21.4,"붕어, 잉어",20,고정형,20000,,"구명부환, 소화기 등",화장실,,041-840-8873,공주시,2020-12-22,I,2026-05-15 18:45:51,2020-12-23 21:55:45
4500000,202145000001000018,우성낚시터,저수지,,충청남도 공주시 공주시 우성면 상서리114-2,36.47066341,127.0771193,041-853-8400,0.5,"붕어, 잉어",20,고정형,25000,,"구명부환, 소화기 등",화장실,,,개인,2021-10-22,I,2026-05-15 18:45:51,2021-10-22 21:55:48
4500000,202145000001000002,정안 낚시터,저수지,,충청남도 공주시 정안면 운궁리 327-4,36.5804523,127.110813,041-855-5755,0.3,"붕어, 잉어",20,고정형,20000,,"구명부환, 소화기 등",화장실,,041-840-8873,공주시,2021-10-22,I,2026-05-15 18:45:51,2021-10-22 21:55:48
4500000,202145000001000023,중흥 낚시터,저수지,,충청남도 공주시 의당면 도신리 487(중흥저수지),36.57675859,127.1725335,,13.8,"붕어, 잉어",20,고정형,20000,,"구명부환, 소화기 등",화장실,,041-850-6400,한국농어촌공사,2021-10-22,I,2026-05-15 18:45:51,2021-10-22 21:55:48
4500000,202045000001000016,그린 낚시터,저수지,,충청남도 공주시 계룡면 중장리 101,36.37153325,127.1686461,041-857-5244,0.3,"붕어, 잉어",20,고정형,25000,,"구명부환, 소화기 등",화장실,,,개인,2020-12-22,I,2026-05-15 18:45:51,2020-12-23 21:55:45
4500000,202045000001000030,계룡 낚시터,저수지,,충청남도 공주시 계룡면 하대리 485-1(계룡저수지),36.36086703,127.1576725,041-857-8104,67.3,"붕어, 잉어",20,고정형,20000,,"구명부환, 소화기 등",화장실,,041-850-6400,한국농어촌공사,2020-12-22,I,2026-05-15 18:45:51,2020-12-23 21:55:45
4500000,202045000001000012,자연농원,저수지,,충청남도 공주시 공주시 정안면 광정리200-5,36.47066341,127.0771193,041-858-1438,2.2,"붕어, 잉어",20,고정형,25000,,"구명부환, 소화기 등",화장실,,,개인,2019-09-25,I,2026-05-15 18:45:51,2020-07-13 19:58:22
4500000,202145000001000028,능애 낚시터,저수지,,충청남도 공주시 정안면 평정리 529-1(평정저수지),36.55407334,127.083822,041-854-3664,6.6,"붕어, 잉어",20,고정형,20000,,"구명부환, 소화기 등",화장실,,041-850-6400,한국농어촌공사,2021-10-22,I,2026-05-15 18:45:51,2021-10-22 21:55:48
4500000,202145000001000008,중흥 낚시터,저수지,,충청남도 공주시 의당면 도신리 487(중흥저수지),36.57675859,127.1725335,,13.8,"붕어, 잉어",20,고정형,20000,,"구명부환, 소화기 등",화장실,,041-850-6400,한국농어촌공사,2021-10-22,I,2026-05-15 18:45:51,2021-10-22 21:55:48
4500000,202145000001000011,큰목길낚시터,저수지,,충청남도 공주시 공주시 옥룡동 상왕통286,36.47066341,127.0771193,041-858-6900,0.3,"붕어, 잉어",20,고정형,25000,,"구명부환, 소화기 등",화장실,,,개인,2021-10-22,I,2026-05-15 18:45:51,2021-10-22 21:55:48
4500000,202145000001000013,우성낚시터,저수지,,충청남도 공주시 공주시 우성면 상서리114-2,36.47066341,127.0771193,041-853-8400,0.5,"붕어, 잉어",20,고정형,25000,,"구명부환, 소화기 등",화장실,,,개인,2021-10-22,I,2026-05-15 18:45:51,2021-10-22 21:55:48
4500000,202045000001000007,우목 낚시터,저수지,,충청남도 공주시 우성면 용봉리 700(우목저수지),36.4405707,127.009396,041-855-4818,25,"붕어, 잉어",20,고정형,20000,,"구명부환, 소화기 등",화장실,,041-850-6400,한국농어촌공사,2019-09-25,I,2026-05-15 18:45:51,2020-07-13 19:58:22
4510000,202245100001000002,원산도 선촌 해양낚시터,바다,충청남도 보령시 원산도리 540지선,충청남도 보령시 원산도리 540지선,36.385009,126.42969,,792,"조피볼락, 주꾸미",100,수상좌대,"1일 25,000원",,"구명부환, 구명조끼, 소화기, 구급약품, 안전사다리","화장실, 쓰레기통",원산도해수욕장,041-930-6773,충청남도 보령시청,2026-05-20,U,2026-05-21 03:03:03,2026-05-20 10:31:53
4510000,202245100001000003,숲속애바다실내낚시터,기타,충청남도 보령시 통나무1길 80,충청남도 보령시 신흑동 558-35,36.329072,126.52855,041-931-1502,453.06,"돔류, 민어류, 농어류",50,실내낚시터,"4시간 49,000원",,"구명부환, 구명줄, 소화기, 구급약품, 안전사다리","화장실, 쓰레기통, 관리 사무실, 휴게실, 창고",대천항,041-930-6773,충청남도 보령시청,2026-05-20,U,2026-05-21 03:03:03,2026-05-20 10:31:43
4520000,202245200001000008,대동 낚시터,저수지,충남 아산시 음봉면 송촌리 34,,36.847840,127.046914,,11,"붕어,잉어,향어 등",116,고정형+부유형,20000,"수상방갈로(17), 연안방갈로(1,30m), 잔교형좌대(1/100m),동암저수지","구명부환,소화기,구급약품 등","화장실,세면소,휴지통 등",,,"아산시, 한국농어촌공사",2024-01-15,I,2026-05-15 18:45:51,2024-07-09 14:24:34
4520000,202245200001000011,신휴 낚시터,저수지,충남 아산시 음봉면 신휴길122,,36.8910242,127.0704905,,52,"붕어,잉어,향어 등",55,고정형+부유형,20000,"수상방갈로(10), 선착장(1), 신휴 저수지","구명부환,소화기,구급약품 등","화장실,세면소,휴지통 등",,,"아산시, 한국농어촌공사",2024-01-15,I,2026-05-15 18:45:51,2024-07-09 14:35:42
4520000,202245200001000005,산들 낚시터,저수지,충남 아산시 배방읍 고불로 229,,36.725676,127.0596219,,7.2,"붕어,잉어,향어 등",84,고정형+부유형,20000,"수상방갈로(8조), 연안방갈로(1/10m), 잔교형좌대(1/50m),수철저수지","구명부환,소화기,구급약품 등","화장실,세면소,휴지통 등",,,"아산시, 한국농어촌공사",2024-01-15,I,2026-05-15 18:45:51,2024-07-09 14:29:24
4520000,202245200001000001,월선 낚시터,저수지,충남 아산시 영인면 아산로1233번길 54,,36.873699,126.931875,,10120,"붕어,잉어,향어 등",80,고정형,20000,,"구명부환,소화기,구급약품 등","화장실,세면소,휴지통 등",,,아산시,2024-03-12,I,2026-05-15 18:45:51,2024-07-09 14:50:41
4520000,202245200001000016,영인 낚시터,저수지,충남 아산시 영인면 영인로 159-20,,36.8627459,126.9487696,,33.8,"붕어,잉어,향어 등",168,고정형+부유형,20000,"수상방갈로(20), 잔교형좌대(1/90m), 선착장(1), 상성저수지","구명부환,소화기,구급약품 등","화장실,세면소,휴지통 등",,,"아산시, 한국농어촌공사",2024-01-15,I,2026-05-15 18:45:51,2024-07-09 14:53:50
4520000,202245200001000013,안골 낚시터,저수지,충남 아산시 영인면 고룡산로 448,,36.8789658,126.9878422,,41,"붕어,잉어,향어 등",113,고정형+부유형,20000,"수상방갈로(23조), 잔교형좌대(1/60m), 선착장(1)","구명부환,소화기,구급약품 등","화장실,세면소,휴지통 등",,,"아산시, 한국농어촌공사",2024-01-15,I,2026-05-15 18:45:51,2024-07-09 14:22:27
4520000,202245200001000019,동암 낚시터,기타,충남 아산시 음봉면 음봉로447번길 50,,36.8469204,127.0604064,,967,"붕어,잉어,향어 등",50,고정형,10000,"잔교형좌대(1), 사유수면","구명부환,소화기,구급약품 등","화장실,세면소,휴지통 등",,,아산시,2024-05-29,I,2026-05-15 18:45:51,2024-07-09 14:55:59
4520000,202245200001000007,월랑 낚시터,저수지,충남 아산시 음봉면 월랑길 15-10,,36.8436697,127.0804385,,20.9,"붕어,잉어,향어 등",65,고정형+부유형,20000,"수상방갈로(5), 연안방갈로(8m), 잔교형좌대(1/80m), 선착장(1),월랑저수지","구명부환,소화기,구급약품 등","화장실,세면소,휴지통 등",,,"아산시, 한국농어촌공사",2024-01-15,I,2026-05-15 18:45:51,2024-07-09 13:44:15
4520000,202245200001000017,잔실 낚시터,저수지,충남 아산시 음봉면 신정리 397,,36.8735582,127.0167286,,5.5,"붕어,잉어,향어 등",50,고정형,10000,신정저수지,"구명부환,소화기,구급약품 등","화장실,세면소,휴지통 등",,,"아산시, 한국농어촌공사",2024-01-15,I,2026-05-15 18:45:51,2024-07-09 14:52:02
4520000,202245200001000015,신봉 낚시터,저수지,충청남도 아산시 영인면 윤보선로211,,36.8943151,127.0039684,,7.6,"붕어,잉어,향어 등",117,고정형+부유형,20000,"수상방갈로(12조), 연안방갈로(1/30m), 잔교형좌대(1,138m), 선착장(1), 신봉저수지","구명부환,소화기,구급약품 등","화장실,세면소,휴지통 등",,,"아산시, 한국농어촌공사",2024-01-15,I,2026-05-15 18:45:51,2024-07-09 14:20:25
4520000,202245200001000021,아산락실내바다낚시터,기타,충남 아산시 염치읍 백암길 148-1,,36.8058557,127.0359602,,0.01,"참돔,활점농어,바닷가재 등",30,고정형,40000,,"구명부환,소화기,구급약품 등","화장실,세면소,휴지통 등",,,아산시,2021-12-31,I,2026-05-15 18:45:51,2022-03-24 17:32:20
4520000,202245200001000004,송악 낚시터,저수지,충남 아산시 송악면 송악로 560,,36.7214327,126.9898213,,90,"붕어,잉어,향어 등",179,고정형+부유형,10000,"수상방갈로(18조), 잔교형좌대(1/70m), 선착장 1개소, 송악저수지","구명부환,소화기,구급약품 등","화장실,세면소,휴지통 등",,,"아산시, 한국농어촌공사",2024-01-15,I,2026-05-15 18:45:51,2024-07-09 13:20:43
4520000,202245200001000020,낭만물고기실내낚시카페,기타,"충남 아산시 배방읍 배방로13번길 23, 2층",,36.775944,127.056904,,0.01,"메기,잉어,향어 등",40,고정형,10000,폐업,"구명부환,소화기,구급약품 등","화장실,세면소,휴지통 등",,,아산시,2021-12-31,I,2026-05-15 18:45:51,2024-07-09 13:06:32
4520000,202245200001000012,봉재 낚시터,저수지,충남 아산시 둔포면 충무로 1258-32,,36.883092,127.032207,,45.2,"붕어,잉어,향어 등",325,고정형+부유형,25000,"수상방갈로(31조), 연안방갈로(4), 잔교형좌대(12/90m), 선착장(1)","구명부환,소화기,구급약품 등","화장실,세면소,휴지통 등",,,"아산시, 한국농어촌공사",2024-01-15,I,2026-05-15 18:45:51,2024-07-09 13:33:56
4520000,202245200001000010,염치 낚시터,저수지,충남 아산시 염치읍 동정길 159-4,,36.821763,126.993657,,80.3,"붕어,잉어,향어 등",87,고정형+부유형,15000,"수상방갈로(10), 잔교형좌대(1/140m), 선착장(1) 총무:010-2026-3492","구명부환,소화기,구급약품 등","화장실,세면소,휴지통 등",,,"아산시, 한국농어촌공사",2024-01-15,I,2026-05-15 18:45:51,2024-07-09 14:37:48
4520000,202245200001000018,삽교천 낚시터,기타,충남 아산시 인주면 아산만로1363,,36.8526333,126.8545664,,1979.49,"붕어,잉어,향어 등",120,고정형,10000,,"구명부환,소화기,구급약품 등","화장실,세면소,휴지통 등",,,아산시,2024-07-09,I,2026-05-15 18:45:51,2024-07-09 13:35:50
4520000,202245200001000003,오목낚시터(신창낚시터),저수지,충남 아산시 신창면 서부남로675번길 48,,36.7955718,126.933069,,29.3,"붕어,잉어,향어 등",84,고정형+부유형,20000,"수상방갈로(10조), 연안방갈로(2/펜션형8m, 원룸형50m), 잔교형좌대(1/120m)","구명부환,소화기,구급약품 등","화장실,세면소,휴지통 등",,,"아산시, 한국농어촌공사",2024-01-15,I,2026-05-15 18:45:51,2024-07-09 14:27:06
4520000,202245200001000009,신수 낚시터,저수지,충남 아산시 음봉면 신수리 51-1,,36.843918,126.998310,,2.9,"붕어,잉어,향어 등",67,고정형+부유형,20000,"수상방갈로(7), 잔교형좌대(2), 연안방갈로(1)","구명부환,소화기,구급약품 등","화장실,세면소,휴지통 등",,,"아산시, 한국농어촌공사",2024-01-15,I,2026-05-15 18:45:51,2024-07-09 13:41:58
4520000,202245200001000006,냉정 낚시터,저수지,충남 아산시 인주면 서해로548번길 158,,36.868245,126.904669,,24.8,"붕어,잉어,향어 등",114,고정형+부유형,15000,"수상방갈로(1), 연안방갈로(10),  잔교형좌대(1/150m), 냉정저수지","구명부환,소화기,구급약품 등","화장실,세면소,휴지통 등",,,"아산시, 한국농어촌공사",2024-01-15,I,2026-05-15 18:45:51,2024-07-09 13:14:12
4520000,202245200001000002,신왕지낚시터,저수지,충남 아산시 둔포면 이화동길115번길 50,,36.9142133,127.0875782,,12356.8,"붕어,잉어,향어 등",234,고정형,30000,"194명수용, 잔교형좌대(1), 신왕소류지","구명부환,소화기,구급약품 등","화장실,세면소,휴지통 등",,,아산시,2024-05-21,I,2026-05-15 18:45:51,2024-07-09 14:49:24
4520000,202245200001000014,죽산 낚시터,저수지,충남 아산시 선장면 서부남로 344,,36.7857711,126.8978959,,22.8,"붕어,잉어,향어 등",96,고정형+부유형,20000,"수상방갈로(29), 연안방갈로(1), 선착장(1), 잔교형좌대(3/140m)","구명부환,소화기,구급약품 등","화장실,세면소,휴지통 등",,,"아산시, 한국농어촌공사",2024-01-15,I,2026-05-15 18:45:51,2024-07-09 14:14:41
4530000,202145300001000003,창리해상낚시터,바다,충청남도 서산시 부석면 창리 지선,,36.369181,126.224581,,1278,조피볼락+숭어,110,고정형,"입어식 60,000원 자연식 30,000원",낚시터 좌대 6동,구명부환+소화기+구급약품+구명조끼,화장실+쓰레기통,간월암,041-660-2413,서산시 해양수산과,2026-05-08,I,2026-05-15 18:45:51,2026-05-08 11:07:24
4530000,202345300001000006,우리낚시터,바다,충청남도 서산시 대산읍 화곡리 1891지선,충청남도 서산시 대산읍 화곡리 1891지선,35.2672,129.0183,,568.01,조피볼락+숭어,91,고정형,"입어식 60,000원 자연식 30,000원 초등학생 이하: 무료",,구명부환+소화기+구급약품+구명조끼,화장실+쓰레기통,삼길포항,041-660-2413,서산시 해양수산과,2026-05-08,I,2026-05-15 18:45:51,2026-05-08 10:59:55
4530000,202345300001000004,만석낚시터,바다,충청남도 서산시 대산읍 화곡리 1845 지선,충청남도 서산시 대산읍 화곡리 1845 지선,35.2672,129.0183,,1078.8,조피볼락+숭어,200,고정형,"입어식 60,000원 자연식 30,000원 초등학생 이하: 무료",,구명부환+소화기+구급약품+구명조끼,화장실+쓰레기통,삼길포항,041-660-2413,서산시 해양수산과,2026-05-08,I,2026-05-15 18:45:51,2026-05-08 11:00:05
4530000,202345300001000003,김선장낚시터,바다,충청남도 서산시 대산읍 화곡리 1845 지선,충청남도 서산시 대산읍 화곡리 1845 지선,35.2672,129.0183,,829,조피볼락+숭어,135,고정형,"입어식 60,000원 자연식 30,000원 초등학생 이하: 무료  2026. 12. 5. 까지 휴업",,구명부환+소화기+구급약품+구명조끼,화장실+쓰레기통,삼길포항,041-660-2413,서산시 해양수산과,2026-05-08,I,2026-05-15 18:45:51,2026-05-08 10:59:11
4530000,202345300001000005,대호낚시터,바다,충청남도 서산시 대산읍 화곡리 1845 지선,충청남도 서산시 대산읍 화곡리 1845 지선,35.2672,129.0183,,1088.4,"조피볼락, 참돔, 농어",200,고정형,"입어식 60,000원 자연식 30,000원 초등학생 이하: 무료",,구명부환+소화기+구급약품+구명조끼,화장실+쓰레기통,삼길포항,041-660-2413,서산시 해양수산과,2026-05-08,I,2026-05-15 18:45:51,2026-05-08 10:56:17
4530000,202345300001000008,항구낚시터,바다,충청남도 서산시 대산읍 화곡리 1891지선,충청남도 서산시 대산읍 화곡리 1891지선,35.2672,129.0183,,324.15,조피볼락+숭어,60,고정형,"입어식 60,000원 자연식 30,000원 초등학생 이하: 무료  2026. 12. 5.까지 휴업",,구명부환+소화기+구급약품+구명조끼,화장실+쓰레기통,삼길포항,041-660-2413,서산시 해양수산과,2026-05-08,I,2026-05-15 18:45:51,2026-05-08 10:59:23
4530000,202145300001000004,덕송지낚시터,저수지,충청남도 서산시 팔봉면 덕송리 842-5,,36.835062,126.339584,,12004,붕어+잉어,108,고정형,"A,B 토요일, 공휴일전일, 샌드위치연휴: 2인기준 19만원 일요일 및 평일: 2인기준 11만원",수상좌대 12동,구명부환+소화기+구급약품+구명조끼,화장실+쓰레기통,팔봉산,041-660-2413,서산시 해양수산과,2026-05-08,I,2026-05-15 18:45:51,2026-05-08 11:07:13
4530000,202345300001000007,백년낚시터,바다,충청남도 서산시 대산읍 화곡리 1891지선,충청남도 서산시 대산읍 화곡리 1891지선,35.2672,129.0183,,1124.71,조피볼락,199,고정형,"입어식 60,000원 자연식 30,000원 초등학생 이하: 무료",,구명부환+소화기+구급약품+구명조끼,화장실+쓰레기통,삼길포항,041-660-2413,서산시 해양수산과,2026-05-08,I,2026-05-15 18:45:51,2026-05-08 10:59:36
4540000,202545400001000001,죽림낚시터,평지,충청남도 논산시 연무읍 황화정리 362-1,충청남도 논산시 연무읍 황화정리 362-1,36.09,127.11,041-742-0090,7517,붕어+잉어,50,고정형,1일 35000원,,구급약품+구명부환+구명조끼+소화기,화장실+쓰레기통,선샤인랜드,041-746-6122,충청남도 논산시청,2025-11-04,I,2026-05-15 18:45:51,2025-11-04 10:23:21
4540000,202545400001000002,벌곡낚시터,평지,충청남도 논산시 벌곡면 대둔로575번길 25-7,충청남도 논산시 벌곡면 덕목리 237,36.18,127.25,041-734-5881,2009,붕어+잉어,40,고정형,(평일)15000원+(휴일)20000원,,구급약품+구명부환+구명조끼+소화기,화장실+쓰레기통,대둔산국립공원,041-746-6122,충청남도 논산시청,2025-11-04,I,2026-05-15 18:45:51,2025-11-04 10:23:21
4550000,202645500001000001,수정낚시터,평지,충청남도 금산군 군북면 군북로 1057,충청남도 금산군 군북면 조정리 291,36.1973735,127.5203,041-752-2191,6038,붕어,45,고정형,"1일 20,000원",-,구명부환+소화기+구급약품+전기설비,화장실+쓰레기통,"하늘물빛정원, 아토피치유마을",041-750-2564,충청남도 금산군청,2026-05-08,I,2026-05-15 18:45:51,2026-05-08 15:57:10
4570000,202345700001000001,캠피그라운드,기타,충청남도 부여군 부여읍 삼충로272번길 12,충청남도 부여군 부여읍 자왕리 444-2,,,041-836-3777,171,"메기, 붕어",100,"고정형, 부유형","손맛터 15,000원 노지잡이터(토종터) 35,000원 카라반 이용요금 100,000원",낚시터 중앙부,구명 및 소방설비 등,"갤러리, 휴게소","궁남지, 구드래공원",041-830-3862,부여군청,2026-05-11,U,2026-05-20 03:03:03,2026-05-19 14:44:05
4580000,202145800001000002,배다리낚시터,저수지,충청남도 서천군 서면 주원로 10-3,,36.15600648,126.572178,,293000,붕어,28,고정형,1일 60000원,,구명부환+구명조끼+소화기+사다리+휴대용손전등,화장실+쓰레기통,,,충청남도 서천군청,2023-12-08,I,2026-05-15 18:45:51,2023-12-08 16:33:55
4580000,202145800001000001,서부낚시터,저수지,충청남도 서천군 종천면 대백제로 1458,,36.12103723,126.692348,,840000,붕어,36,고정형,1일 60000원,,구명부환+구명조끼+소화기+사다리+휴대용손전등,화장실+쓰레기통,,,충청남도 서천군청,2023-12-08,I,2026-05-15 18:45:51,2023-12-08 16:33:30
4600000,202546000001000001,죽도해상낚시터(폐업),바다,충청남도 홍성군 서부면 남당항로,충청남도 홍성군 서부면 죽도리 39-1,36.519993,126.435763,,1966,우럭,70,고정형,"40,000",,구명부환+구명조끼+소화기+구급약품,화장실+분리수거통,남당항,041-630-1266,홍성군청,2025-10-31,I,2026-05-15 18:45:51,2025-10-17 15:01:45
4600000,202546000001000002,궁리해상낚시터(폐업),바다,충청남도 홍성군 서부면 남당항로,충청남도 홍성군 서부면 궁리 697-4,36.59272,126.4556,,41659,우럭,100,고정형,"40,000",,구명부환+구명조끼+소화기+구급약품,관리동 및 화장실,남당항,041-634-6867,홍성군청,2025-10-31,I,2026-05-15 18:45:51,2025-10-17 15:01:45
4610000,202646100001000029,무지개낚시터,저수지,충청남도 예산군 대흥면 노동리 440-1,충청남도 예산군 대흥면 노동리 440-1,36.62860222,126.8128752,,30000,붕어류,50,고정형,"80,000원+250,000원",수초지대,구명부환+소화기+구급약품+전기설비,화장실+쓰레기통,덕산온천예당호,041-339-7823,충청남도예산군청,2026-05-15,,2026-05-16 22:58:25,2026-05-15 16:32:23
4610000,202646100001000030,새물낚시터,저수지,충청남도 예산군 신양면 무봉리 295,충청남도 예산군 신양면 무봉리 295,36.617006,126.824655,041-335-3187,30000,붕어류,50,고정형,"80,000원+250,000원",수초지대,구명부환+소화기+구급약품+전기설비,화장실+쓰레기통,덕산온천예당호,041-339-7823,충청남도예산군청,2026-05-15,,2026-05-16 22:58:25,2026-05-15 16:32:23
4610000,202646100001000031,월척낚시터,저수지,충청남도 예산군 응봉면 신리 46,충청남도 예산군 응봉면 신리 46,36.62571063,126.7905212,041-333-4146,30000,붕어류,50,고정형,"80,000원+250,000원",수초지대,구명부환+소화기+구급약품+전기설비,화장실+쓰레기통,덕산온천예당호,041-339-7823,충청남도예산군청,2026-05-15,,2026-05-16 22:58:25,2026-05-15 16:32:23
4610000,202646100001000032,오리장낚시터,저수지,충청남도 예산군 광시면 장전리 613,충청남도 예산군 광시면 장전리 613,36.5943022,126.7973352,041-332-0392,30000,붕어류,50,고정형,"80,000원+250,000원",수초지대,구명부환+소화기+구급약품+전기설비,화장실+쓰레기통,덕산온천예당호,041-339-7823,충청남도예산군청,2026-05-15,,2026-05-16 22:58:25,2026-05-15 16:32:23
4610000,202646100001000033,검은솔밭낚시터,저수지,충청남도 예산군 대흥면 신속리 114,충청남도 예산군 대흥면 신속리 114,36.62194157,126.8066827,041-334-5466,30000,붕어류,50,고정형,"80,000원+250,000원",수초지대,구명부환+소화기+구급약품+전기설비,화장실+쓰레기통,덕산온천예당호,041-339-7823,충청남도예산군청,2026-05-15,,2026-05-16 22:58:25,2026-05-15 16:32:23
4610000,202646100001000034,숲속낚시터,저수지,충청남도 예산군 광시면 동산리 185,충청남도 예산군 광시면 동산리 185,36.5914558,126.794661,041-332-0294,30000,붕어류,50,고정형,"80,000원+250,000원",수초지대,구명부환+소화기+구급약품+전기설비,화장실+쓰레기통,덕산온천예당호,041-339-7823,충청남도예산군청,2026-05-15,,2026-05-16 22:58:25,2026-05-15 16:32:23
4610000,202646100001000002,하와이낚시터,저수지,충청남도 예산군 대흥면 신속리 273,충청남도 예산군 대흥면 신속리 273,36.6264144,126.8078678,041-335-4581,30000,붕어류,50,고정형,"80,000원+250,000원",수초지대,구명부환+소화기+구급약품+전기설비,화장실+쓰레기통,덕산온천예당호,041-339-7823,충청남도예산군청,2026-05-15,,2026-05-16 22:58:25,2026-05-15 16:32:22
4610000,202646100001000003,대양낚시터,저수지,충청남도 예산군 대흥면 동서리 182,충청남도 예산군 대흥면 동산리 41,36.609295,126.791431,041-332-3311,30000,붕어류,50,고정형,"80,000원+250,000원",수초지대,구명부환+소화기+구급약품+전기설비,화장실+쓰레기통,덕산온천예당호,041-339-7823,충청남도예산군청,2026-05-15,,2026-05-16 22:58:25,2026-05-15 16:32:22
4610000,202646100001000004,그린낚시터,저수지,충청남도 예산군 대흥면 상중리 2,충청남도 예산군 대흥면 상중리 2,36.60555592,126.7943737,041-332-1077,30000,붕어류,50,고정형,"80,000원+250,000원",수초지대,구명부환+소화기+구급약품+전기설비,화장실+쓰레기통,덕산온천예당호,041-339-7823,충청남도예산군청,2026-05-15,,2026-05-16 22:58:25,2026-05-15 16:32:22
4610000,202646100001000005,송석낚시터,저수지,충청남도 예산군 대술면 송석리 92-1,충청남도 예산군 대술면 송석리 92-1,36.687558,126.946816,041-333-7959,235000,붕어류,400,고정형,"15,000원",수초지대,구명부환+소화기+구급약품+전기설비,화장실+쓰레기통,덕산온천예당호,041-339-7823,충청남도예산군청,2026-05-15,,2026-05-16 22:58:25,2026-05-15 16:32:22
4610000,202646100001000006,예당저수지연안낚시터,저수지,충청남도 예산군 대흥면 예당로 874,충청남도 예산군 광시면 장전리 748,36.607153,126.792943,041-333-0545,10000,붕어류,10,고정형,"80,000원+250,000원",수초지대,구명부환+소화기+구급약품+전기설비,화장실+쓰레기통,덕산온천예당호,041-339-7823,충청남도예산군청,2026-05-15,,2026-05-16 22:58:25,2026-05-15 16:32:22
4610000,202646100001000007,평촌낚시터,저수지,충청남도 예산군 응봉면 등촌리 282,충청남도 예산군 응봉면 등촌리 282,36.63184542,126.7905514,041-332-0005,30000,붕어류,50,고정형,"80,000원+250,000원",수초지대,구명부환+소화기+구급약품+전기설비,화장실+쓰레기통,덕산온천예당호,041-339-7823,충청남도예산군청,2026-05-15,,2026-05-16 22:58:25,2026-05-15 16:32:22
4610000,202646100001000008,목씨네낚시터,저수지,충청남도 예산군 응봉면 등촌리 262,충청남도 예산군 응봉면 등촌리 262,36.63268909,126.7930355,041-332-0003,30000,붕어류,50,고정형,"80,000원+250,000원",수초지대,구명부환+소화기+구급약품+전기설비,화장실+쓰레기통,덕산온천예당호,041-339-7823,충청남도예산군청,2026-05-15,,2026-05-16 22:58:25,2026-05-15 16:32:22
4610000,202646100001000009,피쉬뱅크낚시터,저수지,충청남도 예산군 대흥면 상중리 2,충청남도 예산군 대흥면 상중리 2,36.60555592,126.7943737,041-333-1330,30000,붕어류,50,고정형,"80,000원+250,000원",수초지대,구명부환+소화기+구급약품+전기설비,화장실+쓰레기통,덕산온천예당호,041-339-7823,충청남도예산군청,2026-05-15,,2026-05-16 22:58:25,2026-05-15 16:32:22
4610000,202646100001000010,도덕골낚시터,저수지,충청남도 예산군 신양면 황계리 336,충청남도 예산군 신양면 황계리 336,36.60866593,126.819471,041-332-0321,30000,붕어류,50,고정형,"80,000원+250,000원",수초지대,구명부환+소화기+구급약품+전기설비,화장실+쓰레기통,덕산온천예당호,041-339-7823,충청남도예산군청,2026-05-15,,2026-05-16 22:58:25,2026-05-15 16:32:22
4610000,202646100001000011,붕어나라낚시터,저수지,충청남도 예산군 광시면 동산리 80,충청남도 예산군 광시면 동산리 80,36.5831239,126.7987331,041-333-1110,30000,붕어류,50,고정형,"80,000원+250,000원",수초지대,구명부환+소화기+구급약품+전기설비,화장실+쓰레기통,덕산온천예당호,041-339-7823,충청남도예산군청,2026-05-15,,2026-05-16 22:58:25,2026-05-15 16:32:22
4610000,202646100001000012,진수낚시터,저수지,충청남도 예산군 응봉면 신리 115,충청남도 예산군 응봉면 신리 115,36.62868016,126.7908186,041-332-0164,30000,붕어류,50,고정형,"80,000원+250,000원",수초지대,구명부환+소화기+구급약품+전기설비,화장실+쓰레기통,덕산온천예당호,041-339-7823,충청남도예산군청,2026-05-15,,2026-05-16 22:58:25,2026-05-15 16:32:22
4610000,202646100001000013,낚시여행낚시터,저수지,충청남도 예산군 대흥면 송지리 73,충청남도 예산군 대흥면 송지리 73,36.60072861,126.8105442,041-333-2550,30000,붕어류,50,고정형,"80,000원+250,000원",수초지대,구명부환+소화기+구급약품+전기설비,화장실+쓰레기통,덕산온천예당호,041-339-7823,충청남도예산군청,2026-05-15,,2026-05-16 22:58:25,2026-05-15 16:32:22
4610000,202646100001000014,예당임존성낚시터,저수지,충청남도 예산군 대흥면 상중리 26,충청남도 예산군 대흥면 상중리 26,36.60036973,126.7954872,041-333-2606,30000,붕어류,50,고정형,"80,000원+250,000원",수초지대,구명부환+소화기+구급약품+전기설비,화장실+쓰레기통,덕산온천예당호,041-339-7823,충청남도예산군청,2026-05-15,,2026-05-16 22:58:25,2026-05-15 16:32:22
4610000,202646100001000015,포인트낚시터,저수지,충청남도 예산군 대흥면 송지리 44,충청남도 예산군 대흥면 송지리 44,36.60207904,126.8138868,041-332-0334,30000,붕어류,50,고정형,"80,000원+250,000원",수초지대,구명부환+소화기+구급약품+전기설비,화장실+쓰레기통,덕산온천예당호,041-339-7823,충청남도예산군청,2026-05-15,,2026-05-16 22:58:25,2026-05-15 16:32:22
4610000,202646100001000016,연안낚시터,저수지,충청남도 예산군 대흥면 예당로 874,충청남도 예산군 광시면 장전리 748,36.607153,126.79294,041-333-0545,30000,붕어류,1000,고정형,"10,000원",수초지대,구명부환+소화기+구급약품+전기설비,화장실+쓰레기통,덕산온천예당호,041-339-7823,충청남도예산군청,2026-05-15,,2026-05-16 22:58:25,2026-05-15 16:32:22
4610000,202646100001000023,장전낚시터,저수지,충청남도 예산군 광시면 장전리 30-1,충청남도 예산군 광시면 장전리 30-1,36.59695107,126.8087508,041-332-0334,30000,붕어류,50,고정형,"80,000원+250,000원",수초지대,구명부환+소화기+구급약품+전기설비,화장실+쓰레기통,덕산온천예당호,041-339-7823,충청남도예산군청,2026-05-15,,2026-05-16 22:58:25,2026-05-15 16:32:22
4610000,202646100001000024,인천낚시터,저수지,충청남도 예산군 대흥면 대야리 86,충청남도 예산군 대흥면 대야리 86,36.61540692,126.8071422,041-334-4779,30000,붕어류,50,고정형,"80,000원+250,000원",수초지대,구명부환+소화기+구급약품+전기설비,화장실+쓰레기통,덕산온천예당호,041-339-7823,충청남도예산군청,2026-05-15,,2026-05-16 22:58:25,2026-05-15 16:32:22
4610000,202646100001000017,교촌낚시터,저수지,충청남도 예산군 대흥면 교촌리 301,충청남도 예산군 대흥면 교촌리 301,36.6191964,126.7875532,041-332-3222,30000,붕어류,50,고정형,"80,000원+250,000원",수초지대,구명부환+소화기+구급약품+전기설비,화장실+쓰레기통,덕산온천예당호,041-339-7823,충청남도예산군청,2026-05-15,,2026-05-16 22:58:25,2026-05-15 16:32:22
4610000,202646100001000018,만수낚시터,저수지,충청남도 예산군 대흥면 교촌리 317,충청남도 예산군 대흥면 교촌리 317,36.61706969,126.7897365,041-332-0043,30000,붕어류,50,고정형,"80,000원+250,000원",수초지대,구명부환+소화기+구급약품+전기설비,화장실+쓰레기통,덕산온천예당호,041-339-7823,충청남도예산군청,2026-05-15,,2026-05-16 22:58:25,2026-05-15 16:32:22
4610000,202646100001000019,송석낚시터,저수지,충청남도 예산군 대술면 송석리 92-1,충청남도 예산군 대술면 송석리 92-1,36.687558,126.946816,041-333-7959,235000,붕어류,40,고정형,"80,000원+140,000원",수초지대,구명부환+소화기+구급약품+전기설비,화장실+쓰레기통,덕산온천예당호,041-339-7823,충청남도예산군청,2026-05-15,,2026-05-16 22:58:25,2026-05-15 16:32:22
4610000,202646100001000020,방산낚시터,저수지,충청남도 예산군 대술면 방산리 143-2,충청남도 예산군 대술면 방산리 143-2,36.659665,126.936771,041-332-6630,332000,붕어류,50,고정형,"80,000원+250,000원",수초지대,구명부환+소화기+구급약품+전기설비,화장실+쓰레기통,덕산온천예당호,041-339-7823,충청남도예산군청,2026-05-15,,2026-05-16 22:58:25,2026-05-15 16:32:22
4610000,202646100001000021,낚시회관낚시터,저수지,충청남도 예산군 대흥면 동서리 245,충청남도 예산군 대흥면 동서리 245,36.61192542,126.7927551,,30000,붕어류,50,고정형,"80,000원+250,000원",수초지대,구명부환+소화기+구급약품+전기설비,화장실+쓰레기통,덕산온천예당호,041-339-7823,충청남도예산군청,2026-05-15,,2026-05-16 22:58:25,2026-05-15 16:32:22
4610000,202646100001000022,한믈낚시터,저수지,충청남도 예산군 응봉면 후사리 33,충청남도 예산군 응봉면 후사리 33,36.63964651,126.8014953,041-331-5117,30000,붕어류,50,고정형,"80,000원+250,000원",수초지대,구명부환+소화기+구급약품+전기설비,화장실+쓰레기통,덕산온천예당호,041-339-7823,충청남도예산군청,2026-05-15,,2026-05-16 22:58:25,2026-05-15 16:32:22
4610000,202646100001000025,애플낚시터,저수지,충청남도 예산군 광시면 동산리 91-2,충청남도 예산군 광시면 동산리 91-2,36.58429101,126.7964814,041-332-0440,30000,붕어류,50,고정형,"80,000원+250,000원",수초지대,구명부환+소화기+구급약품+전기설비,화장실+쓰레기통,덕산온천예당호,041-339-7823,충청남도예산군청,2026-05-15,,2026-05-16 22:58:25,2026-05-15 16:32:22
4610000,202646100001000026,2박3일낚시터,저수지,충청남도 예산군 대흥면 하탄방리 154-1,충청남도 예산군 대흥면 하탄방리 154-1,36.61082287,126.8214934,,30000,붕어류,50,고정형,"80,000원+250,000원",수초지대,구명부환+소화기+구급약품+전기설비,화장실+쓰레기통,덕산온천예당호,041-339-7823,충청남도예산군청,2026-05-15,,2026-05-16 22:58:25,2026-05-15 16:32:23
4610000,202646100001000028,예당낚시터,저수지,충청남도 예산군 대흥면 상중리 8,충청남도 예산군 대흥면 상중리 8,36.60527446,126.7952119,041-332-0176,30000,붕어류,50,고정형,"80,000원+250,000원",수초지대,구명부환+소화기+구급약품+전기설비,화장실+쓰레기통,덕산온천예당호,041-339-7823,충청남도예산군청,2026-05-15,,2026-05-16 22:58:25,2026-05-15 16:32:23
4610000,202646100001000027,장전정자나무낚시터,저수지,충청남도 예산군 광시면 장전리 73,충청남도 예산군 광시면 장전리 73,36.59608361,126.8062826,041-332-0356,30000,붕어류,50,고정형,"80,000원+250,000원",수초지대,구명부환+소화기+구급약품+전기설비,화장실+쓰레기통,덕산온천예당호,041-339-7823,충청남도예산군청,2026-05-15,,2026-05-16 22:58:25,2026-05-15 16:32:23
4610000,202646100001000001,용봉낚시터,저수지,충청남도 예산군 덕산면 둔리 504-9,충청남도 예산군 덕산면 둔리 504-9,36.665087,126.646624,,141000,붕어류,43,고정형,"120,000원+150,000원",수초지대,구명부환+소화기+구급약품+전기설비,화장실+쓰레기통,덕산온천예당호,041-339-7823,충청남도예산군청,2026-05-15,,2026-05-16 22:58:25,2026-05-15 16:32:22
4620000,202546200001000030,수성호좌대,바다,충청남도 태안군 남면 당암항지선,충청남도 태안군 남면 당암항지선,36.62135688,126.354174,,299.62,우럭,49,부유형,100000,,구명부환+소화기,화장실,,041-670-2975,충청남도 태안군,2025-11-14,I,2026-05-15 18:45:51,2025-11-14 17:27:33
4620000,202546200001000014,오형제,바다,충청남도 태안군 고남면 장곰항지선,충청남도 태안군 고남면 장곰항지선,36.43592403,126.430585,,328.56,우럭,50,부유형,100000,,구명부환+소화기,화장실,,041-670-2975,충청남도 태안군,2025-11-14,I,2026-05-15 18:45:51,2025-11-14 17:27:33
4620000,202546200001000012,쉼터좌대,바다,충청남도 태안군 고남면 구매항지선,충청남도 태안군 고남면 구매항지선,36.42351821,126.409325,,156.72,우럭,32,부유형,100001,,구명부환+소화기,화장실,,041-670-2976,충청남도 태안군,2025-11-14,I,2026-05-15 18:45:51,2025-11-14 17:27:33
4620000,202546200001000041,미포좌대,바다,충청남도 태안군 안면읍 중장리지선,충청남도 태안군 안면읍 중장리지선,36.558884,126.375261,,122.5,우럭,22,부유형,100008,,구명부환+소화기,화장실,,041-670-2983,충청남도 태안군,2025-11-14,I,2026-05-15 18:45:51,2025-11-14 17:27:33
4620000,202546200001000042,안면도스타좌대,바다,충청남도 태안군 안면읍 중장리지선,충청남도 태안군 안면읍 중장리지선,36.558884,126.375261,,122.5,우럭,20,부유형,100009,,구명부환+소화기,화장실,,041-670-2984,충청남도 태안군,2025-11-14,I,2026-05-15 18:45:51,2025-11-14 17:27:33
4620000,202546200001000026,남용호좌대,바다,충청남도 태안군 남면 당암항지선,충청남도 태안군 남면 당암항지선,36.619672,126.354366,,369.8,우럭,67,부유형,100000,,구명부환+소화기,화장실,,041-670-2975,충청남도 태안군,2025-11-14,I,2026-05-15 18:45:51,2025-11-14 17:27:33
4620000,202546200001000029,성호1좌대,바다,충청남도 태안군 남면 당암항지선,충청남도 태안군 남면 당암항지선,36.655894,126.302754,,149.6,우럭,34,부유형,100000,,구명부환+소화기,화장실,,041-670-2975,충청남도 태안군,2025-11-14,I,2026-05-15 18:45:51,2025-11-14 17:27:33
4620000,202546200001000036,나암도 해상공원 낚시터,바다,충청남도 태안군 안면읍 대야도지선,충청남도 태안군 안면읍 대야도지선,36.51758799,126.345242,,722.2,우럭,42,부유형,100010,,구명부환+소화기,화장실,,041-670-2985,충청남도 태안군,2025-11-14,I,2026-05-15 18:45:51,2025-11-14 17:27:33
4620000,202546200001000039,토도수산,바다,충청남도 태안군 안면읍 대야도지선,충청남도 태안군 안면읍 대야도지선,36.46592426,126.4154688,,173.52,우럭,12,부유형,100000,,구명부환+소화기,화장실,,041-670-2975,충청남도 태안군,2025-11-14,I,2026-05-15 18:45:51,2025-11-14 17:27:33
4620000,202546200001000023,영목수산좌대,바다,충청남도 태안군 고남면 탄개항지선,충청남도 태안군 고남면 탄개항지선,36.399587,126.4265487,,417.68,우럭,85,부유형,100000,,구명부환+소화기,화장실,,041-670-2975,충청남도 태안군,2025-11-14,I,2026-05-15 18:45:51,2025-11-14 17:27:33
4620000,202546200001000009,인어좌대,바다,충청남도 태안군 고남면 구매항지선,충청남도 태안군 고남면 구매항지선,36.42553196,126.426836,,467.24,우럭,75,부유형,100000,,구명부환+소화기,화장실,,041-670-2975,충청남도 태안군,2025-11-14,I,2026-05-15 18:45:51,2025-11-14 17:27:33
4620000,202546200001000005,수진좌대,바다,충청남도 태안군 고남면 구매항지선,충청남도 태안군 고남면 구매항지선,36.43325976,126.4046197,,496.95,우럭,87,부유형,100000,,구명부환+소화기,화장실,,041-670-2975,충청남도 태안군,2025-11-14,I,2026-05-15 18:45:51,2025-11-14 17:27:33
4620000,202546200001000024,해마루,바다,충청남도 태안군 고남면 탄개항지선,충청남도 태안군 고남면 탄개항지선,36.399587,126.4265487,,77.17,우럭,13,부유형,100006,,구명부환+소화기,화장실,,041-670-2981,충청남도 태안군,2025-11-14,I,2026-05-15 18:45:51,2025-11-14 17:27:33
4620000,202546200001000021,대일,바다,충청남도 태안군 고남면 탄개항지선,충청남도 태안군 고남면 탄개항지선,36.407639,126.42209,,472.08,우럭,100,부유형,100000,,구명부환+소화기,화장실,,041-670-2975,충청남도 태안군,2025-11-14,I,2026-05-15 18:45:51,2025-11-14 17:27:33
4620000,202546200001000001,달빛좌대,바다,충청남도 태안군 고남면 구매항지선,충청남도 태안군 고남면 구매항지선,36.51129018,126.347753,,172.98,우럭,32,부유형,100000,,구명부환+소화기,화장실,,041-670-2975,충청남도 태안군,2025-11-14,I,2026-05-15 18:45:51,2025-11-14 17:27:33
4620000,202546200001000018,강남호,바다,충청남도 태안군 고남면 탄개항지선,충청남도 태안군 고남면 탄개항지선,36.408243,126.419369,,181.46,우럭,35,부유형,100000,,구명부환+소화기,화장실,,041-670-2975,충청남도 태안군,2025-11-14,I,2026-05-15 18:45:51,2025-11-14 17:27:33
4620000,202546200001000013,삼형제,바다,충청남도 태안군 고남면 장곰항지선,충청남도 태안군 고남면 장곰항지선,36.42351821,126.409325,,324.92,우럭,66,부유형,100005,,구명부환+소화기,화장실,,041-670-2980,충청남도 태안군,2025-11-14,I,2026-05-15 18:45:51,2025-11-14 17:27:33
4620000,202546200001000033,황금좌대,바다,충청남도 태안군 남면 당암항지선,충청남도 태안군 남면 당암항지선,36.621423,126.3467617,,142.16,우럭,26,부유형,100000,,구명부환+소화기,화장실,,041-670-2975,충청남도 태안군,2025-11-14,I,2026-05-15 18:45:51,2025-11-14 17:27:33
4620000,202546200001000006,수진좌대2,바다,충청남도 태안군 고남면 구매항지선,충청남도 태안군 고남면 구매항지선,36.43325976,126.4046197,,1128.33,우럭,140,부유형,100000,,구명부환+소화기,화장실,,041-670-2975,충청남도 태안군,2025-11-14,I,2026-05-15 18:45:51,2025-11-14 17:27:33
4620000,202546200001000028,백호좌대,바다,충청남도 태안군 남면 당암항지선,충청남도 태안군 남면 당암항지선,36.619584,126.3479666,,372.79,우럭,51,부유형,100000,,구명부환+소화기,화장실,,041-670-2975,충청남도 태안군,2025-11-14,I,2026-05-15 18:45:51,2025-11-14 17:27:33
4620000,202546200001000040,호포유어,바다,충청남도 태안군 안면읍 정당리 해상,충청남도 태안군 안면읍 정당리 해상,36.55435297,126.3724757,,537,우럭,47,부유형,100000,,구명부환+소화기,화장실,,041-670-2975,충청남도 태안군,2025-11-14,I,2026-05-15 18:45:51,2025-11-14 17:27:33
4620000,202546200001000020,그랜드,바다,충청남도 태안군 고남면 탄개항지선,충청남도 태안군 고남면 탄개항지선,36.407639,126.42209,,163.02,우럭,26,부유형,100007,,구명부환+소화기,화장실,,041-670-2982,충청남도 태안군,2025-11-14,I,2026-05-15 18:45:51,2025-11-14 17:27:33
4620000,202546200001000031,신진좌대,바다,충청남도 태안군 남면 당암항지선,충청남도 태안군 남면 당암항지선,36.62086745,126.353658,,192.04,우럭,31,부유형,100000,,구명부환+소화기,화장실,,041-670-2975,충청남도 태안군,2025-11-14,I,2026-05-15 18:45:51,2025-11-14 17:27:33
4620000,202546200001000027,대원호좌대,바다,충청남도 태안군 남면 당암항지선,충청남도 태안군 남면 당암항지선,36.621556,126.3543847,,360.36,우럭,75,부유형,100000,,구명부환+소화기,화장실,,041-670-2975,충청남도 태안군,2025-11-14,I,2026-05-15 18:45:51,2025-11-14 17:27:33
4620000,202546200001000025,갈음이 해상낚시공원,바다,충청남도 태안군 근흥면 갈음이지선,충청남도 태안군 근흥면 갈음이지선,36.69441068,126.159344,,724.38,우럭,48,부유형,100000,,구명부환+소화기,화장실,,041-670-2975,충청남도 태안군,2025-11-14,I,2026-05-15 18:45:51,2025-11-14 17:27:33
4620000,202546200001000034,의항리해상공원,바다,충청남도 태안군 소원면 의항리지선,충청남도 태안군 소원면 의항리지선,36.82964098,126.1616348,,314.9,우럭,24,부유형,100000,,구명부환+소화기,화장실,,041-670-2975,충청남도 태안군,2025-11-14,I,2026-05-15 18:45:51,2025-11-14 17:27:33
4620000,202546200001000008,오뚜기,바다,충청남도 태안군 고남면 구매항지선,충청남도 태안군 고남면 구매항지선,36.43592403,126.430585,,259.06,우럭,50,부유형,100000,,구명부환+소화기,화장실,,041-670-2975,충청남도 태안군,2025-11-14,I,2026-05-15 18:45:51,2025-11-14 17:27:33
4620000,202546200001000011,타요좌대,바다,충청남도 태안군 고남면 구매항지선,충청남도 태안군 고남면 구매항지선,36.42351821,126.409325,,160.82,우럭,32,부유형,100001,,구명부환+소화기,화장실,,041-670-2976,충청남도 태안군,2025-11-14,I,2026-05-15 18:45:51,2025-11-14 17:27:33
4620000,202546200001000019,경남수산,바다,충청남도 태안군 고남면 탄개항지선,충청남도 태안군 고남면 탄개항지선,36.40810295,126.422973,,187.08,우럭,43,부유형,100000,,구명부환+소화기,화장실,,041-670-2975,충청남도 태안군,2025-11-14,I,2026-05-15 18:45:51,2025-11-14 17:27:33
4620000,202546200001000002,땡큐좌대,바다,충청남도 태안군 고남면 구매항지선,충청남도 태안군 고남면 구매항지선,36.423297,126.409575,,74.17,우럭,14,부유형,100003,,구명부환+소화기,화장실,,041-670-2978,충청남도 태안군,2025-11-14,I,2026-05-15 18:45:51,2025-11-14 17:27:33
4620000,202546200001000017,형제,바다,충청남도 태안군 고남면 장곰항지선,충청남도 태안군 고남면 장곰항지선,36.43592403,126.430585,,283.9,우럭,50,부유형,100000,,구명부환+소화기,화장실,,041-670-2975,충청남도 태안군,2025-11-14,I,2026-05-15 18:45:51,2025-11-14 17:27:33
4620000,202546200001000037,어성,바다,충청남도 태안군 안면읍 대야도지선,충청남도 태안군 안면읍 대야도지선,36.4654124,126.414806,,142.8,우럭,22,부유형,100000,,구명부환+소화기,화장실,,041-670-2975,충청남도 태안군,2025-11-14,I,2026-05-15 18:45:51,2025-11-14 17:27:33
4620000,202546200001000022,미조리,바다,충청남도 태안군 고남면 탄개항지선,충청남도 태안군 고남면 탄개항지선,36.39971346,126.4263766,,722.3,우럭,172,부유형,100000,,구명부환+소화기,화장실,,041-670-2975,충청남도 태안군,2025-11-14,I,2026-05-15 18:45:51,2025-11-14 17:27:33
4620000,202546200001000035,대양수산,바다,충청남도 태안군 안면읍 대야도 지선,충청남도 태안군 안면읍 대야도 지선,36.51758799,126.345242,,92.52,우럭,12,부유형,100011,,구명부환+소화기,화장실,,041-670-2986,충청남도 태안군,2025-11-14,I,2026-05-15 18:45:51,2025-11-14 17:27:33
4620000,202546200001000032,해인호좌대,바다,충청남도 태안군 남면 당암항지선,충청남도 태안군 남면 당암항지선,36.62031491,126.354128,,203.81,우럭,34,부유형,100000,,구명부환+소화기,화장실,,041-670-2975,충청남도 태안군,2025-11-14,I,2026-05-15 18:45:51,2025-11-14 17:27:33
4620000,202546200001000003,매일좌대,바다,충청남도 태안군 고남면 구매항지선,충청남도 태안군 고남면 구매항지선,36.423297,126.409575,,106,우럭,19,부유형,100000,,구명부환+소화기,화장실,,041-670-2975,충청남도 태안군,2025-11-14,I,2026-05-15 18:45:51,2025-11-14 17:27:33
4620000,202546200001000038,여정수산,바다,충청남도 태안군 안면읍 대야도지선,충청남도 태안군 안면읍 대야도지선,36.51758799,126.345242,,259.53,우럭,46,부유형,100000,,구명부환+소화기,화장실,,041-670-2975,충청남도 태안군,2025-11-14,I,2026-05-15 18:45:51,2025-11-14 17:27:33
4620000,202546200001000007,순정좌대,바다,충청남도 태안군 고남면 구매항지선,충청남도 태안군 고남면 구매항지선,36.42707357,126.430339,,343.7,우럭,60,부유형,100000,,구명부환+소화기,화장실,,041-670-2975,충청남도 태안군,2025-11-14,I,2026-05-15 18:45:51,2025-11-14 17:27:33
4620000,202546200001000004,무지개좌대,바다,충청남도 태안군 고남면 구매항지선,충청남도 태안군 고남면 구매항지선,36.423297,126.409575,,186.7,우럭,38,부유형,100002,,구명부환+소화기,화장실,,041-670-2977,충청남도 태안군,2025-11-14,I,2026-05-15 18:45:51,2025-11-14 17:27:33
4620000,202546200001000016,용성좌대,바다,충청남도 태안군 고남면 장곰항지선,충청남도 태안군 고남면 장곰항지선,36.44021872,126.4196768,,174.9,우럭,36,부유형,100000,,구명부환+소화기,화장실,,041-670-2975,충청남도 태안군,2025-11-14,I,2026-05-15 18:45:51,2025-11-14 17:27:33
4620000,202546200001000015,용궁낚시터,바다,충청남도 태안군 고남면 장곰항지선,충청남도 태안군 고남면 장곰항지선,36.44021872,126.4196768,,218.88,우럭,42,부유형,100004,,구명부환+소화기,화장실,,041-670-2979,충청남도 태안군,2025-11-14,I,2026-05-15 18:45:51,2025-11-14 17:27:33
4620000,202546200001000010,킹콩좌대,바다,충청남도 태안군 고남면 구매항지선,충청남도 태안군 고남면 구매항지선,36.42351821,126.409325,,164.7,우럭,32,부유형,100000,,구명부환+소화기,화장실,,041-670-2975,충청남도 태안군,2025-11-14,I,2026-05-15 18:45:51,2025-11-14 17:27:33
4671000,202546710001000002,신시도 유료낚시터,바다,전북특별자치도 군산시 옥도면 신시도길 40,전북특별자치도 군산시 옥도면 신시도리 산 54,35.81812509,126.4490189,,285,우럭+도미 등,30,고정형,"10,000원",,구명부환+구명조끼+소화기+구급약품,화장실+분리수거통,신시도,063-454-2914,전북특별자치도 군산시청,2025-10-17,I,2026-05-15 18:45:51,2025-10-23 09:03:29
4681000,202646810001000005,힐링캠프,기타,전북특별자치도 익산시 여산면 태성길 551-9,전북특별자치도 익산시 여산면 태성리 17,36.082531,127.136270,,6400,붕어,20,고정형,1일 20000-30000원,,구명부환+소화기+구급약품+전기설비,화장실+쓰레기통,,,익산시청,2026-05-20,,2026-05-22 22:58:26,2026-05-21 15:47:17
4681000,202646810001000006,광천수낚시터,기타,전북특별자치도 익산시 춘포면 온천길 9,전북특별자치도 익산시 춘포면 쌍정리 28-3,35.918991,127.027041,,1249,붕어+잉어,94,고정형,1일 20000-30000원,,구명부환+소화기+구급약품+전기설비,화장실+쓰레기통,,,익산시청,2026-05-20,,2026-05-22 22:58:26,2026-05-21 15:47:17
4681000,202646810001000003,개울낚시터,기타,전북특별자치도 익산시 왕궁면 화곡1길 27-16,전북특별자치도 익산시 왕궁면 용화리 274-1,35.976077,127.100910,,903,붕어+잉어,30,고정형,1일 20000-30000원,,구명부환+소화기+구급약품+전기설비,화장실+쓰레기통,,,익산시청,2026-05-20,,2026-05-22 22:58:26,2026-05-21 15:47:17
4681000,202646810001000004,두무낚시터,기타,전북특별자치도 익산시 망성면 화산리 381-5,전북특별자치도 익산시 망성면 화산리 381-5,36.141639,127.018903,,1930,붕어+잉어+향어,30,고정형,1일 50000원,,구명부환+소화기+구급약품+전기설비,화장실+쓰레기통,,,익산시청,2026-05-20,,2026-05-22 22:58:26,2026-05-21 15:47:17
4681000,202646810001000002,왕궁낚시터,기타,전북특별자치도 익산시 왕궁면 호반로 231-25,,36.012586,127.094592,,1000,붕어,30,고정형,1일 20000원,,구명부환+소화기+구급약품+전기설비,화장실+쓰레기통,,,익산시청,2026-05-20,,2026-05-22 22:58:26,2026-05-21 15:47:17
4681000,202646810001000001,옛골낚시터,기타,전북특별자치도 익산시 춘포면 신동리 665,전북특별자치도 익산시 춘포면 신동리 665,35.910041,127.014299,,478,붕어+잉어,10,고정형,1일 20000원,,구명부환+소화기+구급약품+전기설비,화장실+쓰레기통,,,익산시청,2026-05-20,,2026-05-22 22:58:26,2026-05-21 15:47:17
4691000,202246910001000001,산외 강현낚시터,기타,전북특별자치도 정읍시 산외면 상두1길 11-17,전북특별자치도 정읍시 산외면 화죽리 613-1,35.6315183,127.0596968,063-532-1112,5570,"붕어,잉어,기타 내수면어종",100,방갈로 48동,"08시~22시 / 25,000원08시~익일 08시 / 50,000원",,구명부환+소화기+구급약품,화장실,,063-539-6236,전북특별자치도 정읍시청,2022-05-19,I,2026-05-15 18:45:51,2022-05-19 15:01:22
4691000,202246910001000002,우정낚시터,기타,전북특별자치도 정읍시 소성면 소성상평로 238,전북특별자치도 정읍시 소성면 주천리 636-5,35.5603433,126.8053888,063-533-1322,764,붕어+잉어,100,없음,1일 15000원,,구명부환+소화기+구급약품,화장실,,063-539-6236,전북특별자치도 정읍시청,2022-05-19,I,2026-05-15 18:45:51,2022-05-19 15:01:22
4701000,202447010001000001,송치낚시터,평지,전북특별자치도 남원시 주천면 웅치길 20,전북특별자치도 남원시 주천면 송치리 229,35.377,127.432,,1426,"붕어, 잉어, 향어",20,지상좌대형,"20,000",,"구명줄, 소화기, 구급약품","간이화장실 설치, 폐기물 분리수거처리 또는 보관할 수 있는 시설설치",,,남원시 농업기술센터,2024-07-16,I,2026-05-15 18:45:51,2024-07-16 16:20:42
4711000,202547110001000003,신성낚시터,기타,전북특별자치도 김제시 모리생길 58-197 (상동동),전북특별자치도 김제시 상동동 87-3,,,,0,붕어,0000,0000,,,0000,화장실,,,김제시청,2025-10-28,I,2026-05-15 18:45:51,2025-10-28 17:23:00
4711000,202547110001000001,전주실내바다낚시터,기타,전북특별자치도 김제시 금구면 선비로 635,전북특별자치도 김제시 금구면 용복리 262-3,,,,0,"참돔, 감섬돔 등",0000,0000,,,0000,화장실,,,김제시청,2025-10-28,I,2026-05-15 18:45:51,2025-10-28 17:19:51
4711000,202547110001000002,백구낚시터,기타,전북특별자치도 김제시 용지면 봉의로 131-65,전북특별자치도 김제시 용지면 봉의리 3,,,,0,붕어 등,0000,0000,,,0000,화장실,,,김제시청,2025-10-28,I,2026-05-15 18:45:51,2025-10-28 17:21:03
4721000,202647210001000001,송현낚시터,평지,"전북특별자치도 완주군 고산면 남봉로 5-98, 송현낚시터",전북특별자치도 완주군 고산면 남봉리 470-12 송현낚시터,35.9679,127.1867,063-262-3690,12551,"붕어, 송어",100,고정형,"25,000원",,구명부환+구명조끼+소화기 등,화장실+매점+분리수거통,,,완주군 농업축산과,2026-05-07,I,2026-05-15 18:45:51,2026-05-07 13:42:20
4731000,202347310001000002,백화낚시터,저수지,전북특별자치도 진안군 안천면 진무로 3206,전북특별자치도 진안군 안천면 백화리 342-8,35.90144004,127.574178,063-432-5449,10134,붕어 + 잉어,50,고정형,"1일 20,000원",,구명부환+구명줄+구명조끼+소화기+구급약품,화장실+세면소+쓰레기통,,,전북특별자치도 진안군청,2025-10-31,I,2026-05-15 18:45:51,2025-10-31 10:37:25
4761000,202547610001000001,호암낚시터,기타,"전북특별자치도 임실군 신평면 호암3길 1-20, 호암사계절낚시터",전북특별자치도 임실군 신평면 호암리 174-1 호암사계절낚시터,35.654754,127.24716,,768,"붕어류, 잉어류",30,잔교형좌대,20000원,,"소화기, 구명줄, 구명부환, 통신장비 등","화장실, 간식판매 등",,063-640-2684,임실군청,2025-06-26,I,2026-05-15 18:45:51,2025-06-26 10:02:35
4761000,202547610001000002,자연을닮은사람들,저수지,,전북특별자치도 임실군 관촌면 용산리 176-6 자연을닮은사람들,35.645866,127.286135,,1692,"향어류, 잉어류, 붕어류",20,잔교형좌대,35000원,,"소화기, 구명줄, 구명부환 등",화장실,,063-640-2684,임실군청,2025-06-26,I,2026-05-15 18:45:51,2025-06-26 10:02:35
5020000,202450200001000001,대물낚시터,기타,경상북도 포항시 북구 기계면 봉좌로383번길 32-2,경상북도 포항시 북구 기계면 봉계리 517-1,36.08236536,129.1615819,,4625,"붕어,메기",50,수상좌대,"30,000원",,"구명조끼, 구명부환, 소화기",취사시설,봉좌마을,054-270-2754,경상북도 포항시 수산진흥과,2024-01-30,I,2026-05-15 18:45:51,2024-01-30 09:35:14
5050000,202050500001000003,동산낚시터,저수지,경상북도 경주시 천북면 천강로 123-5,경상북도 경주시 천북면 동산리 206,35.90181187,129.275109,,9235,붕어+잉어,49,고정형,"30,000원/일",,구명부환7+소화기3+구명조끼4개+구급약품1,화장실1+세면소1,,054-760-2972,경상북도 경주시청,2026-05-08,I,2026-05-15 18:45:51,2026-05-08 16:05:44
5050000,202050500001000004,덕방낚시터,저수지,경상북도 경주시 외동읍 덕방지길 19-38,경상북도 경주시 외동읍 냉천리 342번지 13호,35.70590206,129.297816,,3700,붕어+잉어,49,고정형,"20,000원/일",,구명부환14+소화기5+구명조끼8+구급약품1,화장실1+세면소1,,054-760-2972,경상북도 경주시청,2026-05-08,I,2026-05-15 18:45:51,2026-05-08 16:05:22
5050000,202050500001000002,삼괴정낚시터,저수지,경상북도 경주시 강동면 다산길 117,경상북도 경주시 강동면 다산리 250,36.04980649,129.2594352,,15244,붕어+잉어,50,고정형,"30,000원/일",,구명부환1+소화기1+구급약품1,화장실1+세면소1,,054-760-2972,경상북도 경주시청,2026-05-08,I,2026-05-15 18:45:51,2026-05-08 16:07:32
5050000,202050500001000001,새마을낚시터,저수지,경상북도 경주시 내남면 내남로 393-20,경상북도 경주시 내남면 망성리 443번지,35.78205433,129.1865307,,8443,붕어+잉어,49,고정형,"15,000원/일",,구명부환13+소화기5+구명조끼8+구급약품1,화장실1+세면소1,,054-760-2972,경상북도 경주시청,2026-05-08,I,2026-05-15 18:45:51,2026-05-08 16:06:14
5050000,202050500001000006,광지낚시터(현재 휴업 중),저수지,경상북도 경주시 건천읍 천포방내길 98-9,경상북도 경주시 건천읍 조전리 546-4,35.83813866,129.0986789,,10810,붕어+잉어,20,고정형,"25,000원/일",,구명부환1+소화기1+구급약품1,화장실1+세면소1,,054-760-2972,경상북도 경주시청,2026-05-08,I,2026-05-15 18:45:51,2026-05-08 16:04:34
5050000,202050500001000005,인동낚시터,저수지,경상북도 경주시 강동면 인좌안길 6-1,경상북도 경주시 강동면 인동리 507번지,35.98661005,129.2624603,,19574,붕어+잉어,30,고정형,"10,000원/일",,구명부환2+소화기1+구급약품1,화장실1+세면소1,,054-760-2972,경상북도 경주시청,2026-05-08,I,2026-05-15 18:45:51,2026-05-08 16:05:00
5050000,202350500001000001,OK낚시터,저수지,경상북도 경주시 대추밭안길 18-7(조양동),경상북도 경주시 조양동 255-1,35.7788,129.2764,,3637,붕어+잉어,49,고정형,"10,000원/일",,구명부환8+소화기4+구명조끼4+구급약품1세트,화장실1+세면소1,,054-760-2972,경주시 해양수산과,2026-05-08,I,2026-05-15 18:45:51,2026-05-08 16:04:15
5060000,202150600001000004,복강유료낚시터,저수지,경상북도 김천시 대항면 복전리 188-2,,36.131298,128.0231607,,0.15,잉어,50,고정형,10000,,구명환,없음,,,김천시 축산과,2026-05-15,I,2026-05-15 18:45:51,2026-05-07 16:54:28
5060000,202150600001000001,아포사계절낚시터,저수지,경상북도 김천시 아포읍 제석리 1431-7,,36.1464838,128.2202,,0.31,잉어,80,고정형,10000,,구명보트,식당,,,김천시 축산과,2026-05-15,I,2026-05-15 18:45:51,2026-05-07 16:54:58
5060000,202150600001000003,배시네낚시터,평지,경상북도 김천시 아포읍 의리 121-1,,36.1888737,128.2321408,,0.13,잉어,50,고정형,10000,,구명환,식당,,,김천시 축산과,2026-05-15,I,2026-05-15 18:45:51,2026-05-07 16:54:40
5060000,202150600001000002,아포과수원낚시터,평지,경상북도 김천시 아포읍 국사리 155-1,,36.1582056,128.2494965,,0.13,잉어,50,고정형,10000,,구명환,식당,,,김천시 축산과,2026-05-15,I,2026-05-15 18:45:51,2026-05-07 16:54:50
5070000,202450700001000003,선어대낚시터,기타,경상북도 안동시 남선면 기느리길 252,경상북도 안동시 남선면 신석리 975,36.54445316,128.773899,,448,"붕어, 잉어, 메기",30,고정형,"1일 10,000원",,구명부환+소화기+구급약품+전기설비,화장실+쓰레기통,,054-840-6272,경상북도 안동시,2025-10-17,I,2026-05-15 18:45:51,2025-10-17 14:04:54
5070000,202450700001000002,장기낚시터,기타,경상북도 안동시 북후면 북평로 697-16,경상북도 안동시 북후면 장기리 624-1,36.66993336,128.7024188,054-859-5229,2119,"붕어, 잉어, 메기",30,고정형,"1일 20,000원",,구명부환+소화기+구급약품+전기설비,화장실+쓰레기통,도산서원+하회마을+안동댐+임하댐,054-840-6272,경상북도 안동시,2025-10-17,I,2026-05-15 18:45:51,2025-10-17 14:04:47
5070000,202450700001000004,지동낚시터,기타,경상북도 안동시 임동면 고천지촌로 1061,경상북도 안동시 임동면 지리 383-21,36.50687533,128.9941229,,64000,"쏘가리, 붕어, 잉어, 메기",50,고정형,휴업,,구명부환+소화기+구급약품+전기설비,화장실+쓰레기통,도산서원+하회마을+안동댐+임하댐,054-840-6272,경상북도 안동시,2025-10-17,I,2026-05-15 18:45:51,2025-10-17 14:04:18
5080000,202650800001000001,관광농원낚시터,저수지,,경상북도 구미시 해평면 송곡리 374 외1,,,,1847,붕어+잉어+장어,40,부유형,"20,000원/4시간",,소화기+구급약품,화장실+스레기통,,,경상북도 구미시청,2026-05-20,,2026-05-21 21:58:25,2026-05-20 16:49:29
5080000,202250800001000001,신동지낚시터,저수지,경상북도 구미시 인동가산로 590,경상북도 구미시 신동 57,36.09708,128.4749,054-472-4071,20000,붕어+잉어,100,부유형,(일반) 13000원 + (고등학생이하 및 여성) 10000원,,소화기+구면환+구급약품,화장실+쓰레기통,,,경상북도 구미시청,2022-11-28,I,2026-05-15 18:45:51,2022-12-21 11:12:48
5090000,202450900001000002,파지낚시터,저수지,"경상북도 영주시 장수면 장수로 827, 파지리낚시터",경상북도 영주시 장수면 파지리 218-1 파지리낚시터,36.8021328,128.5475622,,1149,"붕어, 잉어",30,고정형,"15,000원",,"구명환, 구명조끼","화장실, 분리수거통",정도전생가,054-639-7592,경상북도 영주시청,2023-01-31,I,2026-05-15 18:45:51,2024-01-31 13:29:37
5090000,202450900001000001,귀내낚시터,저수지,,경상북도 영주시 고현동 412-50,36.837674,128.6173471,,8804,"붕어, 잉어",60,고정형,"20,000원30,000원(장비 대여시)",,"구명환, 구명조끼","화장실, 분리수거통",소수서원,054-639-7592,경상북도 영주시청,2023-01-31,I,2026-05-15 18:45:51,2024-01-31 13:29:37
5090000,202450900001000003,평은낚시터,저수지,경상북도 영주시 평은면 강동로410번길 24,경상북도 영주시 평은면 강동리 970,36.71467002,128.6879693,,1666,"붕어, 잉어",40,고정형,"30,000원",,"구명환, 구명조끼","화장실, 분리수거통",영주댐,054-639-7592,경상북도 영주시청,2023-01-31,I,2026-05-15 18:45:51,2024-01-31 13:29:37
5100000,202651000001000001,삼사낚시터,평지,경상북도 영천시 고경면 추곡길 215-12,경상북도 영천시 고경면 용전리 891,35.98685782,129.0239398,054-337-0734,800,붕어+잉어,72,해당없음,"10,000원",,구명조끼+소화기+구급약품,화장실+분리수거통,없음,054-339-7175,경상북도 영천시청,2026-05-22,,2026-05-23 21:58:25,2026-05-22 11:00:24
5110000,202051100001000004,이천낚시터,평지,경상북도 상주시 외서면 이천2길83,경상북도 상주시 외서면 이천리 215-4,36.47767421,128.1395139,054-531-0313,6360,잉어,90,없음,"10,000원",,"소화기, 구명조끼,튜브등",화장실,이안천,054-537-7464,상주시청,2026-05-19,U,2026-05-20 03:03:03,2026-05-19 14:31:59
5120000,202551200001000001,우지낚시터,평지,경상북도 문경시 갈밭길 7-13,경상북도 문경시 우지동 409,36.6089704568,128.2101116501,,3960,메기,50,고정형,20000,,구명부환+소화기,화장실+쓰레기통,,054-550-6283,문경시 유통축산과,2025-12-30,I,2026-05-15 18:45:51,2025-12-30 09:33:47
5120000,202551200001000002,돌다리낚시터,평지,경상북도 문경시 마성면 은성길 173,경상북도 문경시 마성면 하내리 173,36.6672873589,128.0997599258,,1500,잉어 외,70,고정형,25000,,구명부환+소화기,화장실+쓰레기통,,054-550-6283,문경시 유통축산과,2025-12-30,I,2026-05-15 18:45:51,2025-12-30 09:33:48
5120000,202551200001000003,역돔낚시터,평지,경상북도 문경시 문경읍 새재로 623,경상북도 문경시 문경읍 진안리 94-3,36.7371646083,128.0898804623,,1040,틸리피아,20,고정행,30000,,구명부환+소화기,화장실+쓰레기통,,054-550-6283,문경시 유통축산과,2025-12-30,I,2026-05-15 18:45:51,2025-12-30 09:33:48
5130000,202351300001000003,두메낚시터,계곡,경상북도 경산시 남천면 신방길 39,,35.760534,128.777194,053-813-7980,2244,메기+붕어+잉어,30,고정형,"15,000원",,구명줄+구명부환+소화기+구급약품,낚시용품 사무실+화장실,,053-810-6780,경상북도 경산시청,2025-07-01,I,2026-05-15 18:45:51,2025-07-01 15:41:57
5130000,202351300001000004,평사낚시터,저수지,경상북도 경산시 진량읍 평사리 42-2,,35.885503,128.871725,,2263,잉어+향어,100,고정형,"20,000원",,구명줄+구명부환+소화기+구급약품,낚시용품 사무실+화장실,,053-810-6780,경상북도 경산시청,2025-07-01,I,2026-05-15 18:45:51,2025-07-01 15:35:14
5141000,202351410001000001,비들지낚시터,저수지,대구광역시 군위군 군위읍 구지길 95,대구광역시 군위군 군위읍 금구리 267,36.2031,128.5722,054-383-1441,19000,"붕어, 잉어",50,없음,"25,000원",,"밭줄, 안전튜브, 구명조끼","휴게소, 화장실",,054-380-6278,군위군청,2026-05-14,U,2026-05-15 03:03:03,2026-05-14 11:14:06
5150000,202451500001000001,암반수낚시터,기타,경상북도 의성군 다인면 서부로 3018,경상북도 의성군 다인면 덕지리 125-1,36.46624748,128.3384845,,500,붕어 등,28,해당사항없음,"12시간당 30,000원",,안전구난장비,"간이화장실, 낚시의자 28개",대곡사,054-830-6572,경상북도 의성군청,2026-05-08,I,2026-05-15 18:45:51,2026-05-08 15:52:20
5190000,202551900001000001,매전낚시터,평지,경상북도 청도군 매전면 온장길 142,경상북도 청도군 매전면 호화리 752-71,35.637022,128.852004,,3600,"붕어류, 잉어류 등",160,없음,"15,000원",,"구명부환, 구명줄, 소화기, 구급약품 등","화장실, 세면소, 쓰레기통 등",,,경상북도 청도군,2026-05-21,U,2026-05-22 03:03:03,2026-05-21 10:02:20
5190000,202551900001000002,각북대천낚시터,평지,경상북도 청도군 각북면 삼평1길 90-12,경상북도 청도군 각북면 삼평리 1141-3,35.668375,128.593930,,3600,"붕어류, 잉어류",140,없음,"15,000원",,"구명부환, 구명줄, 소화기, 구급약품","화장실, 세면소, 쓰레기통 등",,,경상북도 청도군,2026-05-21,U,2026-05-22 03:03:03,2026-05-21 10:01:52
5200000,202452000001000002,다산나정,기타,경상북도 고령군 다산면 나선로 312-27,경상북도 고령군 다산면 나정리 94,35.83044575,128.3995484,,700,"붕어류,잉어류",40,좌대,"10,000원",,구명부환+소화기,"관리사,화장실","노강서원, 성풍세효자비",054-950-7472,고령군,2024-07-16,I,2026-05-15 18:45:51,2024-07-16 11:32:09
5200000,202452000001000001,개나리,기타,경상북도 고령군 대가야읍 정정골길 67-39,경상북도 고령군 대가야읍 쾌빈리 556-13,35.741599,128.257505,054-956-4804,1450,"붕어류,잉어류",30,좌대,"20,000원",,구명부환+소화기+구명조끼,"화장실,창고",대가야역사테마관광지,054-950-7472,고령군,2024-07-16,I,2026-05-15 18:45:51,2024-07-16 11:32:09
5210000,202652100001000001,명포낚시터,평지,경상북도 성주군 선남면 명포리 15,경상북도 성주군 선남면 명포리 15,35.882386,128.331951,054-931-0085,938,붕어,50,고정형,"평일 15,000원 주말 15,000원",,구명조끼+밧줄,휴게실+화장실,박구효자정려비,054-930-6673,경상북도 성주군청,2026-05-12,,2026-05-21 21:58:25,2026-05-20 13:13:03
5220000,202052200001000007,봇또랑낚시터,기타,"경상북도 칠곡군 북삼읍 율리 549-5,551-2,551-3,553-5,549-5","경상북도 칠곡군 북삼읍 율리 549-5,551-2,551-3,553-5,549-5",36.054527,128.340378,,343,잉어+붕어+송어,100,고정형,"10,000원",,구명부환+구명조끼+소화기+구급약품,화장실,,,경상북도 칠곡군청,2020-06-24,I,2026-05-15 18:45:51,2022-12-02 16:16:13
5220000,202052200001000006,천평지낚시터,저수지,경상북도 칠곡군 가산면 금화리 36외 25필지,경상북도 칠곡군 가산면 금화리 36외 25필지,36.076021,128.549696,,32190,잉어+붕어,40,고정형,"25,000원",,구명부환+구명조끼+소화기+구급약품,화장실+주차장,,,경상북도 칠곡군청,2020-06-24,I,2026-05-15 18:45:51,2022-12-02 16:16:35
5220000,202052200001000001,구봉낚시터,저수지,경상북도 칠곡군 지천면 낙산로5길 144-55,경상북도 칠곡군 지천면 낙산리 655-4,35.942340,128.511751,,6000,잉어+붕어,85,고정형,"30,000원",,구명부환+구명조끼+소화기+구급약품,화장실+분리수거통,,,경상북도 칠곡군청,2020-06-24,I,2026-05-15 18:45:51,2020-06-25 09:42:51
5220000,202052200001000005,도속지낚시터,저수지,경상북도 칠곡군 북삼읍 오평리 1381,경상북도 칠곡군 북삼읍 오평리 1381,36.055072,128.368072,,16561,잉어+붕어,80,고정형,"10,000원",,구명부환+구명조끼+소화기+구급약품,휴게실+급수시설+화장실,,,경상북도 칠곡군청,2020-06-24,I,2026-05-15 18:45:51,2020-06-25 09:42:51
5220000,202252200001000001,강태공낚시터,기타,경상북도 칠곡군 왜관읍 애국동산로 150,경상북도 칠곡군 왜관읍 석전리 455-6,36.004523,128.411958,,492,"붕어,잉어",70,고정형,,,"구명부환 및 구명줄, 소화기, 구급약품","화장실,세면실,쓰레기보관시설",,,경상북도 칠곡군청,2021-10-27,I,2026-05-15 18:45:51,2022-12-02 18:08:49
5220000,202052200001000004,호암지낚시터,저수지,경상북도 칠곡군 약목면 남계리 1046,경상북도 칠곡군 약목면 남계리 1046,36.024887,128.355128,,28000,잉어+붕어,80,고정형,"10,000원",,구명부환+구명조끼+소화기+구급약품,화장실+휴게실+오물처리장,,,경상북도 칠곡군청,2020-06-24,I,2026-05-15 18:45:51,2022-12-02 16:16:52
5330000,202553300001000013,용머리낚시터,바다,경상남도 통영시 욕지면 연화리 산 13,경상남도 통영시 욕지면 연화리 산 13,34.65714676,128.3469023,,0.5,해수어류,15,수상방갈로 1,1일 20000원,,구명부환+구명조끼+소화기,휴게실+화장실+쉼터,,055-650-0813,통영시 해양산업과,2025-06-23,I,2026-05-15 18:45:51,2025-06-24 07:31:48
5330000,202553300001000001,노대조은낚시터,바다,경상남도 통영시 욕지면 노대리 산15-24,경상남도 통영시 욕지면 노대리 산15-24,34.669446,128.251937,,0.04,해수어류,23,수상방갈로,1일 20000원,,구명부환+구명조끼+소화기,화장실+휴지통+안전쉼터,,055-650-0813,통영시 해양산업과,2025-06-23,I,2026-05-15 18:45:51,2025-06-24 07:31:48
5330000,202553300001000008,제2유동낚시터,바다,경상남도 통영시 욕지면 서산리 산33,경상남도 통영시 욕지면 서산리 산33,34.61695055,128.2325726,,0.09,해수어류,40,수상방갈로,1일 20000원,,구명부환+구명조끼+소화기,화장실+휴지통,,055-650-0813,통영시 해양산업과,2025-06-23,I,2026-05-15 18:45:51,2025-06-24 07:31:48
5330000,202553300001000012,동영낚시터,바다,경상남도 통영시 욕지면 연화리 산 145-1,경상남도 통영시 욕지면 연화리 산 145-1,34.64936942,128.3490952,,0.5,해수어류,25,수상방갈로 2,1일 20000원,,구명부환+구명조끼+소화기,휴게실+화장실+쉼터,,055-650-0813,통영시 해양산업과,2025-06-23,I,2026-05-15 18:45:51,2025-06-24 07:31:48
5330000,202553300001000002,동머리낚시터,바다,경상남도 통영시 욕지면 연화리 산2-46,경상남도 통영시 욕지면 연화리 산2-46,34.642236,128.370198,,0.04,해수어류,20,수상방갈로,1일 20000원,,구명부환+구명조끼+소화기,화장실+휴지통+안전쉼터,,055-650-0813,통영시 해양산업과,2025-06-23,I,2026-05-15 18:45:51,2025-06-24 07:31:48
5330000,202553300001000011,유동낚시터,바다,경상남도 통영시 욕지면 서산리 117-1 마을회관,경상남도 통영시 욕지면 서산리 117-1 마을회관,34.80872192,128.2405895,,0.5,해수어류,20,수상방갈로 1,1일 20000원,,구명부환+구명조끼+소화기,화장실+휴게실+안전 쉼터,,055-650-0813,통영시 해양산업과,2025-06-23,I,2026-05-15 18:45:51,2025-06-24 07:31:48
5330000,202553300001000014,도동 낚시터,바다,경상남도 통영시 욕지면 욕지일주로 896-104,경상남도 통영시 욕지면 서산리 606,34.679583,128.253251,,0.03,해수어류,12,수상좌대,"1일 20,000원",,구명부환+구명조끼+소화기,화장실+휴지통,,055-650-0813,통영시 해양산업과,2025-06-23,I,2026-05-15 18:45:51,2025-06-24 07:31:48
5330000,202553300001000007,중화어촌계낚시터,바다,경상남도 통영시 산양읍 연화리 산228,경상남도 통영시 산양읍 연화리 산228,34.77924079,128.3789691,,0.6,해수어류,50,수상좌대,1일 20000원,,구명부환+구명조끼+소화기,화장실+휴지통+안전쉼터,,055-650-0813,통영시 해양산업과,2025-06-23,I,2026-05-15 18:45:51,2025-06-24 07:31:48
5330000,202553300001000005,탄항좌대낚시터,바다,경상남도 통영시 욕지면 노대리 산14-6,경상남도 통영시 욕지면 노대리 산14-6,34.679583,128.253251,,0.1,해수어류,19,수상좌대,1일 20000원,,구명부환+구명조끼+소화기,화장실+휴지통+안전쉼터,,055-650-0813,통영시 해양산업과,2025-06-23,I,2026-05-15 18:45:51,2025-06-24 07:31:48
5330000,202553300001000004,동두좌대낚시터,바다,경상남도 통영시 욕지면 연화리 산2-45,경상남도 통영시 욕지면 연화리 산2-45,34.642713,128.369739,,0.06,해수어류,20,수상좌대,1일 20000원,,구명부환+구명조끼+소화기,화장실+휴지통+안전쉼터,,055-650-0813,통영시 해양산업과,2025-06-23,I,2026-05-15 18:45:51,2025-06-24 07:31:48
5330000,202553300001000010,한마음낚시터,바다,경상남도 통영시 욕지면 노대리 44-1,경상남도 통영시 욕지면 노대리 44-1,34.66611518,128.2483465,,0.09,해수어류,35,수상방갈로,1일 20000원,,구명부환+구명조끼+소화기,화장실+휴지통+안전쉼터,,055-650-0813,통영시 해양산업과,2025-06-23,I,2026-05-15 18:45:51,2025-06-24 07:31:48
5330000,202553300001000009,통영등대낚시공원,바다,경상남도 통영시 산양읍 영운리 72-12,경상남도 통영시 산양읍 영운리 72-12,34.81074538,128.441055,,5.1,해수어류,60,잔교형좌대,1일 20000원,,구명부환+구명조끼+소화기,화장실+휴지통+관리사무실,,055-650-0813,통영시 해양산업과,2025-06-23,I,2026-05-15 18:45:51,2025-06-24 07:31:48
5330000,202553300001000015,중화어촌계낚시터,바다,경상남도 통영시 산양읍 연화리 산228,경상남도 통영시 산양읍 연화리 산 228,34.780811,128.379185,,0.02,해수어류,8,수상방갈로,"1일 20,000원",,구명부환+구명조끼+소화기,휴게실+다용도실+화장실,,055-650-0813,통영시 해양산업과,2025-06-23,I,2026-05-15 18:45:51,2025-06-24 07:31:48
5330000,202553300001000003,장촌낚시터,바다,경상남도 통영시 산양읍 풍화리 343-1,경상남도 통영시 산양읍 풍화리 343-1,34.817821,128.37093,,0.18,해수어류,48,수상방갈로,1일 20000원,,구명부환+구명조끼+소화기,화장실+휴지통+안전쉼터,,055-650-0813,통영시 해양산업과,2025-06-23,I,2026-05-15 18:45:51,2025-06-24 07:31:48
5330000,202553300001000006,옥동산내어촌계 유료낚시터,바다,경상남도 통영시 욕지면 동항리 183-4,경상남도 통영시 욕지면 동항리 183-4,34.63404947,128.2808186,,0.1,해수어류,53,수상방갈로,1일 15000원,,구명부환+구명조끼+소화기,화장실+휴지통+안전쉼터,,055-650-0813,통영시 해양산업과,2025-06-23,I,2026-05-15 18:45:51,2025-06-24 07:31:48
5340000,202353400001000003,산분령 유료 낚시터,바다,경상남도 사천시 해안관광로,경상남도 사천시 실안동 산 31-2번지 지선 해역,34.95208657,128.0337571,,1514,감성동+볼락+도다리+노래미+잡어,30,고정형,"(주간) 1인 20,000원  (야간) 1인 25,000원(야간은 2인부터 가능)",,구명부환+소화기+구급약품+구명동의,화장실+쓰레기통,,055-831-3136,경상남도 사천시청(해양수산과),2026-05-14,U,2026-05-15 03:03:03,2026-05-14 09:26:08
5340000,202353400001000004,대포황토펜션 낚시터,바다,경상남도 사천시 대례길,경상남도 사천시 대포동 457번지 지선 해역,34.99028857,128.0413317,,2888,문어+볼락+잡어,48,고정형,"(비수기 평일 7평형) 180,000원 (비수기 평일 9평형) 250,000원",,구명부환+소화기+구급약품+구명동의,화장실+쓰레기통,,055-831-3136,경상남도 사천시청(해양수산과),2026-05-14,U,2026-05-15 03:03:03,2026-05-14 09:24:16
5340000,202353400001000002,황금빛노을바다 낚시터 2호,바다,경상남도 사천시 해안관광로,경상남도 사천시 실안동 1129번지 지선 해역,34.95223985,128.0336695,,96,문어+볼락+잡어,10,고정형,"(성수기 주간) 180,000원 (성수기 야간) 200,000원",,구명부환+소화기+구급약품+구명동의,화장실+쓰레기통,,055-831-3136,경상남도 사천시청(해양수산과),2026-05-14,U,2026-05-15 03:03:03,2026-05-14 09:26:01
5340000,202353400001000001,황금빛노을바다 낚시터,바다,경상남도 사천시 사천대로 35,경상남도 사천시 대방동 759번지 지선 해역,34.93373613,128.0490197,,1729,문어+볼락+잡어,40,고정형,"(성수기 주간) 180,000원 (성수기 야간) 200,000원",,구명부환+소화기+구급약품+구명동의,화장실+쓰레기통,,055-831-3136,경상남도 사천시청(해양수산과),2026-05-14,U,2026-05-15 03:03:03,2026-05-14 09:26:32
5340000,202353400001000005,저도 유료낚시터,바다,경상남도 사천시 저도길,경상남도 사천시 마도동 산15-3번지 지선 해역,34.94374921,128.0289693,,1348,문어+볼락+잡어,30,고정형,"1인 15,000원",,구명부환+소화기+구급약품+구명동의,화장실+쓰레기통,,055-831-3136,경상남도 사천시청(해양수산과),2026-05-14,U,2026-05-15 03:03:03,2026-05-14 09:25:19
5350000,202553500001000002,화현낚시터,평지,경상남도 김해시 상동면 동북로 855-47,경상남도 김해시 상동면 감노리 17번지,35.33559343,128.9393673,055-337-9161,5800,잉어+붕어,100,고정형,"잡이터 입어료 30,000원 손맛터 입어료 15,000원",,구명부환+구명줄+소화기+방송시설+구급약품,화장실,,055-350-4144,경상남도 김해시청,2026-05-20,U,2026-05-21 03:03:03,2026-05-20 16:18:43
5350000,202553500001000003,필봉정낚시터,평지,,경상남도 김해시 대동면 괴정리 311-3번지,35.26130932,128.9836764,,1320,잉어+붕어+향어,45,고정형,"30,000원",,구명부환+구명줄+소화기+방송시설+구급약품,화장실,,055-350-4144,경상남도 김해시청,2026-05-20,U,2026-05-21 03:03:03,2026-05-20 16:18:32
5350000,202553500001000001,다낚아 낚시터,기타,경상남도 김해시 함박로 119번길 17,경상남도 김해시 외동 1259-4번지 201호,35.23363583,128.8672616,055-333-9903,58.2,잉어+붕어,30,고정형,"11,000원",,구명부환+구명줄+소화기+방송시설+구급약품,화장실+휴게실,,055-350-4144,경상남도 김해시청,2026-05-20,U,2026-05-21 03:03:03,2026-05-20 16:18:52
5370000,202453700001000002,덕포어촌계낚시터,바다,,경상남도 거제시 덕포동 38-6,34.91,128.71,,1009,"참돔, 우럭, 도다리 등",24,수상 방갈로,"200,000원",,구명부환+구명조끼+소화기+구급약품,화장실+분리수거통,,055-639-4245,경상남도 거제시청,2026-05-22,U,2026-05-23 03:03:03,2026-05-22 10:29:59
5370000,202453700001000008,선창어촌계낚시터,바다,경상남도 거제시 일운면 지세포해안로 242,경상남도 거제시 일운면 지세포리 292,,,,6240,"참돔, 우럭, 도다리 등",50,잔교형 좌대,"15,000원",,구명부환+구명조끼+소화기+구급약품,휴게실 1동,,055-639-4245,경상남도 거제시청,2026-05-22,U,2026-05-23 03:03:03,2026-05-22 10:28:31
5370000,202453700001000006,청곡어촌계낚시터,바다,,경상남도 거제시 사등면 오량리 산153 지선,34.89,128.48,,762,"참돔, 우럭, 도다리 등",16,수상 방갈로,"150,000원",,구명부환+구명조끼+소화기+구급약품,화장실+분리수거통,,055-639-4245,경상남도 거제시청,2026-05-22,U,2026-05-23 03:03:03,2026-05-22 10:28:09
5370000,202453700001000003,시방어촌계낚시터,바다,,경상남도 거제시 장목면 시방리 지선,34.96,128.71,,408,"참돔, 우럭, 도다리 등",10,수상 방갈로,"200,000원",,구명부환+구명조끼+소화기+구급약품,화장실+분리수거통,,055-639-4245,경상남도 거제시청,2026-05-22,U,2026-05-23 03:03:03,2026-05-22 10:29:08
5370000,202453700001000001,유호어촌계낚시터,바다,경상남도 거제시 장목면 유호1길 73,,35.03,128.71,,1046,"참돔, 우럭, 도다리 등",28,수상 좌대,"150,000원",,구명부환+구명조끼+소화기+구급약품,관리실 1동,,055-639-4245,경상남도 거제시청,2026-05-22,U,2026-05-23 03:03:03,2026-05-22 10:30:41
5370000,202453700001000007,능포어촌게낚시터,바다,경상남도 거제시 능포로16길 55,,34.88,128.74,,6614,"참돔, 우럭, 도다리 등",60,잔교,"잔교 : 5,000원 가두리 : 20,000원 (1시간 당)",,구명부환+구명조끼+소화기+구급약품,화장실+분리수거통,,055-639-4245,경상남도 거제시청,2026-05-22,U,2026-05-23 03:03:03,2026-05-22 10:26:56
5380000,202453800001000004,원실내바다낚시터,기타,경상남도 양산시 용주로 65,경상남도 양산시 용당동 907-4,35.430959,129.178288,,118,"우럭, 돔",24,실내낚시터,"35,000원/2시간",,"소화기, 구명환, 방송시설 등",화장실,,,양산시농업기술센터,2026-05-14,U,2026-05-15 03:03:03,2026-05-14 10:35:31
5380000,202453800001000002,용연낚시터,기타,경상남도 양산시 하북면 삼리길 62-10,경상남도 양산시 하북면 용연리 613,35.444533,129.079991,055-374-9908,10652,"붕어, 잉어",85,수상좌대,"10,000원/1일",,"소화기, 구명환, 방송시설 등",화장실,,,양산시농업기술센터,2026-05-14,U,2026-05-15 03:03:03,2026-05-14 10:35:55
5380000,202453800001000001,산천낚시터,기타,경상남도 양산시 하북면 백록로 123,경상남도 양산시 하북면 백록리 272-1,35.459104,129.085365,,8294,"붕어, 잉어",96,수상좌대,"15,000원/1일",,"소화기, 구명환, 방송시설 등",화장실,,,양산시농업기술센터,2026-05-14,U,2026-05-15 03:03:03,2026-05-14 10:36:03
5380000,202453800001000003,화제낚시터,기타,경상남도 양산시 원동로 715-33,경상남도 양산시 원동면 화제리 3094-3,35.341618,128.969791,055-382-5498,3444,"붕어, 잉어",90,수상좌대,"15,000원/1일",,"소화기, 구명환, 방송시설 등",화장실,,,양산시농업기술센터,2026-05-14,U,2026-05-15 03:03:03,2026-05-14 10:35:41
5390000,202253900001000001,지정낚시터,평지,경상남도 의령군 지정면 함의로 1360-17,경상남도 의령군 지정면 봉곡리 206-2,35.37455951,128.402504,055-572-1231,2974,붕어+잉어,30,고정형,1일 30000원,,구명부환+소화기+구급약품+전기설비,화장실,이병철생가+탑바위,055-570-4190,경상남도 의령군청,2026-05-22,U,2026-05-23 03:03:03,2026-05-22 16:47:52
5410000,202054100001000001,니모실내낚시카페,기타,"경남 창녕군 창녕읍 종로15, B01호(낙원빌라)",경남 창녕군 창녕읍 교하리 46-2 낙원빌라 B01호,35.53866,128.4977488,055-533-0779,49.7,"잉어, 붕어, 향어",22,고정형,"10,000원",,구멍부환+구명조끼+소화기+구급약품,화장실+분리수거통+휴게실+흡연실,,055-530-6064,창녕군 농업정책과,2026-05-15,U,2026-05-16 03:03:03,2026-05-15 10:15:48
5410000,202054100001000002,두빛나래 피싱캠프,기타,"경남 창녕군 성산면 방리 1067-14, 1067-44","경남 창녕군 성산면 방리 1067-14, 1067-44",35.6091748,128.5156706,055-532-1234,5500,"잉어, 붕어 등",90,고정형,"25,000원",,구멍부환+구명조끼+소화기+구급약품,화장실+분리수거통+세면장,,055-530-6064,창녕군 농업정책과,2026-05-15,U,2026-05-16 03:03:03,2026-05-15 10:16:11
5420000,202054200001000001,갈천유료낚시터,저수지,경상남도 고성군 대가면 갈천로 310,경상남도 고성군 대가면 갈천리 55,,,,10615,"잉어, 향어, 붕어",30000,없음,"30,000원",,"구명부환 구명줄, 구급약품, 구명쪽기, 소화기",화장실 2개/변기2개 수세식,,055-670-2465,고성군 문화환경국 해양수산과,2024-01-01,I,2026-05-15 18:45:51,2026-05-11 10:20:05
5430000,202454300001000001,사항어촌계 낚시터,바다,경상남도 남해군 미조면 미조로 212,경상남도 남해군 미조면 미조리 168-46,34.70905674,128.0482496,055-867-6514,16500,감성돔+볼락+문어+도다리,25,부유형,"1인 25,000원",,구명부환+소화기+구명로프+구급약품,화장실+쓰레기통,,,사항어촌계,2026-05-22,U,2026-05-23 03:03:03,2026-05-22 13:17:55
5430000,202454300001000004,설리바다낚시터,바다,경상남도 남해군 미조면 미송로303번안길 8-13,경상남도 남해군 미조면 송정리 985-1,34.704381,128.027913,055-867-9001,264,참돔+볼락,18,부유형,"1인 20,000원",,구명부환+소화기+구명로프+구급약품,화장실+쓰레기통,,,설리어촌계,2026-05-22,U,2026-05-23 03:03:03,2026-05-22 13:17:27
5430000,202454300001000003,설리 낚시터,바다,경상남도 남해군 미조면 미송로303번안길 8-13,경상남도 남해군 미조면 송정리 985-1,34.706407,128.024712,055-867-9001,2392,감성돔+볼락+문어+도다리,10,부유형,"3인 120,000원",,구명부환+소화기+구명로프+구급약품,화장실+쓰레기통,,,설리어촌계,2026-05-22,U,2026-05-23 03:03:03,2026-05-22 13:17:44
5440000,202254400001000002,대도유료낚시터,기타,"경상남도 하동군 금남면 대도길 117, 대도복지회관",경상남도 하동군 금남면 대도리 143-2 대도복지회관,34.932254,127.832022,,1517.1,해면어류,55,"좌대, 방갈로","좌대 15,000원 방갈로 25,000원",,"구명부환, 구명조끼, 소화기, 구급약품 등","화장실, 쓰레기통",,,대도어촌계,2024-08-14,I,2026-05-15 18:45:51,2024-12-10 16:47:39
5440000,202254400001000003,송문유료낚시터,기타,경상남도 하동군 금남면 미법마을길 40-5,경상남도 하동군 금남면 송문리 741,34.951171,127.855957,,361.9,해면어류,40,"좌대, 방갈로","방갈로 30,000원",,"구명부환, 구명조끼, 소화기, 구급약품 등","화장실, 쓰레기통",,,송문어촌계,2024-08-14,I,2026-05-15 18:45:51,2024-12-10 16:47:57
5530000,202555300001000015,초당낚시터,저수지,경기도 화성시 봉담읍 주석로 891-21,경기도 화성시 봉담읍 상기리 607번지,37.20057681,126.911655,031-227-0387,2780,붕어+잉어,80,고정형,15000,낚시터 전체,구명부환+소화기+구급약품 등,관리소+화장실+쓰레기통,봉담호수공원,031-5189-3162,경기도 화성시청,2025-01-31,I,2026-05-15 18:45:51,2025-10-20 09:56:49
5530000,202555300001000020,동방낚시터,저수지,경기도 화성시 팔탄면 노하길116번길 198,경기도 화성시 팔탄면 노하리 596번지,37.15153123,126.8634678,031-354-9516,483714,붕어+잉어,130,고정형+부유형,15000,낚시터 전체,구명부환+소화기+구급약품 등,관리소+화장실+쓰레기통,우리꽃식물원,031-5189-3162,경기도 화성시청,2025-01-31,I,2026-05-15 18:45:51,2025-10-20 09:56:49
5530000,202555300001000031,노진낚시터,저수지,경기도 화성시 장안면 노진리 1467 외 2필지,경기도 화성시 장안면 노진리 1467 외 2필지,37.02226239,126.8152478,031-351-3412,27798,붕어+잉어,120,고정형,25000,낚시터 전체,구명부환+소화기+구급약품 등,관리소+화장실+쓰레기통,남양호(남양황라),031-5189-3162,경기도 화성시청,2025-01-31,I,2026-05-15 18:45:51,2025-10-20 09:56:49
5530000,202555300001000019,안석낚시터,저수지,경기도 화성시 남양읍 활초길 214-17,경기도 화성시 남양읍 안석리 산118-1번지,37.16005343,126.8344179,031-356-6435,62016,붕어+잉어,120,고정형+부유형,25000,낚시터 전체,구명부환+소화기+구급약품 등,관리소+화장실+쓰레기통,남양성모성지,031-5189-3162,경기도 화성시청,2025-01-31,I,2026-05-15 18:45:51,2025-10-20 09:56:49
5530000,202555300001000025,어천낚시터,저수지,경기도 화성시 매송면 어사로 47,경기도 화성시 매송면 어천리 241-1번지,37.25528976,126.9144635,031-291-3665,226281,붕어+잉어,100,고정형+부유형,25000,낚시터 전체,구명부환+소화기+구급약품 등,관리소+화장실+쓰레기통,칠보산 제3전망대,031-5189-3162,경기도 화성시청,2025-01-31,I,2026-05-15 18:45:51,2025-10-20 09:56:49
5530000,202555300001000032,웃골낚시터,저수지,경기도 화성시 봉담읍 삼봉길71번길 102,경기도 화성시 봉담읍 상리 457-10번지,37.216219,126.943722,031-227-7336,11012,붕어+잉어,77,고정형,10000,낚시터 전체,구명부환+소화기+구급약품 등,관리소+화장실+쓰레기통,봉담호수공원,031-5189-3162,경기도 화성시청,2025-01-31,I,2026-05-15 18:45:51,2025-10-20 09:56:49
5530000,202555300001000024,새봉낚시터,저수지,경기도 화성시 정남면 세자로303번길 46,경기도 화성시 정남면 보통리 33번지,37.1947972,126.9760645,031-352-3833,10179,붕어+잉어,80,고정형,30000,낚시터 전체,구명부환+소화기+구급약품 등,관리소+화장실+쓰레기통,보통리저수지,031-5189-3162,경기도 화성시청,2025-01-31,I,2026-05-15 18:45:51,2025-10-20 09:56:49
5530000,202555300001000010,청춘낚시터,바다,경기도 화성시 우정읍 국화리 산 4,경기도 화성시 우정읍 국화리 산 4,37.10525104,126.5398058,031-357-4422,239,우럭,75,부유형,70000,낚시터 전체,구명부환+소화기+구급약품 등,관리소+화장실+쓰레기통,입파도,031-5189-3162,경기도 화성시청,2025-01-31,I,2026-05-15 18:45:51,2025-10-20 09:56:49
5530000,202555300001000008,죠스실내낚시카페,기타,경기도 화성시 효행로 1051,경기도 화성시 진안동 914-1번지,37.21465039,127.0417616,031-292-3766,84,돔류,26,없음,9000,낚시터 전체,구명부환+소화기+구급약품 등,관리소+화장실+쓰레기통,다람산공원,031-5189-3162,경기도 화성시청,2025-01-31,I,2026-05-15 18:45:51,2025-10-20 09:56:49
5530000,202555300001000023,신촌낚시터,저수지,경기도 화성시 매송면 매송북길 179,경기도 화성시 매송면 송라리 284-1번지,37.28422966,126.9017887,031-295-9949,6248,붕어+잉어,80,고정형+부유형,15000,낚시터 전체,구명부환+소화기+구급약품 등,관리소+화장실+쓰레기통,칠보산 제3전망대,031-5189-3162,경기도 화성시청,2025-01-31,I,2026-05-15 18:45:51,2025-10-20 09:56:49
5530000,202555300001000026,버들낚시터,저수지,경기도 화성시 장안면 버들안길 3,경기도 화성시 장안면 석포리 478-1번지,37.12872541,126.8353876,031-358-6346,141286,붕어+잉어,80,고정형+부유형,20000,낚시터 전체,구명부환+소화기+구급약품 등,관리소+화장실+쓰레기통,남양호(남양황라),031-5189-3162,경기도 화성시청,2025-01-31,I,2026-05-15 18:45:51,2025-10-20 09:56:49
5530000,202555300001000017,당골낚시터,저수지,경기도 화성시 장안면 장안리 35 외 6필지,경기도 화성시 장안면 장안리 35 외 6필지,37.05532018,126.8664096,031-351-2881,1312,붕어+잉어,120,고정형,25000,낚시터 전체,구명부환+소화기+구급약품 등,관리소+화장실+쓰레기통,남양호(남양황라),031-5189-3162,경기도 화성시청,2025-01-31,I,2026-05-15 18:45:51,2025-10-20 09:56:49
5530000,202555300001000002,화성피어39실내바다낚시터,기타,경기도 화성시 기안동로 48-4,경기도 화성시 기안동 47-2번지,37.22982549,126.9888555,,126,돔류,28,없음,60000,낚시터 전체,구명부환+소화기+구급약품 등,관리소+화장실+쓰레기통,화성건릉,031-5189-3162,경기도 화성시청,2025-01-31,I,2026-05-15 18:45:51,2025-10-20 09:56:49
5530000,202555300001000011,국화리해상좌대낚시터,바다,경기도 화성시 우정읍 국화길 4,경기도 화성시 우정읍 국화리 137번지,37.06090765,126.5593612,031-356-9975,783,우럭,16,부유형,20000,낚시터 전체,구명부환+소화기+구급약품 등,관리소+화장실+쓰레기통,국화도,031-5189-3162,경기도 화성시청,2025-01-31,I,2026-05-15 18:45:51,2025-10-20 09:56:49
5530000,202555300001000034,도깨비낚시터,기타,경기도 화성시 10용사로 336-9,경기도 화성시 능동 805번지,37.197992,127.054575,031-613-2602,126.2,돔류,28,고정형,55000,낚시터 전체,구명부환+소화기+구급약품 등,관리소+화장실+쓰레기통,화성건릉,031-5189-3162,경기도 화성시청,2025-01-31,I,2026-05-15 18:45:51,2025-10-20 09:56:49
5530000,202555300001000022,조암낚시터,저수지,경기도 화성시 우정읍 한뿌리1길 157-25,경기도 화성시 우정읍 한각리 94-7번지,37.09650621,126.8021179,031-351-1385,355210,붕어+잉어,80,부유형,15000,낚시터 전체,구명부환+소화기+구급약품 등,관리소+화장실+쓰레기통,남양호(남양황라),031-5189-3162,경기도 화성시청,2025-01-31,I,2026-05-15 18:45:51,2025-10-20 09:56:49
5530000,202555300001000001,형제수산낚시터,기타,경기도 화성시 서신면 매화1길 71,경기도 화성시 서신면 상안리 711-4번지,37.17381111,126.7062272,,61,장어,13,없음,100000,낚시터 전체,구명부환+소화기+구급약품 등,관리소+화장실+쓰레기통,,031-5189-3162,경기도 화성시청,2025-01-31,I,2026-05-15 18:45:51,2025-10-20 09:56:49
5530000,202555300001000028,기천낚시터,저수지,경기도 화성시 봉담읍 건달산로 309-33,경기도 화성시 봉담읍 상기리 653번지,37.19629691,126.9117052,031-227-3223,422154,붕어+잉어,120,고정형,25000,낚시터 전체,구명부환+소화기+구급약품 등,관리소+화장실+쓰레기통,봉담호수공원,031-5189-3162,경기도 화성시청,2025-01-31,I,2026-05-15 18:45:51,2025-10-20 09:56:49
5530000,202555300001000005,시화힐링낚시터,기타,경기도 화성시 안녕남로58번길 4,경기도 화성시 안녕동 176-320번지,37.196444,126.989738,031-223-4617,320.94,돔류,48,없음,20000,낚시터 전체,구명부환+소화기+구급약품 등,관리소+화장실+쓰레기통,봉담호수공원,031-5189-3162,경기도 화성시청,2025-01-31,I,2026-05-15 18:45:51,2025-10-20 09:56:49
5530000,202555300001000027,관리낚시터,저수지,경기도 화성시 향남읍 동오리 545-1 외 3필지,경기도 화성시 향남읍 동오리 545-1 외 3필지,37.13297478,126.9457119,031-353-9232,8060,붕어+잉어,80,고정형,30000,낚시터 전체,구명부환+소화기+구급약품 등,관리소+화장실+쓰레기통,제암리3.1운동순국유적지,031-5189-3162,경기도 화성시청,2025-01-31,I,2026-05-15 18:45:51,2025-10-20 09:56:49
5530000,202555300001000009,매송낚시터,저수지,경기도 화성시 매송면 매송로330번길 50,경기도 화성시 매송면 야목리 574번지,37.26439417,126.8864237,,1853,메기+붕어,93,고정형,50000,낚시터 전체,구명부환+소화기+구급약품 등,관리소+화장실+쓰레기통,칠보산 제3전망대,031-5189-3162,경기도 화성시청,2025-01-31,I,2026-05-15 18:45:51,2025-10-20 09:56:49
5530000,202555300001000033,송산 낚시캠프,저수지,경기도 화성시 황계남길 80,경기도 화성시 송산동 132-1번지,37.213687,127.014201,031-234-8831,10790,붕어+잉어,40,고정형,20000,낚시터 전체,구명부환+소화기+구급약품 등,관리소+화장실+쓰레기통,칠보산 제3전망대,031-5189-3162,경기도 화성시청,2025-01-31,I,2026-05-15 18:45:51,2025-10-20 09:56:49
5530000,202555300001000013,스타바다좌대낚시터,바다,경기도 화성시 서신면 송교리 405-1 외 1필지,경기도 화성시 서신면 송교리 405-1 외 1필지,37.1705191,126.6577333,031-357-5538,2102,돔류,150,고정형+부유형,60000,낚시터 전체,구명부환+소화기+구급약품 등,관리소+화장실+쓰레기통,제부도 해안산책로,031-5189-3162,경기도 화성시청,2025-01-31,I,2026-05-15 18:45:51,2025-10-20 09:56:49
5530000,202555300001000006,송라손맛터,저수지,경기도 화성시 매송면 송라리 380-1 외 2필지,경기도 화성시 매송면 송라리 380-1 외 2필지,37.281175,126.895676,031-295-9223,3483,붕어+잉어,160,없음,10000,낚시터 전체,구명부환+소화기+구급약품 등,관리소+화장실+쓰레기통,봉담호수공원,031-5189-3162,경기도 화성시청,2025-01-31,I,2026-05-15 18:45:51,2025-10-20 09:56:49
5530000,202555300001000035,비봉 낚시터,저수지,경기도 화성시 비봉면 쌍학길 250,경기도 화성시 비봉면 쌍학리 769번지,37.226391,126.895677,,2237.36,붕어+잉어,100,고정형,20000,낚시터 전체,구명부환+소화기+구급약품 등,관리소+화장실+쓰레기통,비봉습지공원,031-5189-3162,경기도 화성시청,2025-01-31,I,2026-05-15 18:45:51,2025-10-20 09:56:49
5530000,202555300001000030,대성낚시터,저수지,경기도 화성시 팔탄면 녹막말길9번길 199,경기도 화성시 팔탄면 율암리 267-1번지,37.17188889,126.8660989,031-352-7935,207154,붕어+잉어,80,고정형,15000,낚시터 전체,구명부환+소화기+구급약품 등,관리소+화장실+쓰레기통,우리꽃식물원,031-5189-3162,경기도 화성시청,2025-01-31,I,2026-05-15 18:45:51,2025-10-20 09:56:49
5530000,202555300001000021,송라낚시터,저수지,경기도 화성시 매송면 매송북길 179,경기도 화성시 매송면 송라리 284-1번지,37.28422966,126.9017887,031-295-9949,107940,붕어+잉어,120,고정형+부유형,15000,낚시터 전체,구명부환+소화기+구급약품 등,관리소+화장실+쓰레기통,칠보산 제3전망대,031-5189-3162,경기도 화성시청,2025-01-31,I,2026-05-15 18:45:51,2025-10-20 09:56:49
5530000,202555300001000029,용주골낚시터,저수지,경기도 화성시 황계남길 15,경기도 화성시 송산동 183-4번지,37.21157743,127.0086725,031-236-6063,5482,붕어+잉어,100,고정형,25000,낚시터 전체,구명부환+소화기+구급약품 등,관리소+화장실+쓰레기통,칠보산 제3전망대,031-5189-3162,경기도 화성시청,2025-01-31,I,2026-05-15 18:45:51,2025-10-20 09:56:49
5530000,202555300001000014,양석낚시터,저수지,경기도 화성시 향남읍 하길리 504-1 외 2필지,경기도 화성시 향남읍 하길리 504-1 외 2필지,37.10886824,126.9240506,031-353-8514,2699,붕어+잉어,80,고정형,20000,낚시터 전체,구명부환+소화기+구급약품 등,관리소+화장실+쓰레기통,제암리3.1운동순국유적지,031-5189-3162,경기도 화성시청,2025-01-31,I,2026-05-15 18:45:51,2025-10-20 09:56:49
5530000,202555300001000016,화성대어낚시터,저수지,경기도 화성시 비봉면 비봉로528번길 40,경기도 화성시 비봉면 삼화리 15-1번지,37.26042685,126.8529977,031-355-7350,2360,붕어+잉어,80,고정형,20000,낚시터 전체,구명부환+소화기+구급약품 등,관리소+화장실+쓰레기통,비봉습지공원,031-5189-3162,경기도 화성시청,2025-01-31,I,2026-05-15 18:45:51,2025-10-20 09:56:49
5530000,202555300001000012,서신레저바다낚시터,바다,경기도 화성시 서신면 화남공단로 79,경기도 화성시 서신면 송교리 42-21번지,37.16170633,126.6814562,031-357-9366,21450,돔류,300,고정형+부유형,70000,낚시터 전체,구명부환+소화기+구급약품 등,관리소+화장실+쓰레기통,제부도 해안산책로,031-5189-3162,경기도 화성시청,2025-01-31,I,2026-05-15 18:45:51,2025-10-20 09:56:49
5530000,202555300001000003,뚜루실내바다낚시터,기타,경기도 화성시 비봉면 쌍학길 75,경기도 화성시 비봉면 쌍학리 175-1번지,37.242891,126.897376,,145.6,돔류,32,없음,40000,낚시터 전체,구명부환+소화기+구급약품 등,관리소+화장실+쓰레기통,봉담호수공원,031-5189-3162,경기도 화성시청,2025-01-31,I,2026-05-15 18:45:51,2025-10-20 09:56:49
5530000,202555300001000007,화성락실내바다낚시터,기타,경기도 화성시 봉담읍 하가등리 379-12,경기도 화성시 봉담읍 하가등리 379-12,37.14559335,126.9308477,031-292-3855,153,돔류,34,없음,33000,낚시터 전체,구명부환+소화기+구급약품 등,관리소+화장실+쓰레기통,봉담호수공원,031-5189-3162,경기도 화성시청,2025-01-31,I,2026-05-15 18:45:51,2025-10-20 09:56:49
5530000,202555300001000004,루피실내바다낚시터,기타,경기도 화성시 향남읍 포승향남로 3864,경기도 화성시 향남읍 하길리 985-1번지,37.082231,126.922736,031-352-3930,127.5,돔류,31,없음,40000,낚시터 전체,구명부환+소화기+구급약품 등,관리소+화장실+쓰레기통,봉담호수공원,031-5189-3162,경기도 화성시청,2025-01-31,I,2026-05-15 18:45:51,2025-10-20 09:56:49
5530000,202555300001000018,덕우낚시터,저수지,경기도 화성시 봉담읍 삼천병마로 709,경기도 화성시 봉담읍 덕리 70-3번지,37.17108351,126.9358869,031-298-9116,699173,붕어+잉어,220,고정형+부유형,15000,낚시터 전체,구명부환+소화기+구급약품 등,관리소+화장실+쓰레기통,봉담호수공원,031-5189-3162,경기도 화성시청,2025-01-31,I,2026-05-15 18:45:51,2025-10-20 09:56:49
5540000,202555400001000008,한일낚시터,저수지,경기도 광주시 도척면 옛진말길 63-1,경기도 광주시 도척면 진우리 252,37.326982,127.329585,031-762-7887,0.9,붕어+잉어,90,고정형,30000,,소화기+구명조끼+구명줄+구명부환,화장실+세면소+쓰레기통+통신장비,,031-760-2438,경기도 광주시청,2026-05-22,U,2026-05-28 03:03:03,2026-05-27 17:21:31
5540000,202555400001000007,추곡낚시터,저수지,경기도 광주시 도척면 추곡길 91,경기도 광주시 도척면 추곡리 386-3,37.280897,127.285867,031-762-1269,1.6,붕어+향어+잉어+메기,48,고정형,30000,,안전사다리+소화기+구명조끼+구명줄+구명부환,화장실+세면소+쓰레기통+통신장비,,031-760-2438,경기도 광주시청,2026-05-22,U,2026-05-28 03:03:03,2026-05-27 17:21:41
5540000,202555400001000005,양벌낚시터,저수지,경기도 광주시 양촌길 218,경기도 광주시 양벌동 767-1,37.369619,127.258023,031-766-2539,1.2,붕어+잉어,50,고정형,30000,,소화기+구명조끼+구명줄+구명부환,화장실+세면소+쓰레기통+통신장비,,031-760-2438,경기도 광주시청,2026-05-22,U,2026-05-28 03:03:03,2026-05-27 17:22:03
5540000,202555400001000006,진우낚시터,저수지,경기도 광주시 도척면 저수지길 182,경기도 광주시 도척면 진우리 산55-31,37.311647,127.351043,031-762-7913,6.4,붕어+잉어,250,고정형,30000,,소화기+구명조끼+구명줄+구명부환,화장실+세면소+쓰레기통+통신장비,,031-760-2438,경기도 광주시청,2026-05-22,U,2026-05-28 03:03:03,2026-05-27 17:21:53
5580000,202355800001000002,도곡낚시터,기타,충청남도 계룡시 엄사면 배울길 129,,36.2575,127.2092,,1980,잉어+붕어,50,고정형,"10,000원",,구명부환+구명조끼+소화기,화장실+분리수거통,,,계룡시 농림과,2023-03-09,I,2026-05-15 18:45:51,2023-03-09 11:25:18
5580000,202355800001000001,광석낚시터,저수지,충청남도 계룡시 엄사면 광석향한2길 58,,36.2714,127.2196,,7600,잉어+붕어,50,고정형,"10,000원",,구명부환+구명조끼+소화기,화장실+분리수거통,,,계룡시 농림과,2023-03-09,I,2026-05-15 18:45:51,2023-03-09 11:25:18
5590000,202055900001000017,삼하낚시터,평지,"경기도 양주시 장흥면 일영로327번길 247, 삼하낚시터",경기도 양주시 장흥면 삼하리 198-4,37.67330775,126.9088062,031-871-0047,4600,"붕어,잉어",210,잔교형좌대,"30,000",-,"구명환.조끼,구급약,소화기,구내방송","화장실,매점,관리사무실",-,,개인,2026-05-11,I,2026-05-15 18:45:51,2026-05-12 09:51:45
5590000,202055900001000006,신암저수지낚시터,저수지,경기도 양주시 남면 감악산로 514번길 365,경기도 양주시 남면 신암리 158,37.91971034,126.9640752,031-863-5882,49500,"붕어,잉어",45,잔교형좌대,"30,000",-,"구명환.조끼,구급약,소화기,구내방송","화장실,매점,관리사무실",-,031-950-3203,한국농어촌공사,2026-05-11,I,2026-05-15 18:45:51,2026-05-11 17:49:54
5590000,202055900001000016,은현피싱타운,평지,경기도 양주시 은현면 그루고개로490번길 49-27,경기도 양주시 은현면 도하리 120-4,37.85146262,127.0157938,031-863-8935,3500,"붕어,잉어",80,잔교형좌대,"80,000",-,"구명환.조끼,구급약,소화기,구내방송","화장실,매점,관리사무실",-,,개인,2026-05-11,I,2026-05-15 18:45:51,2026-05-11 17:45:05
5590000,202055900001000004,살구골낚시터,평지,"경기도 양주시 은현면 그루고개로371번길 97-23, 살구골낚시터 관리실",경기도 양주시 은현면 도하리 산 66-10,37.84001046,127.0042246,031-868-2683,19200,"붕어,잉어",110,잔교형좌대,"25,000",-,"구명환.조끼,구급약,소화기,구내방송","화장실,매점,관리사무실",-,031-8082-6132,시유지,2026-05-11,I,2026-05-15 18:45:51,2026-05-12 10:09:02
5590000,202055900001000019,일영낚시터,평지,경기도 양주시 장흥면 일영로769번길 25-25,경기도 양주시 장흥면 일영리 534,37.70596996,126.9315963,031-855-5520,2233,"붕어,잉어",65,잔교형좌대,"30,000",-,"구명환.조끼,구급약,소화기,구내방송","화장실,관리사무실,매점",삼상리유원지,,개인,2026-05-11,I,2026-05-15 18:45:51,2026-05-11 17:40:28
5590000,202055900001000008,효촌낚시터,저수지,"경기도 양주시 남면 휴암로284번길 241, 효촌낚시터 관리실",경기도 양주시 남면 구암리 328,37.87937325,126.9561064,031-871-1323,288000,"붕어,잉어",117,잔교형좌대,"일반30,000원(손맛15,000)",-,"구명환.조끼,구급약,소화기,구내방송","화장실,매점,관리사무실",-,031-950-3203,한국농어촌공사,2026-05-11,I,2026-05-15 18:45:51,2026-05-12 10:04:51
5590000,202055900001000012,칠봉산낚시터,평지,경기도 양주시 천보산로 201,경기도 양주시 회암동 194,37.85687137,127.0985831,031-866-1577,22500,"붕어,잉어",30,잔교형좌대,"30,000",-,"구명환.조끼,구급약,소화기,구내방송","화장실,매점,관리사무실",-,,개인,2026-05-11,I,2026-05-15 18:45:51,2026-05-11 17:38:59
5590000,202055900001000007,남방낚시터,저수지,경기도 양주시 양주산성로 280-7,경기도 양주시 어둔동 159,37.77576379,127.0180123,031-845-4855,74800,"붕어,잉어",85,잔교형좌대,"일반30,000(캠핑형40,000원)",-,"구명환.조끼,구급약,소화기,구내방송","화장실,매점,관리사무실",-,031-950-3203,한국농어촌공사,2026-05-11,I,2026-05-15 18:45:51,2026-05-11 17:51:25
5590000,202055900001000014,동산낚시터,평지,경기도 양주시 남면 감악산로514번길 54-20,경기도 양주시 남면 신암리 99-4,37.90829399,126.9653998,031-863-0002,1900,"붕어,잉어",35,잔교형좌대,"25,000",-,해당사항 없음,"화장실,매점,관리사무소","구명환.조끼,구급약,소화기,구내방송",,개인,2026-05-11,I,2026-05-15 18:45:51,2026-05-11 17:43:22
5590000,202055900001000015,장자원낚시터,평지,경기도 양주시 장흥면 일영로502번길 2-105,경기도 양주시 장흥면 삼상리 455-1,37.68574374,126.9285218,031-855-7244,3618,"붕어,잉어",120,잔교형좌대,"30,000",-,"구명환.조끼,구급약,소화기,구내방송","화장실,매정,관리사무실",장자원유원지,,개인,2026-05-11,I,2026-05-15 18:45:51,2026-05-11 17:42:06
5590000,202355900001000017,원실내바다낚시터,평지,경기도 양주시 율정로165번길 74-11 (율정동),경기도 양주시 율정동 160,37.82484,127.1062,,108,"붕어,바다가제 등",24,실내낚시터,"30,000~",,"구명분환 2개, 소화기 4개, 구급약함 1개 등","화장실, 사무실 등",,,원실내바다낚시,2026-05-11,I,2026-05-15 18:45:51,2026-05-11 17:47:04
5590000,202055900001000011,원당낚시터,저수지,"경기도 양주시 남면 삼육사로327번길 426-19, 원당낚시터",경기도 양주시 남면 황방리 369,37.92235363,126.9869436,031-865-5206,118390,"붕어,잉어",100,잔교형좌대,"일반30,000원(손맛15,000)",-,"구명환.조끼,구급약,소화기,구내방송","화장실,매점,관리사무실",-,031-950-3203,한국농어촌공사,2026-05-11,I,2026-05-15 18:45:51,2026-05-12 09:53:56
5590000,202655900001000017,양주헤라스팟,평지,"경기도 양주시 남면 현석로 781-14, 양주헤라스팟",경기도 양주시 남면 경신리 222,37.85163350518,126.9821598037,,3899,떡붕어,100,잔교형좌대,"20,000원",-,"구명환,구명조끼,소화기,응급구급약,구명줄","관리실,매점,화장실",,,공유부지(시유지),2026-05-11,I,2026-05-15 18:45:51,2026-05-11 18:03:46
5590000,202055900001000003,용암낚시터,저수지,"경기도 양주시 은현면 화합로1169번길 127, 용암낚시터 관리실",경기도 양주시 은현면 용암리 348-4,37.85284499,127.0500455,031-858-4797,4300,"붕어,잉어",20,잔교형좌대,"20,000",-,"구명환.조끼,구급약,소화기,구내방송","화장실,매점,관리사무실",-,031-8082-6132,시유지,2026-05-11,I,2026-05-15 18:45:51,2026-05-12 10:10:07
5590000,202055900001000018,송추낚시터,평지,경기도 양주시 장흥면 호국로 586-24,경기도 양주시 장흥면 울대리 426-1,37.7177652,126.9792169,031-826-0529,2100,붕어,70,잔교형좌대,"30,000",-,"구명환.조끼,구급약,소화기,구내방송","화장실,매점,관사무실",북한산 송추계곡 등산로,,개인,2026-05-11,I,2026-05-15 18:45:51,2026-05-11 17:42:45
5590000,202055900001000010,봉암낚시터,저수지,경기도 양주시 남면 양연로173번길 82-28,경기도 양주시 남면 황방리 230,37.9234617,126.994659,031-863-7679,170000,"붕어,잉어,송어",128,잔교형좌대,"25,000",-,"구명환.조끼,구급약,소화기,구내방송","화장실,매점,관리사무실",-,031-950-3203,한국농어촌공사,2026-05-11,I,2026-05-15 18:45:51,2026-05-11 17:50:49
5590000,202055900001000013,광사낚시터,평지,경기도 양주시 부흥로 1864-40,경기도 양주시 광사동 373-10,37.7885519,127.0709504,031-847-0520,2067,"붕어,잉어",90,잔교형좌대,"30,000",-,"구명환.조끼,구급약,소화기,구내방송","화장실,매점,관리사무실",-,,개인,2026-05-11,I,2026-05-15 18:45:51,2026-05-11 17:41:24
5600000,202256000001000038,황금연못,저수지,경기도 포천시 신북면 포천로 2371,,37.96116913,127.1933304,,5000,붕어,50,고정형,"30,000",,구명부환+소화기+구급약품+전기설비,화장실+쓰레기통,,,경기도 포천시청,2022-10-31,I,2026-05-15 18:45:51,2022-11-28 16:45:05
5600000,202256000001000042,밤밭실내낚시터,저수지,경기도 포천시 가산면 포천로 912번길 143-94,,37.84250079,127.2136439,,400,뱀장어+바닷가재,79,고정형,"(평일 2시간)40,000+(평일 3시간)60,000+(주말 야간)70,000",,구명부환+소화기+구급약품+전기설비,화장실+쓰레기통,,,경기도 포천시청,2022-10-31,I,2026-05-15 18:45:51,2022-11-28 16:45:05
5600000,202256000001000041,우금,저수지,경기도 포천시 가산면 우금6길 43-44,,37.84002891,127.2164266,,5662,붕어,60,고정형,"(노지)30,000+(방갈로)평일80,000,주말100,000",,구명부환+소화기+구급약품+전기설비,화장실+쓰레기통,,,경기도 포천시청,2022-10-31,I,2026-05-15 18:45:51,2022-11-28 16:45:05
5600000,202256000001000027,중리테마파크,저수지,경기도 포천시 관인면 지장산길 65,,38.10167638,127.1992908,,94000,붕어,100,부유형+고정형,"(잔교좌대)30,000+(손맛터)20,000+(2인방갈로)평일100,000,주말120,000+(3인방갈로)평일120,000,주말150,000+(5인방갈로)평일180,000,주말230,000",,구명부환+소화기+구급약품+전기설비,화장실+쓰레기통,,,경기도 포천시청,2022-10-31,I,2026-05-15 18:45:51,2022-11-28 16:45:04
5600000,202256000001000044,수목원,저수지,경기도 포천시 소흘읍 직동리 80-4,경기도 포천시 소흘읍 직동리 80-4,37.76614895,127.1690342,,1150,뱀장어+바닷가재,40,고정형,"30,000",,구명부환+소화기+구급약품+전기설비,화장실+쓰레기통,,,경기도 포천시청,2022-10-31,I,2026-05-15 18:45:51,2022-11-28 16:45:05
5600000,202256000001000032,직두리,저수지,경기도 포천시 군내면 진구자리1길 14,,37.87725794,127.2300427,,2900,붕어,70,고정형,"(평일)20,000+(주말)30,000",,구명부환+소화기+구급약품+전기설비,화장실+쓰레기통,,,경기도 포천시청,2022-10-31,I,2026-05-15 18:45:51,2022-11-28 16:45:04
5600000,202256000001000036,동교,저수지,경기도 포천시 동교동 670-3,경기도 포천시 동교동 670-3,37.85092126,127.1224802,,34000,붕어,134,부유형+고정형,"(2인방갈로)100,000+(3인방갈로)140,000+(4인방갈로)170,000",,구명부환+소화기+구급약품+전기설비,화장실+쓰레기통,,,경기도 포천시청,2022-10-31,I,2026-05-15 18:45:51,2022-11-28 16:45:05
5600000,202256000001000047,길명,저수지,경기도 포천시 일동면 영일로 316,,37.94734418,127.2596293,,3220,붕어,69,고정형,"30,000",,구명부환+소화기+구급약품+전기설비,화장실+쓰레기통,,,경기도 포천시청,2022-10-31,I,2026-05-15 18:45:51,2022-11-28 16:45:05
5600000,202256000001000029,지청,저수지,경기도 포천시 일동면 청지로 150-41,,37.95845374,127.3300224,,10355,붕어,80,고정형,"30,000",,구명부환+소화기+구급약품+전기설비,화장실+쓰레기통,,,경기도 포천시청,2022-10-31,I,2026-05-15 18:45:51,2022-11-28 16:45:04
5600000,202256000001000028,금주,저수지,경기도 포천시 영중면 물안길 135,,37.97376415,127.2701662,,159000,붕어,101,부유형+고정형,"(2인방갈로)80,000+(4인방갈로)180,000+(6인방갈로)250,000+(8인방갈로)300,000",,구명부환+소화기+구급약품+전기설비,화장실+쓰레기통,,,경기도 포천시청,2022-10-31,I,2026-05-15 18:45:51,2022-11-28 16:45:04
5600000,202256000001000039,태산,저수지,경기도 포천시 영북면 호국로 3421번길 8,,38.04295578,127.2655168,,4400,붕어+뱀장어,81,고정형,"30,000",,구명부환+소화기+구급약품+전기설비,화장실+쓰레기통,,,경기도 포천시청,2022-10-31,I,2026-05-15 18:45:51,2022-11-28 16:45:05
5600000,202256000001000040,초원,저수지,경기도 포천시 자작동 자작로3길85,,37.87683209,127.1691193,,27000,붕어,80,부유형+고정형,"(노지)30,000+(2인방갈로)50,000",,구명부환+소화기+구급약품+전기설비,화장실+쓰레기통,,,경기도 포천시청,2022-10-31,I,2026-05-15 18:45:51,2022-11-28 16:45:05
5600000,202256000001000046,고일,저수지,경기도 포천시 신북면 포천로 2721번길 157,,37.97524619,127.1728453,,63550,붕어,50,고정형,"30,000",,구명부환+소화기+구급약품+전기설비,화장실+쓰레기통,,,경기도 포천시청,2022-10-31,I,2026-05-15 18:45:51,2022-11-28 16:45:05
5600000,202256000001000034,무네미,저수지,경기도 포천시 군내면 유교리 88번길 43,,37.86690636,127.1949493,,2000,붕어,71,부유형+고정형,"(노지)30,000+(1인방갈로)토제외40,000,토50,000+(2인방갈로)100,000+(4인방갈로)200,000",,구명부환+소화기+구급약품+전기설비,화장실+쓰레기통,,,경기도 포천시청,2022-10-31,I,2026-05-15 18:45:51,2022-11-28 16:45:04
5600000,202256000001000045,금강,저수지,경기도 포천시 일동면 새낭로 66,,37.98426442,127.3346887,,4490,붕어,25,고정형,"30,000",,구명부환+소화기+구급약품+전기설비,화장실+쓰레기통,,,경기도 포천시청,2022-10-31,I,2026-05-15 18:45:51,2022-11-28 16:45:05
5600000,202256000001000030,마전,저수지,경기도 포천시 가산면 마전길 129-1,,37.84907203,127.2139254,,18000,붕어,168,부유형+고정형,"(육상방갈로,노지)30,000+(1인방갈로)50,000",,구명부환+소화기+구급약품+전기설비,화장실+쓰레기통,,,경기도 포천시청,2022-10-31,I,2026-05-15 18:45:51,2022-11-28 16:45:04
5600000,202256000001000035,내촌,저수지,경기도 포천시 내촌면 내진로 30번길 64,,37.7872828,127.2235448,,7546,붕어,250,고정형,"10,000",,구명부환+소화기+구급약품+전기설비,화장실+쓰레기통,,,경기도 포천시청,2022-10-31,I,2026-05-15 18:45:51,2022-11-28 16:45:04
5600000,202256000001000043,동교실내,저수지,경기도 포천시 동교동 원동교길 268,,37.85123047,127.1226637,,970,붕어+뱀장어,70,고정형,"10,000",,구명부환+소화기+구급약품+전기설비,화장실+쓰레기통,,,경기도 포천시청,2022-10-31,I,2026-05-15 18:45:51,2022-11-28 16:45:05
5600000,202256000001000033,새마을,저수지,경기도 포천시 군내면 좌의길 79,,37.86264904,127.2152827,,15000,붕어,30,고정형,"10,000",,구명부환+소화기+구급약품+전기설비,화장실+쓰레기통,,,경기도 포천시청,2022-10-31,I,2026-05-15 18:45:51,2022-11-28 16:45:04
5600000,202256000001000037,수목원레저,저수지,경기도 포천시 소흘읍 직동길 28,,37.76563953,127.1700127,,4832,붕어,70,고정형,"50,000",,구명부환+소화기+구급약품+전기설비,화장실+쓰레기통,,,경기도 포천시청,2022-10-31,I,2026-05-15 18:45:51,2022-11-28 16:45:05
5600000,202256000001000025,밤밭,저수지,경기도 포천시 가산면 포천로 912번길 143-94,,37.84250079,127.2136439,,58312,붕어,200,부유형+고정형,"30,000",,구명부환+소화기+구급약품+전기설비,화장실+쓰레기통,,,경기도 포천시청,2022-10-31,I,2026-05-15 18:45:51,2022-11-28 16:45:04
5600000,202256000001000048,운천낚시공원,저수지,경기도 포천시 영북면 호국로 4350번길 136-204,,38.09911938,127.2972835,,2960,붕어,20,고정형,"30,000",,구명부환+소화기+구급약품+전기설비,화장실+쓰레기통,,,경기도 포천시청,2022-10-31,I,2026-05-15 18:45:51,2022-11-28 16:45:05
5600000,202256000001000026,가산낚시터,저수지,경기도 포천시 가산면 우금길 13-32,,37.82549928,127.2125165,,172132,붕어,210,부유형+고정형,"(노지)30,000+(1인 수상방갈로)50,000+(2인수상방갈로)100,000+(4인수상방갈로)170,000",,구명부환+소화기+구급약품+전기설비,화장실+쓰레기통,,,경기도 포천시청,2022-10-31,I,2026-05-15 18:45:51,2022-11-28 16:45:04
5600000,202256000001000031,용담대물,저수지,경기도 포천시 관인면 사정리 384-3,경기도 포천시 관인면 사정리 384-3,38.13744071,127.2617286,,20000,붕어,70,부유형+고정형,"(2인방갈로)평일80,000,주말100,000+(6인방갈로)평일100,000,주말120,000",,구명부환+소화기+구급약품+전기설비,화장실+쓰레기통,,,경기도 포천시청,2022-10-31,I,2026-05-15 18:45:51,2022-11-28 16:45:04
5670000,202556701561000012,원전어촌계 (삼정)낚시터,바다,경상남도 창원시 마산합포구 구산면 이순신로 644,경상남도 창원시 마산합포구 구산면 심리 산 2번지 앞 지선 해역 일원,35.04,128.38,,507,"도다리, 돔류, 볼락류,  장어류, 기타 해면어류 등",24,수상 방갈로,"주간기준 25,000원/인당",,구멍부환+구명조끼+소화기+구급약품,화장실+분리수거통,,055-220-4475,창원시 마산합포구청,2025-05-12,I,2026-05-15 18:45:51,2025-05-12 17:48:49
5670000,202556701561000001,원전어촌계 (태진)낚시터,바다,경상남도 창원시 마산합포구 구산면 이순신로 644,경상남도 창원시 마산합포구 구산면 심리 산 2번지 앞 지선 해역 일원,35.04,128.38,,570.4,"도다리, 돔류, 볼락류,  장어류, 기타 해면어류 등",28,수상 방갈로,"주간기준 25,000원/인당",,구멍부환+구명조끼+소화기+구급약품,화장실+분리수거통,,055-220-4475,창원시 마산합포구청,2025-05-12,I,2026-05-15 18:45:51,2025-05-12 17:48:49
5670000,202556701561000025,실리도 어촌계 (금양)낚시터,바다,경상남도 창원시 마산합포구 구산면 이순신로 644,경상남도 창원시 마산합포구 구산면 심리 산 2번지 앞 지선 해역 일원,35.03,128.38,,490,"도다리, 돔류, 볼락류,  장어류, 기타 해면어류 등",23,수상 방갈로,"주간기준 25,000원/인당",,구멍부환+구명조끼+소화기+구급약품,화장실+분리수거통,,055-220-4475,창원시 마산합포구청,2025-05-12,I,2026-05-15 18:45:51,2025-05-12 17:48:49
5670000,202556701561000021,실리도 어촌계 (선창2)낚시터,바다,경상남도 창원시 마산합포구 구산면 이순신로 644,경상남도 창원시 마산합포구 구산면 심리 산 2번지 앞 지선 해역 일원,35.03,128.38,,472.5,"도다리, 돔류, 볼락류,  장어류, 기타 해면어류 등",20,수상 방갈로,"주간기준 25,000원/인당",,구멍부환+구명조끼+소화기+구급약품,화장실+분리수거통,,055-220-4475,창원시 마산합포구청,2025-05-12,I,2026-05-15 18:45:51,2025-05-12 17:48:49
5670000,202556701561000020,실리도 어촌계 (한마음1)낚시터,바다,경상남도 창원시 마산합포구 구산면 실리섬길 3,경상남도 창원시 마산합포구 구산면 심리 산 1번지 앞 지선 해역 일원,35.03,128.38,,379.5,"도다리, 돔류, 볼락류,  장어류, 기타 해면어류 등",12,수상 방갈로,"주간기준 25,000원/인당",,구멍부환+구명조끼+소화기+구급약품,화장실+분리수거통,,055-220-4475,창원시 마산합포구청,2025-05-12,I,2026-05-15 18:45:51,2025-05-12 17:48:49
5670000,202556701561000015,원전어촌계 (바다)낚시터,바다,경상남도 창원시 마산합포구 구산면 이순신로 644,경상남도 창원시 마산합포구 구산면 심리 산 4-4번지 앞 지선 해역 일원,35.04,128.38,,540,"도다리, 돔류, 볼락류,  장어류, 기타 해면어류 등",28,수상 방갈로,"주간기준 30,000원/인당",,구멍부환+구명조끼+소화기+구급약품,화장실+분리수거통,,055-220-4475,창원시 마산합포구청,2025-05-12,I,2026-05-15 18:45:51,2025-05-12 17:48:49
5670000,202556701561000014,원전어촌계 (뱃머리)낚시터,바다,경상남도 창원시 마산합포구 구산면 이순신로 644,경상남도 창원시 마산합포구 구산면 심리 산 2번지 앞 지선 해역 일원,35.04,128.38,,540,"도다리, 돔류, 볼락류,  장어류, 기타 해면어류 등",27,수상 방갈로,"주간기준 25,000원/인당",,구멍부환+구명조끼+소화기+구급약품,화장실+분리수거통,,055-220-4475,창원시 마산합포구청,2025-05-12,I,2026-05-15 18:45:51,2025-05-12 17:48:49
5670000,202556701561000008,원전어촌계 (쌍둥이1)낚시터,바다,경상남도 창원시 마산합포구 구산면 이순신로 644,경상남도 창원시 마산합포구 구산면 심리 산 2번지 앞 지선 해역 일원,35.03,128.38,,507.6,"도다리, 돔류, 볼락류,  장어류, 기타 해면어류 등",25,수상 방갈로,"주간기준 25,000원/인당",,구멍부환+구명조끼+소화기+구급약품,화장실+분리수거통,,055-220-4475,창원시 마산합포구청,2025-05-12,I,2026-05-15 18:45:51,2025-05-12 17:48:49
5670000,202556701561000022,실리도 어촌계 (백마)낚시터,바다,경상남도 창원시 마산합포구 구산면 이순신로 644,경상남도 창원시 마산합포구 구산면 심리 산 2번지 앞 지선 해역 일원,35.04,128.38,,490,"도다리, 돔류, 볼락류,  장어류, 기타 해면어류 등",23,수상 방갈로,"주간기준 25,000원/인당",,구멍부환+구명조끼+소화기+구급약품,화장실+분리수거통,,055-220-4475,창원시 마산합포구청,2025-05-12,I,2026-05-15 18:45:51,2025-05-12 17:48:49
5670000,202556701561000003,원전어촌계 (천수)낚시터,바다,경상남도 창원시 마산합포구 구산면 이순신로 644,경상남도 창원시 마산합포구 구산면 심리 산 2번지 앞 지선 해역 일원,35.04,128.38,,532.8,"도다리, 돔류, 볼락류,  장어류, 기타 해면어류 등",28,수상 방갈로,"주간기준 25,000원/인당",,구멍부환+구명조끼+소화기+구급약품,화장실+분리수거통,,055-220-4475,창원시 마산합포구청,2025-05-12,I,2026-05-15 18:45:51,2025-05-12 17:48:49
5670000,202556701561000026,시락어촌계낚시터(3동),바다,경상남도 창원시 마산합포구 진전면 회진로 1123-25,경상남도 창원시 마산합포구 진전면 시락리 산 155-5번지 지선 공유수면,35.04,128.26,,1500,"도다리,돔류,기타 해면어류 등",45,수상 방갈로,"주간기준 150,000원/동당",,구멍부환+구명조끼+소화기+구급약품,화장실+분리수거통,,055-220-4475,창원시 마산합포구청,2025-05-12,I,2026-05-15 18:45:51,2025-05-12 17:48:49
5670000,202556701561000016,원전어촌계 (대봉)낚시터,바다,경상남도 창원시 마산합포구 구산면 이순신로 644,경상남도 창원시 마산합포구 구산면 심리 산 2번지 앞 지선 해역 일원,35.04,128.38,,534.6,"도다리, 돔류, 볼락류,  장어류, 기타 해면어류 등",27,수상 방갈로,"주간기준 25,000원/인당",,구멍부환+구명조끼+소화기+구급약품,화장실+분리수거통,,055-220-4475,창원시 마산합포구청,2025-05-12,I,2026-05-15 18:45:51,2025-05-12 17:48:49
5670000,202556701561000019,실리도 어촌계 (한마음2)낚시터,바다,경상남도 창원시 마산합포구 구산면 실리섬길 3,경상남도 창원시 마산합포구 구산면 심리 산 1번지 앞 지선 해역 일원,35.03,128.38,,476,"도다리, 돔류, 볼락류,  장어류, 기타 해면어류 등",17,수상 방갈로,"주간기준 25,000원/인당",,구멍부환+구명조끼+소화기+구급약품,화장실+분리수거통,,055-220-4475,창원시 마산합포구청,2025-05-12,I,2026-05-15 18:45:51,2025-05-12 17:48:49
5670000,202556701561000005,원전어촌계 (재영)낚시터,바다,경상남도 창원시 마산합포구 구산면 이순신로 644,경상남도 창원시 마산합포구 구산면 심리 산 2번지 앞 지선 해역 일원,35.04,128.38,,540,"도다리, 돔류, 볼락류,  장어류, 기타 해면어류 등",28,수상 방갈로,"주간기준 25,000원/인당",,구멍부환+구명조끼+소화기+구급약품,화장실+분리수거통,,055-220-4475,창원시 마산합포구청,2025-05-12,I,2026-05-15 18:45:51,2025-05-12 17:48:49
5670000,202556701561000018,원전어촌계 (가고파)낚시터,바다,경상남도 창원시 마산합포구 구산면 이순신로 644,경상남도 창원시 마산합포구 구산면 심리 산 2번지 앞 지선 해역 일원,35.04,128.38,,540,"도다리, 돔류, 볼락류,  장어류, 기타 해면어류 등",28,수상 방갈로,"주간기준 25,000원/인당",,구멍부환+구명조끼+소화기+구급약품,화장실+분리수거통,,055-220-4475,창원시 마산합포구청,2025-05-12,I,2026-05-15 18:45:51,2025-05-12 17:48:49
5670000,202556701561000024,실리도 어촌계 (반야1)낚시터,바다,경상남도 창원시 마산합포구 구산면 실리섬길 3,경상남도 창원시 마산합포구 구산면 심리 산 1번지 앞 지선 해역 일원,35.03,128.38,,463,"도다리, 돔류, 볼락류,  장어류, 기타 해면어류 등",16,수상 방갈로,"주간기준 25,000원/인당",,구멍부환+구명조끼+소화기+구급약품,화장실+분리수거통,,055-220-4475,창원시 마산합포구청,2025-05-12,I,2026-05-15 18:45:51,2025-05-12 17:48:49
5670000,202556701561000017,원전어촌계 (강민)낚시터,바다,경상남도 창원시 마산합포구 구산면 이순신로 644,경상남도 창원시 마산합포구 구산면 심리 산 2번지 앞 지선 해역 일원,35.04,128.38,,540,"도다리, 돔류, 볼락류,  장어류, 기타 해면어류 등",28,수상 방갈로,"주간기준 25,000원/인당",,구멍부환+구명조끼+소화기+구급약품,화장실+분리수거통,,055-220-4475,창원시 마산합포구청,2025-05-12,I,2026-05-15 18:45:51,2025-05-12 17:48:49
5670000,202556701561000009,원전어촌계 (순찬)낚시터,바다,경상남도 창원시 마산합포구 구산면 이순신로 644,경상남도 창원시 마산합포구 구산면 심리 산 4-4번지 앞 지선 해역 일원,35.04,128.38,,540,"도다리, 돔류, 볼락류,  장어류, 기타 해면어류 등",28,수상 방갈로,"주간기준 25,000원/인당",,구멍부환+구명조끼+소화기+구급약품,화장실+분리수거통,,055-220-4475,창원시 마산합포구청,2025-05-12,I,2026-05-15 18:45:51,2025-05-12 17:48:49
5670000,202556701561000023,실리도 어촌계 (반야2)낚시터,바다,경상남도 창원시 마산합포구 구산면 실리섬길 3,경상남도 창원시 마산합포구 구산면 심리 산 1번지 앞 지선 해역 일원,35.03,128.38,,516.3,"도다리, 돔류, 볼락류,  장어류, 기타 해면어류 등",20,수상 방갈로,"주간기준 25,000원/인당",,구멍부환+구명조끼+소화기+구급약품,화장실+분리수거통,,055-220-4475,창원시 마산합포구청,2025-05-12,I,2026-05-15 18:45:51,2025-05-12 17:48:49
5670000,202556701561000006,원전어촌계 (용마)낚시터,바다,경상남도 창원시 마산합포구 구산면 이순신로 644,경상남도 창원시 마산합포구 구산면 심리 산 2번지 앞 지선 해역 일원,35.04,128.38,,592,"도다리, 돔류, 볼락류,  장어류, 기타 해면어류 등",29,수상 방갈로,"주간기준 25,000원/인당",,구멍부환+구명조끼+소화기+구급약품,화장실+분리수거통,,055-220-4475,창원시 마산합포구청,2025-05-12,I,2026-05-15 18:45:51,2025-05-12 17:48:49
5670000,202556701561000007,원전어촌계 (쌍둥이2)낚시터,바다,경상남도 창원시 마산합포구 구산면 이순신로 644,경상남도 창원시 마산합포구 구산면 심리 산 2번지 앞 지선 해역 일원,35.04,128.38,,507.6,"도다리, 돔류, 볼락류,  장어류, 기타 해면어류 등",25,수상 방갈로,"주간기준 25,000원/인당",,구멍부환+구명조끼+소화기+구급약품,화장실+분리수거통,,055-220-4475,창원시 마산합포구청,2025-05-12,I,2026-05-15 18:45:51,2025-05-12 17:48:49
5670000,202556701561000013,원전어촌계 (삼성)낚시터,바다,경상남도 창원시 마산합포구 구산면 이순신로 644,경상남도 창원시 마산합포구 구산면 심리 산 2번지 앞 지선 해역 일원,35.03,128.38,,498.75,"도다리, 돔류, 볼락류,  장어류, 기타 해면어류 등",21,수상 방갈로,"주간기준 25,000원/인당",,구멍부환+구명조끼+소화기+구급약품,화장실+분리수거통,,055-220-4475,창원시 마산합포구청,2025-05-12,I,2026-05-15 18:45:51,2025-05-12 17:48:49
5670000,202556701561000010,원전어촌계 (성용)낚시터,바다,경상남도 창원시 마산합포구 구산면 이순신로 644,경상남도 창원시 마산합포구 구산면 심리 산 2번지 앞 지선 해역 일원,35.04,128.38,,501.2,"도다리, 돔류, 볼락류,  장어류, 기타 해면어류 등",24,수상 방갈로,"주간기준 25,000원/인당",,구멍부환+구명조끼+소화기+구급약품,화장실+분리수거통,,055-220-4475,창원시 마산합포구청,2025-05-12,I,2026-05-15 18:45:51,2025-05-12 17:48:49
5670000,202556701561000011,원전어촌계 (선창)낚시터,바다,경상남도 창원시 마산합포구 구산면 이순신로 644,경상남도 창원시 마산합포구 구산면 심리 산 2번지 앞 지선 해역 일원,35.04,128.38,,519.9,"도다리, 돔류, 볼락류,  장어류, 기타 해면어류 등",26,수상 방갈로,"주간기준 25,000원/인당",,구멍부환+구명조끼+소화기+구급약품,화장실+분리수거통,,055-220-4475,창원시 마산합포구청,2025-05-12,I,2026-05-15 18:45:51,2025-05-12 17:48:49
5670000,202556701561000004,원전어촌계 (조선)낚시터,바다,경상남도 창원시 마산합포구 구산면 이순신로 644,경상남도 창원시 마산합포구 구산면 심리 산 2번지 앞 지선 해역 일원,35.04,128.38,,461.1,"도다리, 돔류, 볼락류,  장어류, 기타 해면어류 등",20,수상 방갈로,"주간기준 25,000원/인당",,구멍부환+구명조끼+소화기+구급약품,화장실+분리수거통,,055-220-4475,창원시 마산합포구청,2025-05-12,I,2026-05-15 18:45:51,2025-05-12 17:48:49
5670000,202556701561000002,원전어촌계 (태양)낚시터,바다,경상남도 창원시 마산합포구 구산면 이순신로 644,경상남도 창원시 마산합포구 구산면 심리 산 2번지 앞 지선 해역 일원,35.04,128.38,,554.4,"도다리, 돔류, 볼락류,  장어류, 기타 해면어류 등",31,수상 방갈로,"주간기준 25,000원/인당",,구멍부환+구명조끼+소화기+구급약품,화장실+분리수거통,,055-220-4475,창원시 마산합포구청,2025-05-12,I,2026-05-15 18:45:51,2025-05-12 17:48:49
5680000,202356800001000015,부흥호가두리낚시터,바다,충청남도 당진시 석문면 난지3길 12,,37.0000,126.4500,,480,우럭 등,100,해상 좌대낚시터,"60,000원",,"구명조끼, 구명부환 등","낚시터, 화장실 등",난지섬,041-350-4286,충청남도 당진시,2022-03-31,I,2026-05-15 18:45:51,2023-04-17 15:42:12
5680000,202356800001000003,그린좌대낚시터,바다,충청남도 당진시 석문면 장고항로 334-48,,37.0333,126.5000,,299,우럭 등,65,해상 좌대낚시터,"50,000원",,"구명조끼, 구명부환 등","낚시터, 화장실 등",장고항국가어항,041-350-4273,충청남도 당진시,2022-03-31,I,2026-05-15 18:45:51,2023-04-17 15:42:12
5680000,202356800001000014,아쿠아좌대낚시터,바다,충청남도 당진시 석문면 난지3길 12,,37.0000,126.4500,,263,우럭 등,54,해상 좌대낚시터,"60,000원",,"구명조끼, 구명부환 등","낚시터, 화장실 등",난지섬,041-350-4285,충청남도 당진시,2022-03-31,I,2026-05-15 18:45:51,2023-04-17 15:42:12
5680000,202356800001000017,훼미리호좌대낚시터,바다,충청남도 당진시 석문면 난지3길 12,,37.0000,126.4500,,480,우럭 등,104,해상 좌대낚시터,"60,000원",,"구명조끼, 구명부환 등","낚시터, 화장실 등",난지섬,041-350-4288,충청남도 당진시,2022-03-31,I,2026-05-15 18:45:51,2023-04-17 15:42:12
5680000,202356800001000012,해성2호좌대낚시터,바다,충청남도 당진시 석문면 난지3길 12,,37.0000,126.4500,,345,우럭 등,71,해상 좌대낚시터,"60,000원",,"구명조끼, 구명부환 등","낚시터, 화장실 등",난지섬,041-350-4283,충청남도 당진시,2022-03-31,I,2026-05-15 18:45:51,2023-04-17 15:42:12
5680000,202356800001000004,병기호좌대낚시터,바다,충청남도 당진시 석문면 왜목길 73,,37.0333,126.5333,,240,우럭 등,48,해상 좌대낚시터,"50,000원",,"구명조끼, 구명부환 등","낚시터, 화장실 등",왜목마을,041-350-4275,충청남도 당진시,2022-03-31,I,2026-05-15 18:45:51,2023-04-17 15:42:12
5680000,202356800001000009,부흥3호좌대낚시터,바다,충청남도 당진시 석문면 난지3길 12,,37.0000,126.4500,,120,우럭 등,22,해상 좌대낚시터,"60,000원",,"구명조끼, 구명부환 등","낚시터, 화장실 등",난지섬,041-350-4280,충청남도 당진시,2022-03-31,I,2026-05-15 18:45:51,2023-04-17 15:42:12
5680000,202356800001000008,무기수산좌대낚시터,바다,충청남도 당진시 석문면 난지3길 12,,37.0167,126.4500,,440,우럭 등,90,해상 좌대낚시터,"50,000원",,"구명조끼, 구명부환 등","낚시터, 화장실 등",난지섬,041-350-4279,충청남도 당진시,2022-03-31,I,2026-05-15 18:45:51,2023-04-17 15:42:12
5680000,202356800001000010,미리내가두리낚시2호낚시터,바다,충청남도 당진시 석문면 난지3길 12,,37.0000,126.4500,,120,우럭 등,29,해상 좌대낚시터,"60,000원",,"구명조끼, 구명부환 등","낚시터, 화장실 등",난지섬,041-350-4281,충청남도 당진시,2022-03-31,I,2026-05-15 18:45:51,2023-04-17 15:42:12
5680000,202356800001000018,스카이좌대낚시터,바다,충청남도 당진시 석문면 난지3길 12,,37.0000,126.4500,,308,우럭 등,82,해상 좌대낚시터,"60,000원",,"구명조끼, 구명부환 등","낚시터, 화장실 등",난지섬,041-350-4289,충청남도 당진시,2022-03-31,I,2026-05-15 18:45:51,2023-04-17 15:42:12
5680000,202356800001000020,와따좌대낚시터,바다,충청남도 당진시 석문면 난지3길 12,,37.0000,126.4500,,270,우럭 등,65,해상 좌대낚시터,"60,000원",,"구명조끼, 구명부환 등","낚시터, 화장실 등",난지섬,041-350-4291,충청남도 당진시,2022-03-31,I,2026-05-15 18:45:51,2023-04-17 15:42:12
5680000,202356800001000011,미리내가두리낚시터,바다,충청남도 당진시 석문면 난지3길 12,,37.0000,126.4500,,240,우럭 등,80,해상 좌대낚시터,"60,000원",,"구명조끼, 구명부환 등","낚시터, 화장실 등",난지섬,041-350-4282,충청남도 당진시,2022-03-31,I,2026-05-15 18:45:51,2023-04-17 15:42:12
5680000,202356800001000019,돌고래좌대낚시터,바다,충청남도 당진시 석문면 난지3길 12,,37.0000,126.4500,,436,우럭 등,87,해상 좌대낚시터,"60,000원",,"구명조끼, 구명부환 등","낚시터, 화장실 등",난지섬,041-350-4290,충청남도 당진시,2022-03-31,I,2026-05-15 18:45:51,2023-04-17 15:42:12
5680000,202356800001000001,서해대교바다낚시터,평지,충청남도 당진시 신평면 샛터길 117-121,,36.9167,126.7833,041-352-2523,10346,우럭 등,238,육상 낚시터,"90,000원",,"구명조끼, 구명부환 등","낚시터, 화장실 등",서해대교,041-350-4271,충청남도 당진시,2022-03-31,I,2026-05-15 18:45:51,2023-04-17 15:42:11
5680000,202356800001000006,해맞이좌대낚시터,바다,충청남도 당진시 석문면 왜목길 73,,37.0333,126.5333,,240,우럭 등,48,해상 좌대낚시터,"50,000원",,"구명조끼, 구명부환 등","낚시터, 화장실 등",왜목마을,041-350-4277,충청남도 당진시,2022-03-31,I,2026-05-15 18:45:51,2023-04-17 15:42:12
5680000,202356800001000007,왜목마을좌대낚시터,바다,충청남도 당진시 석문면 왜목길 73,,37.0333,126.5333,,598,우럭 등,120,해상 좌대낚시터,"50,000원",,"구명조끼, 구명부환 등","낚시터, 화장실 등",왜목마을,041-350-4278,충청남도 당진시,2022-03-31,I,2026-05-15 18:45:51,2023-04-17 15:42:12
5680000,202356800001000016,낚시타운좌대낚시터,바다,충청남도 당진시 석문면 난지3길 12,,37.0000,126.4500,,297,우럭 등,113,해상 좌대낚시터,"60,000원",,"구명조끼, 구명부환 등","낚시터, 화장실 등",난지섬,041-350-4287,충청남도 당진시,2022-03-31,I,2026-05-15 18:45:51,2023-04-17 15:42:12
5680000,202356800001000002,장고항덕진호좌대낚시터,바다,충청남도 당진시 석문면 장고항로 334-48,,37.0333,126.5000,,150,우럭 등,30,해상 좌대낚시터,"50,000원",,"구명조끼, 구명부환 등","낚시터, 화장실 등",장고항국가어항,041-350-4272,충청남도 당진시,2022-03-31,I,2026-05-15 18:45:51,2023-04-17 15:42:12
5680000,202356800001000013,부흥호좌대2낚시터,바다,충청남도 당진시 석문면 난지3길 12,,37.0000,126.4500,,240,우럭 등,50,해상 좌대낚시터,"60,000원",,"구명조끼, 구명부환 등","낚시터, 화장실 등",난지섬,041-350-4284,충청남도 당진시,2022-03-31,I,2026-05-15 18:45:51,2023-04-17 15:42:12
5680000,202356800001000005,고래좌대낚시터,바다,충청남도 당진시 석문면 왜목길 73,,37.0333,126.5333,,120,우럭 등,23,해상 좌대낚시터,"50,000원",,"구명조끼, 구명부환 등","낚시터, 화장실 등",왜목마을,041-350-4276,충청남도 당진시,2022-03-31,I,2026-05-15 18:45:51,2023-04-17 15:42:12
5690000,202156900001000001,조치원낚시터,평지,세종시 전동면 전동로 245,세종시 전동면 노장리 543-1,36.672891,127.269954,044-868-6662,0.4,붕어,230,좌대,0,,구명부환+구명조끼,화장실,,044-300-7645,세종특별자치시,2026-05-20,U,2026-05-21 03:03:03,2026-05-20 11:19:02
5690000,202156900001000003,용천농장낚시터,평지,세종시 금남면 황토고개길 80-10,세종시 금남면 원봉리 546-2,36.453638,127.233773,,0.14,붕어,70,좌대,0,,구명부환+구명조끼,화장실,,044-300-7645,세종특별자치시,2026-05-20,U,2026-05-21 03:03:03,2026-05-20 11:18:29
5700000,202357000001000006,삼합낚시터,저수지,경기도 여주시 점동로650,,37.199815,127.726804,031-886-6767,48000,붕어,270,고정형,1일 20000원,,구명부환+소화기+구급약품+전기설비,화장실+쓰레기통,,,경기도 여주시청,2023-08-01,I,2026-05-15 18:45:51,2023-08-10 09:19:41
5700000,202357000001000005,어우실낚시터,저수지,경기도 여주시 어우실길 65,,37.151903,127.6579298,031-882-6500,154000,붕어,100,부유형,1일 20000원,,구명부환+소화기+구급약품+전기설비,화장실+쓰레기통,,,경기도 여주시청,2023-08-01,I,2026-05-15 18:45:51,2023-08-10 09:19:41
5700000,202357000001000003,가남낚시터,평지,경기도 여주시 가남읍 건은로 82-67,,37.194979,127.544009,031-882-1673,1605,붕어+잉어+향어,185,고정형,1일 30000원,,구명부환+소화기+구급약품+전기설비,화장실+쓰레기통,,,경기도 여주시청,2023-08-01,I,2026-05-15 18:45:51,2023-08-10 09:19:41
5700000,202357000001000002,오산낚시터,평지,경기도 여주시 가남읍 양화로 154-23,,37.2355128,127.559427,,572,붕어,54,고정형,1일 10000원,,구명부환+소화기+구급약품+전기설비,화장실+쓰레기통,,,경기도 여주시청,2023-08-01,I,2026-05-15 18:45:51,2023-08-10 09:19:41
5700000,202357000001000004,신근낚시터,저수지,경기도 여주시 흥천면 신율로 36,,37.308914,127.557689,031-883-0641,11901,붕어,110,고정형,1일 10000원,,구명부환+소화기+구급약품+전기설비,화장실+쓰레기통,,,경기도 여주시청,2023-08-01,I,2026-05-15 18:45:51,2023-08-10 09:19:41
5700000,202357000001000001,관광농원낚시터,평지,경기도 여주시 북내면 중암2길 19-22,,37.356465,127.710493,031-883-9499,3388,붕어,64,고정형,1일 30000원,,구명부환+소화기+구급약품+전기설비,화장실+쓰레기통,,,경기도 여주시청,2023-08-01,I,2026-05-15 18:45:51,2023-08-10 09:19:41
5710000,202057100001000011,초정낚시터,저수지,충청북도 청주시 청원구 내수읍 세교초정로 369,충청북도 청주시 청원구 내수읍 우산리 172,36.714903,127.599766,,8721,붕어+잉어+향어,46,고정형,30000원,,구명부환+소화기+구급약품+전기설비,화장실+쓰레기통,,,청주시청,2025-10-29,I,2026-05-15 18:45:51,2025-10-29 14:41:20
5710000,202057100001000003,한계리낚시터,저수지,충청북도 청주시 상당구 가덕면 한계1길 170,충청북도 청주시 상당구 가덕면 한계리 294-1,36.606594,127.562466,,139266,붕어+잉어+향어,150,"연안방갈로,부잔교",30000원,,구명부환+소화기+구급약품+전기설비,화장실+쓰레기통,,,청주시청,2025-10-29,I,2026-05-15 18:45:51,2025-10-29 14:55:24
5710000,202057100001000008,일신낚시터,평지,충청북도 청주시 청원구 오창읍 일신길 34-27,충청북도 청주시 청원구 오창읍 일신리 302-1,36.756746,127.470374,,2700,붕어+잉어+향어,50,고정형,15000원,,구명부환+소화기+구급약품+전기설비,화장실+쓰레기통,,,청주시청,2025-10-29,I,2026-05-15 18:45:51,2025-10-29 14:50:05
5710000,202057100001000002,황청낚시터,저수지,충청북도 청주시 상당구 남일면 황청리길 119,충청북도 청주시 상당구 남일면 황청리 163,36.594752,127.555039,,9901,붕어+잉어+향어,99,"연안방갈로,잔교",25000원,,구명부환+소화기+구급약품+전기설비,화장실+쓰레기통,,,청주시청,2025-10-29,I,2026-05-15 18:45:51,2025-10-29 14:57:15
5710000,202057100001000012,비상낚시터,저수지,충청북도 청주시 청원구 내수읍 비상길 22-58,충청북도 청주시 청원구 내수읍 비상리 508,36.704427,127.580032,,68105,붕어+잉어+향어,60,"부잔교,연안방갈로",30000원,,구명부환+소화기+구급약품+전기설비,화장실+쓰레기통,,,청주시청,2025-10-29,I,2026-05-15 18:45:51,2025-10-29 14:45:16
5710000,202057100001000004,중리낚시터,저수지,충청북도 청주시 상당구 미원면 쌍이운교로 262,충청북도 청주시 상당구 미원면 중리 316-1,36.669118,127.665454,,129105,붕어+잉어+향어,70,연안방갈로,25000원,,구명부환+소화기+구급약품+전기설비,화장실+쓰레기통,,,청주시청,2020-07-20,I,2026-05-15 18:45:51,2025-10-29 14:53:41
5710000,202057100001000016,공북낚시터,저수지,충청북도 청주시 흥덕구 오송읍 정중연제로 651-84,충청북도 청주시 흥덕구 오송읍 공북리 산 58,36.652114,127.312772,,75240,붕어+잉어+향어,350,"육상좌대,부잔교",30000원,,구명부환+소화기+구급약품+전기설비,화장실+쓰레기통,,,청주시청,2025-10-29,I,2026-05-15 18:45:51,2025-10-29 14:46:04
5710000,202057100001000001,용곡낚시터,저수지,충청북도 청주시 상당구 미원면 미원초정로 685-26,충청북도 청주시 상당구 미원면 종암리 449,36.683613,127.636857,,284597,붕어+잉어+향어,82,"연안방갈로,잔교",20000원,,구명부환+소화기+구급약품+전기설비,화장실+쓰레기통,,,청주시청,2025-10-29,I,2026-05-15 18:45:51,2025-10-29 14:59:08
5710000,202057100001000005,이정골낚시터,저수지,,충청북도 청주시 상당구 용정동 23-1,36.636061,127.523977,,32129,붕어+잉어+향어,100,"부잔교,연안방갈로",20000원,,구명부환+소화기+구급약품+전기설비,화장실+쓰레기통,,,청주시청,2025-10-29,I,2026-05-15 18:45:51,2025-10-29 14:52:33
5710000,202057100001000010,부연낚시터,저수지,충청북도 청주시 청원구 북이면 신기초정로 335,충청북도 청주시 청원구 북이면 부연리 280,36.736716,127.573571,,46233,붕어+잉어+향어,80,"부잔교,연안방갈로",20000원,,구명부환+소화기+구급약품+전기설비,화장실+쓰레기통,,,청주시청,2025-10-29,I,2026-05-15 18:45:51,2025-10-29 14:44:34
5710000,202057100001000009,유호정낚시터,저수지,충청북도 청주시 청원구 내수읍 우산2길 65,충청북도 청주시 청원구 내수읍 우산리 94-2,36.710498,127.412345,,37748,붕어+잉어+향어,71,"연안방갈로,부잔교",30000원,,구명부환+소화기+구급약품+전기설비,화장실+쓰레기통,,,청주시청,2025-10-29,I,2026-05-15 18:45:51,2025-10-29 14:47:52
5710000,202057100001000017,성화낚시터,평지,충청북도 청주시 서원구 성화로 43-9 (성화동),충청북도 청주시 서원구 성화동 199-1,36.608749,127.446669,,3305,붕어+잉어+향어,70,고정형,10000원,,구명부환+소화기+구급약품+전기설비,화장실+쓰레기통,,,청주시청,2020-07-20,I,2026-05-15 18:45:51,2020-07-23 16:40:03
5710000,202057100001000015,호암낚시터,저수지,충청북도 청주시 흥덕구 서부로 988-194 (석곡동),충청북도 청주시 흥덕구 석곡동 317-1,36.606843,127.418748,,9735,붕어+잉어+향어,100,고정형,15000원,,구명부환+소화기+구급약품+전기설비,화장실+쓰레기통,,,청주시청,2026-05-20,U,2026-05-21 03:03:03,2026-05-20 15:51:09
5710000,202057100001000014,소로낚시터,저수지,충청북도 청주시 흥덕구 옥산면 소로2길 148,충청북도 청주시 흥덕구 옥산면 소로리 75-1,36.697368,127.401441,,25085,붕어+잉어+향어,117,고정형(육상좌대),30000원,,구명부환+소화기+구급약품+전기설비,화장실+쓰레기통,,,청주시청,2025-10-29,I,2026-05-15 18:45:51,2025-10-29 13:49:31
5710000,202557100001000001,소로낚시터,평지,,충청북도 청주시 흥덕구 옥산면 소로리 43,36.6976614,127.3991290,,980,붕어,50,고정형(육상좌대),"30,000원",,"구명부환,소화기,구급약품","화장실, 휴게실, 자판기",,043-201-2273,청주시,2025-10-29,I,2026-05-15 18:45:51,2025-10-29 14:32:30
5710000,202057100001000018,주성낚시터,평지,"충청북도 청주시 청원구 내수읍 도원세교로 124-88, 주성낚시터",충청북도 청주시 청원구 내수읍 덕암리 573 주성낚시터,36.700498,127.536579,,1961,붕어+잉어+향어,48,육상좌대,15000원,,구명부환+소화기+구급약품+전기설비,화장실+쓰레기통,,,청주시청,2025-10-29,I,2026-05-15 18:45:51,2025-10-29 13:40:02
5710000,202057100001000019,옥산낚시터,평지,,충청북도 청주시 흥덕구 신촌동 413-9,36.653982,127.386549,,7519,붕어+잉어+향어,35,잔교형좌대,15000원,,구명부환+소화기+구급약품+전기설비,화장실+쓰레기통,,,청주시청,2025-10-29,I,2026-05-15 18:45:51,2025-10-29 13:38:05
5785000,202657850001000002,돌산해양낚시공원낚시터,바다,전남광주통합특별시 여수시 돌산읍 우두1길 12-13,전남광주통합특별시 여수시 돌산읍 우두리 806,34.727104,127.73669,061-642-2707,23119,볼락+감성돔+농어+노래미,100,고정형,"4인150,000원",,구명부환+소화기+구명조끼+구급약품세트+핸드레일+안전사다리,돔하우스+야외화장실,"돌산대교,향일암,오동도",061-659-5598,여수시 수산경영과 낚시관리팀,2026-05-21,I,2026-07-01 12:45:57,2026-05-21 17:32:44
5785000,202657850001000003,여수가족생활낚시터,바다,전남광주통합특별시 여수시 신월1길 42 1층 신월슈퍼,전남광주통합특별시 여수시 신월동 93-7,34.4258515,127.4255849,,87.1,도다리+감성돔+농어+노래미,18,고정형,"1인 30,000원낚시대 대여(1개) 10,000원",,구명부환+소화기+구명조끼+구급약품세트+핸드레일+안전사다리,야외화장실+차양시설+세면소,"돌산대교,향일암,경도,오동도",061-659-5598,여수시 수산경영과 낚시관리팀,2026-05-21,I,2026-07-01 12:45:57,2026-05-21 17:32:44
5785000,202657850001000001,소경어촌계낚시터,바다,전남광주통합특별시 여수시 소경도1길 15-1,전남광주통합특별시 여수시 경호동 809,34.70848891,127.707826,,5170,감성돔+농어+우럭+노래미,30,고정형,"5인200,000원",,구명부환+소화기+구명조끼+구급약품세트+핸드레일+안전사다리,돔하우스+야외화장실,"돌산대교,향일암,오동도",061-659-5598,여수시 수산경영과 낚시관리팀,2026-05-21,I,2026-07-01 12:45:57,2026-05-21 17:32:44
5795000,202357950001000001,활주로낚시터,기타,"전남광주통합특별시 나주시 산포면 등정덕례길 54, 활주로낚시터랜드",전남광주통합특별시 나주시 산포면 등정리 557-2 활주로낚시터랜드,35.0467,126.8193,,1025,"붕어, 잉어",60,없음,"2시간 10,000원 (추가시 1시간 5,000원)",,"구명부환, 소화기, 구급약품세트","화장실, 분리수거통",,,전남광주통합특별시 나주시,2025-10-29,I,2026-07-01 12:45:40,2025-10-29 17:24:26
5805000,202058050001000002,붕어의 신 실내낚시터,기타,전남광주통합특별시 동구 중앙로 157(호남동),전남광주통합특별시 동구 호남동 35-3,35.1482834401,126.9129881220,,60.2,붕어,28,고정형,"10,000원",,"소화기, 구급약품, 배수설비, 전기설비",화장실+휴게시설,,062-608-2724,전남광주통합특별시 동구청,2020-07-10,I,2026-07-01 10:43:01,2020-07-10 15:23:19
5810000,202358100001000001,상무낚시터,기타,전남광주통합특별시 서구 유덕로141번길 31-1,전남광주통합특별시 서구 덕흥동 26-1,35.16357724,126.8386542,062-373-0558,380,붕어+잉어,20,고정형,"1일 10,000원",,구명부환+소화기+구급약품+방송설비,화장실+쓰레기통,,062-360-7373,전남광주통합특별시 서구청,2023-06-20,I,2026-07-01 11:15:32,2023-06-20 08:53:07
5825000,202358250001000001,신가리낚시터,기타,전남광주통합특별시 광산구 풍영철길로 190-23 (신가동),전남광주통합특별시 광산구 신가동 200-181,35.17240056,126.8285034,062-956-7752,1350,잉어류,120,해당없음,"어른 15,000원(5기간 기준) 어린이 8,000원(1기간 기준)",,방송시설 등,화장실  등 위생설비,,,전남광주통합특별시 광산구청,2023-03-07,I,2026-07-16 12:38:11,2023-03-07 16:30:23
5845000,202158450001000001,거금해양낚시공원,바다,전남광주통합특별시 고흥군 금산면 신촌내동길 18-132,전남광주통합특별시 고흥군 금산면 신촌리 1100,34.46942797,127.104524,061-843-6060,1300,"감성돔, 노래미",80,"해상낚시터,해상펜션","성인20,000원,청소년10,000원",,안전펜스 등,"해상낚시터, 해상펜션, 황토방","소록도, 녹동항",061-830-5327,고흥군청,2021-10-20,I,2026-07-01 13:14:46,2021-10-20 15:01:36
5855000,202658550001000002,청풍낚시터,평지,전남광주통합특별시 화순군 청풍면 차풍로 370,전남광주통합특별시 화순군 청풍면 차풍로 370,34.90460529,126.9802482,061-373-9808,2702,잉어+붕어+메기,80,고정형,20000,,구명부환+소화기+구급약품,화장실+주차장,"도곡온천,운주사",061-379-3686,전남광주통합특별시 화순군,2026-05-11,I,2026-07-01 13:30:29,2026-05-11 17:43:40
5855000,202658550001000001,앵남낚시터,평지,전남광주통합특별시 화순군 화순읍 앵무동1길 132,전남광주통합특별시 화순군 화순읍 앵남리 21-3,35.05032669,126.924278,061-374-9554,862,잉어+붕어+향어,50,고정형,15000,,구명부환+소화기+구급약품,화장실+주차장,"도곡온천,운주사",061-379-3686,전남광주통합특별시 화순군,2026-05-11,I,2026-07-01 13:30:29,2026-05-11 17:43:40
5860000,202458600001000001,정남진 해양낚시공원,바다,"전남광주통합특별시 장흥군 회진면 해양낚시길 137, 해양낚시공원관리사무소",전남광주통합특별시 장흥군 회진면 대리 115-12 해양낚시공원관리사무소,34.470278,126.976944,061-867-0555,72000,감성돔+광어,50,잔교형,"성인 20,000원, 청소년 10,000원",,구멍부환+구명조끼+소화기+구급약품,화장실+쓰레기분리수거통+세면소,"천관산,  편백숲우드랜드",061-860-5993,전남광주통합특별시 장흥군청,2025-10-23,I,2026-07-01 13:23:03,2025-10-23 17:07:56
5865000,202358650001000002,서중어촌체험마을,바다,전남광주통합특별시 강진군 마량면 까막섬로 75-7,전남광주통합특별시 강진군 마량면 마량리 1275-18,34.47072,126.82785,,647,"장어, 돔 등",40,낚시체험바지,"1박2일 숙박 기준 : (8명)250,000원+(6명)180,000원+(4명)150,000원+(2명)100,000원",,"구명조끼, 소화기 등",관리선1척,,,서중어촌계,2023-07-20,I,2026-07-01 13:24:01,2023-07-21 16:44:57
5865000,202358650001000001,가우도 복합낚시공원,바다,전남광주통합특별시 강진군 도암면 가우도길 2-13,전남광주통합특별시 강진군 도암면 신기리 산 35-2,34.56687,126.72371,,277,"강성돔, 농어, 붕장어 등",30,부잔교 낚시터,"성인10,000원+청소년5,000원",,"구명부환, 난간보호대 전등 등","매점, 화장실, 세면실",,,전남광주통합특별시 강진군,2023-07-20,I,2026-07-01 13:24:01,2023-07-21 16:44:57
5870000,202358700001000005,해남화원낚시터,바다,"전남광주통합특별시 해남군 화원면 영호길 42-7, 민물과 바다",전남광주통합특별시 해남군 화원면 영호리 2-2 민물과 바다,,,,540,돔류,30,연안방갈로,,,"구명부환, 소화기, 구명조끼 등","화장실, 휴게실등",,,해남군청,2024-08-09,I,2026-07-01 13:29:58,2024-08-09 14:44:21
5870000,202358700001000003,해남별암낚시터,바다,"전남광주통합특별시 해남군 화원면 영호길 42-7, 민물과 바다",전남광주통합특별시 해남군 화원면 영호리 2-2 민물과 바다,,,,540,돔류,31,연안방갈로,,,"구명부환,소화기, 구명조끼 등","화장실, 휴게실 등",,,해남군청,2024-08-09,I,2026-07-01 13:29:58,2024-08-09 14:44:35
5870000,202358700001000004,현대바다낚시터,바다,"전남광주통합특별시 해남군 화원면 영호길 42-7, 민물과 바다",전남광주통합특별시 해남군 화원면 영호리 2-2 민물과 바다,,,,540,돔류,34,연안방갈로,,,"구명부환, 소화기, 구명조끼 등","화장실, 휴게실등",,,해남군청,2024-08-09,I,2026-07-01 13:29:58,2024-08-09 14:44:28
5870000,202358700001000002,목포바지선포인트선상,바다,"전남광주통합특별시 해남군 화원면 영호길 42-7, 민물과 바다",전남광주통합특별시 해남군 화원면 영호리 2-2 민물과 바다,,,,462,돔류,30,연안방갈로,,,"구명부환, 소화기, 구급약품 등","화장실, 휴게실 등",,,해남군청,2024-08-09,I,2026-07-01 13:29:58,2024-08-09 14:44:42
5870000,202558700001000003,해남바다낚시터3호,바다,"전남광주통합특별시 해남군 화원면 영호길 42-17, 대광낚시",전남광주통합특별시 해남군 화원면 영호리 2-26 대광낚시,,,,480,갈치,20,수상방갈로,,,"구명조끼, 구명부환, 소화기","화장실, 휴게실, 세면소",,,해남군청,2025-10-29,I,2026-07-01 13:29:58,2025-10-29 12:01:32
5870000,202558700001000002,고릴라피싱 낚시터2,바다,전남광주통합특별시 해남군 화원면 영호길 42-27,전남광주통합특별시 해남군 화원면 영호리 2-19,,,,540,갈치,40,수상방갈로,,,"구명조끼, 구명부환, 소화기","휴게실, 화장실, 주방",,,해남군청,2025-10-29,I,2026-07-01 13:29:58,2025-10-29 11:55:19
5870000,202558700001000001,고릴라피싱 낚시터,바다,전남광주통합특별시 해남군 화원면 영호길 42-27,전남광주통합특별시 해남군 화원면 영호리 2-19,,,,540,갈치,40,수상방갈로,,,"구명조끼, 구명부환, 소화기","휴게실, 화장실, 주방",,,해남군청,2025-10-29,I,2026-07-01 13:29:58,2025-10-29 11:51:54
5870000,202458700001000001,해남바다낚시터2호,바다,"전남광주통합특별시 해남군 화원면 영호길 42-17, 대광낚시",전남광주통합특별시 해남군 화원면 영호리 2-26 대광낚시,,,,207,갈치,10,수상방갈로,,,통신장비+안전사다리 등,휴게실+세면소 등,,,해남군청,2024-08-02,I,2026-07-01 13:29:58,2024-08-02 12:19:26
5870000,202358700001000001,대광낚시터,바다,"전남광주통합특별시 해남군 화원면 영호길 42-17, 대광낚시",전남광주통합특별시 해남군 화원면 영호리 2-26 대광낚시,,,,540,돔류,30,연안방갈로,,,"핸드레일,구명부환,소화기, 구급약품 등","화장실, 휴게실 등",,,해남군청,2024-08-09,I,2026-07-01 13:29:58,2024-08-09 14:44:50
5870000,202458700001000002,해남화원낚시터2,바다,전남광주통합특별시 해남군 화원면 영호길 78,전남광주통합특별시 해남군 화원면 영호리 973-4,,,,540,갈치,31,수상방갈로,,,통신장비+안전사다리등,휴게실+화장실+창고+세면대 등,,,해남군청,2024-08-02,I,2026-07-01 13:29:58,2024-08-02 12:31:55
5870000,202358700001000007,현대낚시터,바다,"전남광주통합특별시 해남군 화원면 영호길 42-7, 민물과 바다",전남광주통합특별시 해남군 화원면 영호리 2-2 민물과 바다,,,,540,돔류,30,연안방갈로,,,"구명부환, 소화기, 구명조끼 등","화장실, 휴게실 등",,,해남군청,2024-08-09,I,2026-07-01 13:29:58,2024-08-09 14:44:06
5870000,202358700001000006,대광낚시터 2호,바다,"전남광주통합특별시 해남군 화원면 영호길 42-7, 민물과 바다",전남광주통합특별시 해남군 화원면 영호리 2-2 민물과 바다,,,,540,돔류,30,연안방갈로,,,"구명부환, 소화기, 구명조끼 등","화장실, 휴게실 등",,,해남군청,2024-08-09,I,2026-07-01 13:29:58,2024-08-09 14:44:15
5870000,202058700001000002,해남바다낚시터,바다,"전남광주통합특별시 해남군 화원면 영호길 42-18, 구성리 지선",전남광주통합특별시 해남군 화원면 영호리 2-35,,,,480,갈치,30,수산방갈로,,,핸드레일+틍신장비+안전사다리 등,휴게실(방갈로)+화장실+세면대+창고,,061-530-5420,해남군청,2024-08-09,I,2026-07-01 13:29:58,2024-08-09 14:45:07
5880000,202658800001000003,늘푸른낚시,바다,전남광주통합특별시 무안군 운남면 운해로 1,전남광주통합특별시 무안군 운남면 성내리 328-5,34.91535387,126.3384729,,20000,감성돔,80,부유형,"(인당)25,000원",,구명부환+구명조끼+소화기+구급약품,쓰레기통+화장실,,,전남광주통합특별시 무안군청,2026-05-21,I,2026-07-01 13:45:13,2026-05-21 10:12:50
5880000,202658800001000002,늘푸른해상낚시펜션,바다,전남광주통합특별시 무안군 운남면 운해로 1,전남광주통합특별시 무안군 운남면 성내리 328-5,34.91535387,126.3384729,061-452-4560,11000,감성돔,30,부유형,"(인당)40,000원",,구명부환+구명조끼+소화기+구급약품,쓰레기통+화장실,,,전남광주통합특별시 무안군청,2026-05-21,I,2026-07-01 13:45:13,2026-05-21 10:12:50
5880000,202658800001000001,홀통낚시터,바다,전남광주통합특별시 무안군 현경면 홀통길 198-1,전남광주통합특별시 무안군 현경면 오류리 1367,35.06163962,126.3321694,061-452-5660,13000,감성돔,53,부유형,"(인당)40,000원",,구명부환+구명조끼+소화기+구급약품,쓰레기통+화장실,,,전남광주통합특별시 무안군청,2026-05-21,I,2026-07-01 13:45:13,2026-05-21 10:12:49
5880000,202658800001000004,여울섬낚시체험장,바다,전남광주통합특별시 무안군 망운면 탄도리 지선,,34.9953463,126.335624,,268.2,감성돔,20,부유형,"(인당)10,000원",,구명부환+구명조끼+소화기+구급약품,쓰레기통+화장실,,,전남광주통합특별시 무안군청,2026-05-21,I,2026-07-01 13:45:13,2026-05-21 10:12:50
5880000,202658800001000005,피쉬캐슬,기타,전남광주통합특별시 무안군 해제면 양월리 856,전남광주통합특별시 무안군 해제면 양월리 856,34.104099,126.155445,,1005,"붕어, 잉어, 가물치 등",24,부유형,"(인당)15,000원",,구명부환+구명조끼+소화기+구급약품,쓰레기통+화장실,,,전남광주통합특별시 무안군청,2026-05-21,I,2026-07-01 13:45:13,2026-05-21 10:12:50
5895000,202158950001000001,홍길동낚시터,평지,전남광주통합특별시 장성군 삼서면 영장로 2103,전남광주통합특별시 장성군 삼서면 홍정리 85,35.2346229,126.701275,061-392-2738,1206,붕어,100,실내낚시터,10000,실내낚시터,구명조끼,휴게소,홍길동생가터,061-390-8423,장성군청,2024-07-31,I,2026-07-01 14:02:21,2024-07-30 10:34:12
5895000,202158950001000002,황룡강낚시터,평지,전남광주통합특별시 장성군 장성읍 강변안길 18,전남광주통합특별시 장성군 장성읍 기산리 491-6,35.297111,126.775019,061-394-0023,1347,붕어,100,실내낚시터,10000,실내낚시터,구명조끼,휴게소,홍길동생가터,061-390-8423,장성군청,2024-07-31,I,2026-07-01 14:02:21,2024-07-30 10:34:01
5910000,202359100001000006,콜낚시,바다,전남광주통합특별시 신안군 압해읍 장감길 220,전남광주통합특별시 신안군 압해읍 장감리 529-14,34.49603,126.193624,,150,"돔, 장어 등",18,수상좌대,"(평일)30,000원",,"구명조끼, 구명부환, 소화기, 구급약품 등",화장실,,061-240-8212,전남광주통합특별시 신안군청,2026-05-20,I,2026-07-01 14:09:52,2026-05-20 09:36:32
5910000,202359100001000007,나룻가낚시터,바다,"전남광주통합특별시 신안군 압해읍 복룡로 688-4, 나룻가횟집",전남광주통합특별시 신안군 압해읍 복룡리 144-13 나룻가횟집,34.5422629,126.2031165,,309,"돔, 농어, 우럭 등",40,수상좌대,"(평일)30,000원",,"구명조끼, 구명부환, 소화기, 구급약품 등",화장실,,061-240-8212,전남광주통합특별시 신안군청,2026-05-20,I,2026-07-01 14:09:52,2026-05-20 09:35:54
5910000,202359100001000010,복용낚시터,바다,전남광주통합특별시 신안군 압해읍 복룡로 688-8,전남광주통합특별시 신안군 압해읍 복룡리 144-14,34.5441767,126.1947507,,540,"돔, 장어 등",40,수상좌대,"(평일)30,000원",,"구명조끼, 구명부환, 소화기, 구급약품 등",화장실,,061-240-8212,전남광주통합특별시 신안군청,2026-05-20,I,2026-07-01 14:09:52,2026-05-20 09:35:34
5910000,202359100001000009,해성낚시터,바다,전남광주통합특별시 신안군 압해읍 천사로 15,전남광주통합특별시 신안군 압해읍 신장리 산 154-5,34.483486,126.20913,,100,"돔, 장어 등",10,수상좌대,"(평일)30,000원",,"구명조끼, 구명부환, 소화기, 구급약품 등",화장실,,061-240-8212,전남광주통합특별시 신안군청,2026-05-20,I,2026-07-01 14:09:52,2026-05-20 09:35:40
5910000,202359100001000008,신안낚시터,바다,"전남광주통합특별시 신안군 압해읍 복룡로 688-6, 복룡횟집",전남광주통합특별시 신안군 압해읍 복룡리 144-4 복룡횟집,34.90533275,126.3383433,,147,"돔, 장어 등",35,수상좌대,"(평일)30,000원",,"구명조끼, 구명부환, 소화기, 구급약품 등",화장실,,061-240-8212,전남광주통합특별시 신안군청,2026-05-20,I,2026-07-01 14:09:52,2026-05-20 09:35:27
6510000,202365100001000002,올레바당체험마을,바다,,제주특별자치도 제주시 한림읍 수원리 724-5,33.4254371146,126.264092871,,144,돌돔+넙치,16,수상시설물A동+B동,12000원,,구명부환+구명조끼+소화기+ 구급약품함,화장실+세면소,,,제주특별자치도 제주시청,2023-12-22,I,2026-05-15 18:45:51,2023-12-26 10:52:27
6510000,202365100001000001,낚고락고,바다,제주특별자치도 제주시 조천읍 조함해안로 247-2,제주특별자치도 제주시 조천읍 신흥리 711-1,33.5512632634,126.646943056,,2780,돌돔+넙치,85,가두리낚시터,20000원,,구명부환+구명조끼+소화기+ 구급약품함,화장실+분리수거통,,,제주특별자치도 제주시청,2023-12-22,I,2026-05-15 18:45:51,2023-12-26 10:50:51
